gene_id,gene_name,baseMean,log2FoldChange,lfcSE,pvalue,padj
ENSG00010000000,TP53,99.01,0.1434,0.2388,5.483e-1,8.475e-1
ENSG00010000001,MYC,154.21,-0.4546,0.2241,4.248e-2,1.934e-1
ENSG00010000002,CD8A,124.49,0.2050,0.1837,2.644e-1,6.206e-1
ENSG00010000003,IL6,31.51,-0.0072,0.1647,9.651e-1,9.896e-1
ENSG00010000004,STAT1,246.30,-0.2605,0.2530,3.032e-1,6.660e-1
ENSG00010000005,FOXP3,6.18,0.1020,0.1900,5.914e-1,8.661e-1
ENSG00010000006,GAPDH,6.88,0.3635,0.2400,1.298e-1,4.206e-1
ENSG00010000007,ACTB,4.63,0.3442,0.1459,1.831e-2,1.005e-1
ENSG00010000008,VEGFA,1103.15,-0.5390,0.4113,1.901e-1,5.144e-1
ENSG00010000009,EGFR,17.49,1.8684,0.2127,1.000e-300,1.471e-299
ENSG00010000010,BRCA1,325.21,0.0214,0.1801,9.053e-1,9.732e-1
ENSG00010000011,CDKN1A,1739.26,0.0525,0.2340,8.223e-1,9.517e-1
ENSG00010000012,MKI67,26.59,0.0689,0.2097,7.424e-1,9.336e-1
ENSG00010000013,PTEN,445.48,-0.1354,0.2467,5.831e-1,8.618e-1
ENSG00010000014,KRAS,84.15,0.2726,0.1704,1.096e-1,3.785e-1
ENSG00010000015,JUN,2.80,-1.4054,0.1233,1.000e-300,1.471e-299
ENSG00010000016,FOS,1997.13,-0.1762,0.1813,3.310e-1,6.916e-1
ENSG00010000017,NFKB1,35.15,-0.1317,0.3089,6.697e-1,8.994e-1
ENSG00010000018,CCND1,1174.38,0.7128,0.2165,9.927e-4,7.335e-3
ENSG00010000019,BAX,2307.32,0.1531,0.3443,6.566e-1,8.910e-1
ENSG00010000020,BCL2,216.59,0.3523,0.2074,8.936e-2,3.365e-1
ENSG00010000021,SOD2,81.41,0.1007,0.2542,6.920e-1,9.101e-1
ENSG00010000022,HIF1A,1835.60,-0.4109,0.1584,9.495e-3,5.685e-2
ENSG00010000023,TNF,9.22,-0.0621,0.1307,6.344e-1,8.849e-1
ENSG00010000024,IFNG,1623.30,-0.4124,0.2509,1.002e-1,3.623e-1
ENSG00010000025,CXCL10,10.71,0.0337,0.1831,8.539e-1,9.619e-1
ENSG00010000026,MMP9,445.19,-0.4940,0.2120,1.977e-2,1.063e-1
ENSG00010000027,COL1A1,393.16,0.0384,0.3708,9.176e-1,9.768e-1
ENSG00010000028,ALB,2316.37,-0.1785,0.2787,5.219e-1,8.324e-1
ENSG00010000029,INS,9.06,0.0074,0.2435,9.757e-1,9.920e-1
ENSG00010000030,GENE0031,3261.66,2.8308,0.3178,1.000e-300,1.471e-299
ENSG00010000031,GENE0032,15.40,-0.4562,0.4336,2.927e-1,6.576e-1
ENSG00010000032,GENE0033,5.14,0.0777,0.1597,6.265e-1,8.813e-1
ENSG00010000033,GENE0034,28.81,0.3433,0.3584,3.382e-1,6.994e-1
ENSG00010000034,GENE0035,3864.52,-0.1844,0.2443,4.503e-1,7.861e-1
ENSG00010000035,GENE0036,12.52,0.0027,0.2154,9.901e-1,9.960e-1
ENSG00010000036,GENE0037,77.76,0.0347,0.2483,8.889e-1,9.673e-1
ENSG00010000037,GENE0038,48.75,-0.1668,0.1407,2.358e-1,5.857e-1
ENSG00010000038,GENE0039,282.41,-0.0937,0.2603,7.190e-1,9.228e-1
ENSG00010000039,GENE0040,38.56,-0.2483,0.1862,1.823e-1,5.040e-1
ENSG00010000040,GENE0041,19.07,0.0272,0.2033,8.936e-1,9.692e-1
ENSG00010000041,GENE0042,9.92,0.0801,0.1822,6.602e-1,8.931e-1
ENSG00010000042,GENE0043,16.75,-0.5049,0.2402,3.552e-2,1.697e-1
ENSG00010000043,GENE0044,2425.70,-0.0334,0.1202,7.812e-1,9.471e-1
ENSG00010000044,GENE0045,1581.95,0.0943,0.2965,7.504e-1,9.351e-1
ENSG00010000045,GENE0046,88.84,0.0644,0.2107,7.600e-1,9.392e-1
ENSG00010000046,GENE0047,16.49,0.0495,0.1268,6.964e-1,9.127e-1
ENSG00010000047,GENE0048,139.68,0.4190,0.2279,6.600e-2,2.754e-1
ENSG00010000048,GENE0049,6.40,0.3175,0.2114,1.331e-1,4.252e-1
ENSG00010000049,GENE0050,416.56,0.1474,0.3566,6.792e-1,9.055e-1
ENSG00010000050,GENE0051,324.97,-0.3334,0.2249,1.382e-1,4.355e-1
ENSG00010000051,GENE0052,52.89,-0.0426,0.1854,8.182e-1,9.507e-1
ENSG00010000052,GENE0053,42.78,-0.2458,0.2394,3.044e-1,6.660e-1
ENSG00010000053,GENE0054,1335.73,-0.0361,0.1759,8.372e-1,9.561e-1
ENSG00010000054,GENE0055,24.33,2.3082,0.1803,1.000e-300,1.471e-299
ENSG00010000055,GENE0056,1769.17,0.2394,0.0911,8.571e-3,5.205e-2
ENSG00010000056,GENE0057,24.49,0.4524,0.1206,1.751e-4,1.412e-3
ENSG00010000057,GENE0058,82.77,0.0527,0.1993,7.915e-1,9.477e-1
ENSG00010000058,GENE0059,943.77,-0.2423,0.3685,5.109e-1,8.271e-1
ENSG00010000059,GENE0060,96.77,-0.0271,0.2750,9.216e-1,9.783e-1
ENSG00010000060,GENE0061,40.11,0.1430,0.1577,3.643e-1,7.257e-1
ENSG00010000061,GENE0062,25.90,-0.2586,0.1835,1.586e-1,4.711e-1
ENSG00010000062,GENE0063,84.27,0.4621,0.2061,2.496e-2,1.267e-1
ENSG00010000063,GENE0064,2957.15,0.4141,0.1762,1.876e-2,1.021e-1
ENSG00010000064,GENE0065,142.35,0.0293,0.1998,8.834e-1,9.658e-1
ENSG00010000065,GENE0066,34.45,-2.1280,0.1791,1.000e-300,1.471e-299
ENSG00010000066,GENE0067,7.85,-0.0700,0.2679,7.940e-1,9.486e-1
ENSG00010000067,GENE0068,1042.94,0.3002,0.2972,3.124e-1,6.700e-1
ENSG00010000068,GENE0069,13.12,0.2890,0.1235,1.932e-2,1.044e-1
ENSG00010000069,GENE0070,81.28,2.1489,0.2110,1.000e-300,1.471e-299
ENSG00010000070,GENE0071,3338.07,-0.4853,0.2855,8.911e-2,3.362e-1
ENSG00010000071,GENE0072,29.02,0.0905,0.2322,6.967e-1,9.127e-1
ENSG00010000072,GENE0073,3022.15,0.1316,0.3764,7.266e-1,9.276e-1
ENSG00010000073,GENE0074,1713.04,-0.4547,0.1966,2.070e-2,1.103e-1
ENSG00010000074,GENE0075,1126.28,-0.2312,0.2682,3.886e-1,7.471e-1
ENSG00010000075,GENE0076,176.30,-0.3564,0.1722,3.845e-2,1.794e-1
ENSG00010000076,GENE0077,3832.89,-0.0307,0.1946,8.746e-1,9.634e-1
ENSG00010000077,GENE0078,292.21,0.0621,0.2418,7.972e-1,9.490e-1
ENSG00010000078,GENE0079,1972.33,0.2750,0.3232,3.949e-1,7.517e-1
ENSG00010000079,GENE0080,41.03,0.2129,0.2962,4.723e-1,7.992e-1
ENSG00010000080,GENE0081,1626.30,0.0765,0.3925,8.455e-1,9.581e-1
ENSG00010000081,GENE0082,3056.32,-0.0879,0.1005,3.819e-1,7.437e-1
ENSG00010000082,GENE0083,836.63,0.2828,0.1414,4.547e-2,2.033e-1
ENSG00010000083,GENE0084,1329.30,-0.3724,0.2277,1.020e-1,3.659e-1
ENSG00010000084,GENE0085,7.90,0.1833,0.2528,4.684e-1,7.973e-1
ENSG00010000085,GENE0086,87.87,0.1448,0.2704,5.924e-1,8.661e-1
ENSG00010000086,GENE0087,177.76,0.0845,0.2111,6.889e-1,9.083e-1
ENSG00010000087,GENE0088,6.58,-2.3754,0.3160,5.596e-14,7.528e-13
ENSG00010000088,GENE0089,406.59,0.2522,0.1502,9.321e-2,3.461e-1
ENSG00010000089,GENE0090,480.59,0.3210,0.3744,3.913e-1,7.500e-1
ENSG00010000090,GENE0091,2328.41,0.1317,0.3293,6.891e-1,9.083e-1
ENSG00010000091,GENE0092,200.95,-2.1031,0.2458,1.000e-300,1.471e-299
ENSG00010000092,GENE0093,24.37,-0.1840,0.2500,4.616e-1,7.966e-1
ENSG00010000093,GENE0094,272.29,-0.0828,0.2019,6.818e-1,9.055e-1
ENSG00010000094,GENE0095,2289.35,0.1761,0.2113,4.045e-1,7.562e-1
ENSG00010000095,GENE0096,28.73,-1.3380,0.2612,3.024e-7,2.964e-6
ENSG00010000096,GENE0097,276.21,-0.5760,0.1674,5.804e-4,4.386e-3
ENSG00010000097,GENE0098,5.14,0.0196,0.2083,9.252e-1,9.787e-1
ENSG00010000098,GENE0099,16.03,-0.3068,0.1763,8.183e-2,3.168e-1
ENSG00010000099,GENE0100,7.38,0.1513,0.1456,2.985e-1,6.629e-1
ENSG00010000100,GENE0101,1028.94,-0.1853,0.1569,2.377e-1,5.875e-1
ENSG00010000101,GENE0102,10.92,-0.4939,0.2807,7.847e-2,3.077e-1
ENSG00010000102,GENE0103,985.94,0.1474,0.3087,6.331e-1,8.846e-1
ENSG00010000103,GENE0104,277.34,0.2645,0.1802,1.422e-1,4.424e-1
ENSG00010000104,GENE0105,147.21,0.0213,0.2051,9.174e-1,9.768e-1
ENSG00010000105,GENE0106,216.65,-0.5329,0.1845,3.877e-3,2.562e-2
ENSG00010000106,GENE0107,558.42,0.1812,0.1552,2.430e-1,5.921e-1
ENSG00010000107,GENE0108,98.65,-0.1884,0.2694,4.844e-1,8.056e-1
ENSG00010000108,GENE0109,15.40,0.1514,0.2463,5.388e-1,8.423e-1
ENSG00010000109,GENE0110,3611.16,0.0250,0.1944,8.978e-1,9.712e-1
ENSG00010000110,GENE0111,303.55,-0.0320,0.2698,9.055e-1,9.732e-1
ENSG00010000111,GENE0112,3422.19,0.0366,0.2761,8.946e-1,9.696e-1
ENSG00010000112,GENE0113,123.27,0.0516,0.1539,7.373e-1,9.325e-1
ENSG00010000113,GENE0114,22.02,0.2121,0.2938,4.704e-1,7.978e-1
ENSG00010000114,GENE0115,43.24,-0.5483,0.1693,1.202e-3,8.795e-3
ENSG00010000115,GENE0116,6.10,0.0523,0.2925,8.581e-1,9.620e-1
ENSG00010000116,GENE0117,860.94,-0.1022,0.3400,7.637e-1,9.408e-1
ENSG00010000117,GENE0118,542.93,2.0094,0.1636,1.000e-300,1.471e-299
ENSG00010000118,GENE0119,129.54,-0.4728,0.3004,1.155e-1,3.931e-1
ENSG00010000119,GENE0120,366.48,-2.2407,0.2391,1.000e-300,1.471e-299
ENSG00010000120,GENE0121,62.46,-0.4419,0.2888,1.261e-1,4.111e-1
ENSG00010000121,GENE0122,275.34,0.1287,0.3031,6.712e-1,9.005e-1
ENSG00010000122,GENE0123,125.53,-1.9541,0.2846,6.616e-12,7.876e-11
ENSG00010000123,GENE0124,719.34,-0.2785,0.1772,1.160e-1,3.933e-1
ENSG00010000124,GENE0125,2747.39,0.1678,0.1635,3.049e-1,6.662e-1
ENSG00010000125,GENE0126,1238.81,-2.2071,0.1777,1.000e-300,1.471e-299
ENSG00010000126,GENE0127,394.02,-0.1957,0.2082,3.473e-1,7.079e-1
ENSG00010000127,GENE0128,418.09,0.0893,0.1948,6.466e-1,8.874e-1
ENSG00010000128,GENE0129,1321.86,0.1658,0.3319,6.174e-1,8.769e-1
ENSG00010000129,GENE0130,6.86,0.1069,0.1828,5.588e-1,8.518e-1
ENSG00010000130,GENE0131,1673.37,0.2313,0.3384,4.943e-1,8.131e-1
ENSG00010000131,GENE0132,1422.10,0.1015,0.2172,6.402e-1,8.857e-1
ENSG00010000132,GENE0133,22.74,0.0042,0.1907,9.823e-1,9.946e-1
ENSG00010000133,GENE0134,6.64,-0.4820,0.3474,1.653e-1,4.839e-1
ENSG00010000134,GENE0135,57.33,-0.0826,0.2996,7.827e-1,9.471e-1
ENSG00010000135,GENE0136,1137.89,0.1843,0.2415,4.454e-1,7.825e-1
ENSG00010000136,GENE0137,1732.09,-0.0472,0.2051,8.182e-1,9.507e-1
ENSG00010000137,GENE0138,115.51,0.0198,0.2483,9.364e-1,9.787e-1
ENSG00010000138,GENE0139,39.08,0.3474,0.3140,2.685e-1,6.268e-1
ENSG00010000139,GENE0140,13.49,0.2312,0.1698,1.733e-1,4.935e-1
ENSG00010000140,GENE0141,919.87,-0.1606,0.1912,4.009e-1,7.546e-1
ENSG00010000141,GENE0142,54.52,-0.1593,0.1894,4.002e-1,7.546e-1
ENSG00010000142,GENE0143,13.55,0.2602,0.2237,2.447e-1,5.940e-1
ENSG00010000143,GENE0144,191.96,-0.0956,0.1848,6.049e-1,8.689e-1
ENSG00010000144,GENE0145,4.96,0.2774,0.1965,1.582e-1,4.703e-1
ENSG00010000145,GENE0146,3.90,-0.1166,0.2469,6.366e-1,8.857e-1
ENSG00010000146,GENE0147,885.32,0.9038,0.1758,2.713e-7,2.668e-6
ENSG00010000147,GENE0148,1352.24,-0.1156,0.2590,6.554e-1,8.905e-1
ENSG00010000148,GENE0149,385.78,-0.6009,0.2559,1.889e-2,1.027e-1
ENSG00010000149,GENE0150,1330.55,0.1373,0.1628,3.990e-1,7.546e-1
ENSG00010000150,GENE0151,69.33,0.2600,0.2021,1.984e-1,5.283e-1
ENSG00010000151,GENE0152,498.30,-0.4055,0.2274,7.458e-2,2.971e-1
ENSG00010000152,GENE0153,2912.78,-0.4378,0.1498,3.469e-3,2.328e-2
ENSG00010000153,GENE0154,329.71,0.1831,0.2603,4.818e-1,8.052e-1
ENSG00010000154,GENE0155,43.87,-0.3718,0.1579,1.858e-2,1.015e-1
ENSG00010000155,GENE0156,18.55,-0.3904,0.2513,1.203e-1,3.989e-1
ENSG00010000156,GENE0157,133.56,-0.2734,0.1789,1.264e-1,4.113e-1
ENSG00010000157,GENE0158,229.43,0.3482,0.2361,1.404e-1,4.396e-1
ENSG00010000158,GENE0159,20.62,-0.0604,0.2207,7.844e-1,9.471e-1
ENSG00010000159,GENE0160,68.33,-0.5826,0.3084,5.890e-2,2.524e-1
ENSG00010000160,GENE0161,294.81,0.0718,0.1864,7.003e-1,9.146e-1
ENSG00010000161,GENE0162,86.04,-0.1359,0.1868,4.667e-1,7.966e-1
ENSG00010000162,GENE0163,388.62,0.1728,0.1705,3.107e-1,6.700e-1
ENSG00010000163,GENE0164,1398.78,0.0797,0.2470,7.468e-1,9.339e-1
ENSG00010000164,GENE0165,300.79,-0.5551,0.2510,2.697e-2,1.349e-1
ENSG00010000165,GENE0166,15.94,0.1061,0.1643,5.185e-1,8.318e-1
ENSG00010000166,GENE0167,43.24,0.1367,0.2821,6.281e-1,8.814e-1
ENSG00010000167,GENE0168,25.77,-0.1642,0.2256,4.668e-1,7.966e-1
ENSG00010000168,GENE0169,10.48,0.0274,0.1802,8.790e-1,9.641e-1
ENSG00010000169,GENE0170,295.57,0.0809,0.2858,7.771e-1,9.446e-1
ENSG00010000170,GENE0171,95.75,-0.0142,0.3810,9.703e-1,9.915e-1
ENSG00010000171,GENE0172,38.30,-0.0655,0.3911,8.670e-1,9.620e-1
ENSG00010000172,GENE0173,81.23,-0.2242,0.1638,1.711e-1,4.910e-1
ENSG00010000173,GENE0174,801.08,-0.5346,0.2622,4.143e-2,1.900e-1
ENSG00010000174,GENE0175,11.87,0.0652,0.2002,7.447e-1,9.336e-1
ENSG00010000175,GENE0176,5.44,0.0079,0.2646,9.761e-1,9.920e-1
ENSG00010000176,GENE0177,160.06,0.2298,0.2913,4.301e-1,7.713e-1
ENSG00010000177,GENE0178,467.59,-0.0534,0.1980,7.873e-1,9.471e-1
ENSG00010000178,GENE0179,8.82,0.2281,0.2252,3.112e-1,6.700e-1
ENSG00010000179,GENE0180,474.13,0.0790,0.2493,7.514e-1,9.357e-1
ENSG00010000180,GENE0181,52.56,-0.5409,0.2746,4.882e-2,2.163e-1
ENSG00010000181,GENE0182,1654.54,-0.1316,0.2437,5.892e-1,8.653e-1
ENSG00010000182,GENE0183,136.06,-0.2475,0.3204,4.399e-1,7.777e-1
ENSG00010000183,GENE0184,3903.09,-0.1988,0.1874,2.886e-1,6.554e-1
ENSG00010000184,GENE0185,8.65,-0.9993,0.1484,1.667e-11,1.961e-10
ENSG00010000185,GENE0186,703.86,-0.1270,0.1184,2.835e-1,6.491e-1
ENSG00010000186,GENE0187,3902.71,0.3814,0.1454,8.688e-3,5.265e-2
ENSG00010000187,GENE0188,800.71,0.0356,0.1878,8.497e-1,9.598e-1
ENSG00010000188,GENE0189,8.41,0.0912,0.2493,7.146e-1,9.209e-1
ENSG00010000189,GENE0190,2174.26,-3.1539,0.2173,1.000e-300,1.471e-299
ENSG00010000190,GENE0191,6.94,-0.0522,0.2113,8.048e-1,9.490e-1
ENSG00010000191,GENE0192,1484.47,0.4374,0.2353,6.305e-2,2.646e-1
ENSG00010000192,GENE0193,76.21,-0.1915,0.2266,3.981e-1,7.546e-1
ENSG00010000193,GENE0194,34.94,-1.6341,0.1741,1.000e-300,1.471e-299
ENSG00010000194,GENE0195,7433.93,1.9494,0.3564,4.533e-8,4.625e-7
ENSG00010000195,GENE0196,14.08,-0.1734,0.2033,3.937e-1,7.514e-1
ENSG00010000196,GENE0197,1687.61,-0.3592,0.2700,1.833e-1,5.049e-1
ENSG00010000197,GENE0198,139.84,0.2425,0.3887,5.327e-1,8.398e-1
ENSG00010000198,GENE0199,7131.33,3.2314,0.1845,1.000e-300,1.471e-299
ENSG00010000199,GENE0200,11.97,0.4358,0.1987,2.831e-2,1.401e-1
ENSG00010000200,GENE0201,295.64,-0.3123,0.2762,2.581e-1,6.126e-1
ENSG00010000201,GENE0202,1221.42,0.3474,0.2220,1.176e-1,3.952e-1
ENSG00010000202,GENE0203,166.55,0.0014,0.2130,9.948e-1,9.972e-1
ENSG00010000203,GENE0204,2284.80,0.1151,0.3491,7.416e-1,9.336e-1
ENSG00010000204,GENE0205,6.09,-0.0040,0.1635,9.803e-1,9.945e-1
ENSG00010000205,GENE0206,38.16,-0.1967,0.1433,1.700e-1,4.908e-1
ENSG00010000206,GENE0207,10.39,0.0953,0.2172,6.609e-1,8.936e-1
ENSG00010000207,GENE0208,1009.89,2.2034,0.2046,1.000e-300,1.471e-299
ENSG00010000208,GENE0209,256.18,-0.0673,0.1550,6.642e-1,8.953e-1
ENSG00010000209,GENE0210,298.51,0.4619,0.2937,1.157e-1,3.931e-1
ENSG00010000210,GENE0211,88.46,0.2407,0.1785,1.774e-1,4.968e-1
ENSG00010000211,GENE0212,22.73,-0.0978,0.0621,1.156e-1,3.931e-1
ENSG00010000212,GENE0213,83.81,-0.1636,0.2439,5.025e-1,8.211e-1
ENSG00010000213,GENE0214,583.42,-0.2008,0.1622,2.158e-1,5.539e-1
ENSG00010000214,GENE0215,349.77,0.0221,0.2516,9.300e-1,9.787e-1
ENSG00010000215,GENE0216,961.82,-0.1803,0.2345,4.419e-1,7.789e-1
ENSG00010000216,GENE0217,66.10,0.4454,0.1469,2.419e-3,1.661e-2
ENSG00010000217,GENE0218,78.46,0.0693,0.1602,6.652e-1,8.953e-1
ENSG00010000218,GENE0219,260.74,1.7926,0.2967,1.532e-9,1.672e-8
ENSG00010000219,GENE0220,897.87,-0.3106,0.0878,4.058e-4,3.162e-3
ENSG00010000220,GENE0221,3628.44,0.1150,0.1326,3.858e-1,7.458e-1
ENSG00010000221,GENE0222,103.30,-0.3356,0.2654,2.061e-1,5.404e-1
ENSG00010000222,GENE0223,26.86,0.2735,0.2800,3.288e-1,6.897e-1
ENSG00010000223,GENE0224,11.41,0.1970,0.1960,3.150e-1,6.736e-1
ENSG00010000224,GENE0225,6.57,-0.1383,0.1287,2.824e-1,6.483e-1
ENSG00010000225,GENE0226,38.29,0.0071,0.1570,9.637e-1,9.887e-1
ENSG00010000226,GENE0227,1001.36,0.2146,0.3835,5.757e-1,8.614e-1
ENSG00010000227,GENE0228,113.00,-0.1587,0.2894,5.834e-1,8.618e-1
ENSG00010000228,GENE0229,24.84,-0.0488,0.2058,8.126e-1,9.507e-1
ENSG00010000229,GENE0230,542.20,-0.2859,0.1584,7.107e-2,2.889e-1
ENSG00010000230,GENE0231,911.66,-0.3881,0.3660,2.890e-1,6.554e-1
ENSG00010000231,GENE0232,2251.72,-0.3244,0.1881,8.460e-2,3.254e-1
ENSG00010000232,GENE0233,1612.16,0.1426,0.2371,5.475e-1,8.475e-1
ENSG00010000233,GENE0234,4.99,0.3220,0.2211,1.453e-1,4.468e-1
ENSG00010000234,GENE0235,21.78,0.3041,0.2036,1.352e-1,4.301e-1
ENSG00010000235,GENE0236,112.98,-0.4012,0.2901,1.667e-1,4.865e-1
ENSG00010000236,GENE0237,30.67,-0.0890,0.2215,6.880e-1,9.083e-1
ENSG00010000237,GENE0238,5.44,0.0200,0.2152,9.261e-1,9.787e-1
ENSG00010000238,GENE0239,113.97,-0.3870,0.2076,6.228e-2,2.624e-1
ENSG00010000239,GENE0240,25.40,0.0129,0.3039,9.662e-1,9.898e-1
ENSG00010000240,GENE0241,354.98,0.1612,0.2273,4.783e-1,8.025e-1
ENSG00010000241,GENE0242,3705.57,0.3062,0.2179,1.599e-1,4.732e-1
ENSG00010000242,GENE0243,606.64,0.0872,0.2584,7.358e-1,9.313e-1
ENSG00010000243,GENE0244,805.36,-2.2306,0.2172,1.000e-300,1.471e-299
ENSG00010000244,GENE0245,62.30,0.0018,0.1644,9.913e-1,9.962e-1
ENSG00010000245,GENE0246,162.19,2.8900,0.3274,1.000e-300,1.471e-299
ENSG00010000246,GENE0247,192.64,0.2740,0.3565,4.421e-1,7.789e-1
ENSG00010000247,GENE0248,27.81,0.1497,0.2375,5.284e-1,8.358e-1
ENSG00010000248,GENE0249,23.89,0.4785,0.1402,6.401e-4,4.825e-3
ENSG00010000249,GENE0250,1773.64,0.0665,0.2337,7.760e-1,9.445e-1
ENSG00010000250,GENE0251,785.76,-0.3724,0.1583,1.869e-2,1.019e-1
ENSG00010000251,GENE0252,250.74,-0.2042,0.2948,4.886e-1,8.092e-1
ENSG00010000252,GENE0253,117.72,-0.0956,0.2543,7.068e-1,9.176e-1
ENSG00010000253,GENE0254,1230.91,0.6009,0.3285,6.739e-2,2.793e-1
ENSG00010000254,GENE0255,15.26,0.2495,0.1720,1.468e-1,4.490e-1
ENSG00010000255,GENE0256,770.86,0.2087,0.2530,4.093e-1,7.581e-1
ENSG00010000256,GENE0257,5.72,-0.2090,0.1558,1.799e-1,5.006e-1
ENSG00010000257,GENE0258,315.30,0.2008,0.2014,3.189e-1,6.784e-1
ENSG00010000258,GENE0259,3451.66,0.1215,0.1400,3.854e-1,7.457e-1
ENSG00010000259,GENE0260,1206.57,0.2373,0.2505,3.435e-1,7.029e-1
ENSG00010000260,GENE0261,20.03,-0.0539,0.2398,8.220e-1,9.517e-1
ENSG00010000261,GENE0262,33.08,0.2695,0.3474,4.379e-1,7.776e-1
ENSG00010000262,GENE0263,3303.88,-0.0194,0.2469,9.375e-1,9.787e-1
ENSG00010000263,GENE0264,533.66,-0.0864,0.2925,7.676e-1,9.431e-1
ENSG00010000264,GENE0265,5.43,-0.2157,0.1642,1.892e-1,5.131e-1
ENSG00010000265,GENE0266,3480.96,-0.0021,0.2207,9.923e-1,9.962e-1
ENSG00010000266,GENE0267,26.27,0.3843,0.2510,1.257e-1,4.111e-1
ENSG00010000267,GENE0268,143.12,0.1415,0.2667,5.958e-1,8.673e-1
ENSG00010000268,GENE0269,754.71,0.0941,0.2473,7.036e-1,9.149e-1
ENSG00010000269,GENE0270,1626.74,0.0656,0.2651,8.046e-1,9.490e-1
ENSG00010000270,GENE0271,193.30,-0.2229,0.2692,4.078e-1,7.577e-1
ENSG00010000271,GENE0272,707.61,-0.0579,0.2441,8.126e-1,9.507e-1
ENSG00010000272,GENE0273,933.42,0.3269,0.2198,1.370e-1,4.325e-1
ENSG00010000273,GENE0274,15.73,-0.1145,0.2212,6.048e-1,8.689e-1
ENSG00010000274,GENE0275,35.18,0.0522,0.1618,7.471e-1,9.339e-1
ENSG00010000275,GENE0276,44.03,-0.4139,0.2098,4.853e-2,2.154e-1
ENSG00010000276,GENE0277,525.48,-0.2917,0.2107,1.664e-1,4.860e-1
ENSG00010000277,GENE0278,611.79,-0.1532,0.2098,4.653e-1,7.966e-1
ENSG00010000278,GENE0279,19.83,0.5540,0.1566,4.034e-4,3.151e-3
ENSG00010000279,GENE0280,1432.80,-0.1023,0.3472,7.683e-1,9.434e-1
ENSG00010000280,GENE0281,590.78,0.2273,0.1821,2.119e-1,5.499e-1
ENSG00010000281,GENE0282,2015.51,-0.0627,0.1922,7.443e-1,9.336e-1
ENSG00010000282,GENE0283,10.37,1.7175,0.2081,1.000e-300,1.471e-299
ENSG00010000283,GENE0284,316.71,-0.2243,0.3404,5.099e-1,8.259e-1
ENSG00010000284,GENE0285,3.50,-1.2023,0.1349,1.000e-300,1.471e-299
ENSG00010000285,GENE0286,1812.81,0.0893,0.2483,7.191e-1,9.228e-1
ENSG00010000286,GENE0287,140.74,-0.2027,0.1903,2.869e-1,6.539e-1
ENSG00010000287,GENE0288,123.43,-0.3493,0.3971,3.791e-1,7.404e-1
ENSG00010000288,GENE0289,6.14,-0.3919,0.3435,2.539e-1,6.064e-1
ENSG00010000289,GENE0290,7.24,-0.1169,0.1646,4.776e-1,8.025e-1
ENSG00010000290,GENE0291,42.55,0.0992,0.2521,6.939e-1,9.115e-1
ENSG00010000291,GENE0292,60.23,0.1407,0.2568,5.838e-1,8.619e-1
ENSG00010000292,GENE0293,6.38,0.0249,0.2782,9.286e-1,9.787e-1
ENSG00010000293,GENE0294,4.57,-0.1494,0.2668,5.755e-1,8.614e-1
ENSG00010000294,GENE0295,2177.08,0.0532,0.1995,7.896e-1,9.471e-1
ENSG00010000295,GENE0296,291.98,0.3770,0.3571,2.911e-1,6.562e-1
ENSG00010000296,GENE0297,560.73,-0.2435,0.1870,1.929e-1,5.189e-1
ENSG00010000297,GENE0298,46.65,-0.0698,0.1905,7.141e-1,9.209e-1
ENSG00010000298,GENE0299,125.08,-0.0388,0.2516,8.774e-1,9.634e-1
ENSG00010000299,GENE0300,10.61,-0.3600,0.2140,9.257e-2,3.445e-1
ENSG00010000300,GENE0301,43.43,0.1769,0.1746,3.109e-1,6.700e-1
ENSG00010000301,GENE0302,5.78,-0.1743,0.2963,5.562e-1,8.509e-1
ENSG00010000302,GENE0303,93.75,-0.4029,0.2572,1.172e-1,3.952e-1
ENSG00010000303,GENE0304,15.05,-0.1790,0.2359,4.481e-1,7.846e-1
ENSG00010000304,GENE0305,74.99,-0.1451,0.2011,4.704e-1,7.978e-1
ENSG00010000305,GENE0306,1393.72,-0.1110,0.2239,6.202e-1,8.777e-1
ENSG00010000306,GENE0307,432.91,0.0556,0.2056,7.870e-1,9.471e-1
ENSG00010000307,GENE0308,970.53,0.2262,0.1620,1.626e-1,4.796e-1
ENSG00010000308,GENE0309,10.20,0.0109,0.3377,9.742e-1,9.915e-1
ENSG00010000309,GENE0310,192.70,-0.1649,0.2382,4.887e-1,8.092e-1
ENSG00010000310,GENE0311,34.73,0.2423,0.1433,9.083e-2,3.405e-1
ENSG00010000311,GENE0312,647.57,-0.2621,0.3923,5.042e-1,8.224e-1
ENSG00010000312,GENE0313,24.67,-0.1690,0.2682,5.287e-1,8.358e-1
ENSG00010000313,GENE0314,31.07,-0.2619,0.3061,3.923e-1,7.508e-1
ENSG00010000314,GENE0315,5.98,-0.2318,0.1700,1.728e-1,4.935e-1
ENSG00010000315,GENE0316,37.73,0.0991,0.2397,6.791e-1,9.055e-1
ENSG00010000316,GENE0317,1635.40,-0.1420,0.2091,4.970e-1,8.160e-1
ENSG00010000317,GENE0318,71.25,-2.2629,0.1533,1.000e-300,1.471e-299
ENSG00010000318,GENE0319,252.47,0.0792,0.1874,6.725e-1,9.011e-1
ENSG00010000319,GENE0320,27.87,0.2884,0.2645,2.754e-1,6.371e-1
ENSG00010000320,GENE0321,550.76,-0.2802,0.1802,1.200e-1,3.989e-1
ENSG00010000321,GENE0322,21.06,-2.1330,0.2602,2.220e-16,3.249e-15
ENSG00010000322,GENE0323,1604.39,2.2712,0.0982,1.000e-300,1.471e-299
ENSG00010000323,GENE0324,67.56,0.1925,0.1969,3.283e-1,6.897e-1
ENSG00010000324,GENE0325,7.49,-0.0539,0.2091,7.967e-1,9.490e-1
ENSG00010000325,GENE0326,57.68,2.8194,0.2877,1.000e-300,1.471e-299
ENSG00010000326,GENE0327,18.81,-0.3373,0.2467,1.715e-1,4.914e-1
ENSG00010000327,GENE0328,7.66,-2.7514,0.2269,1.000e-300,1.471e-299
ENSG00010000328,GENE0329,6.48,0.0028,0.1547,9.858e-1,9.951e-1
ENSG00010000329,GENE0330,3982.90,-0.2150,0.2262,3.420e-1,7.010e-1
ENSG00010000330,GENE0331,8.52,-0.1893,0.2050,3.559e-1,7.151e-1
ENSG00010000331,GENE0332,2171.66,0.0262,0.1777,8.830e-1,9.658e-1
ENSG00010000332,GENE0333,27.89,0.4531,0.1839,1.373e-2,7.881e-2
ENSG00010000333,GENE0334,366.37,-0.2443,0.2748,3.740e-1,7.339e-1
ENSG00010000334,GENE0335,14.34,0.0860,0.1607,5.927e-1,8.661e-1
ENSG00010000335,GENE0336,66.44,-0.3235,0.2346,1.679e-1,4.887e-1
ENSG00010000336,GENE0337,963.08,0.0398,0.2239,8.588e-1,9.620e-1
ENSG00010000337,GENE0338,8.26,-0.2128,0.1563,1.734e-1,4.935e-1
ENSG00010000338,GENE0339,3191.95,2.7887,0.2333,1.000e-300,1.471e-299
ENSG00010000339,GENE0340,380.07,0.7268,0.2494,3.567e-3,2.388e-2
ENSG00010000340,GENE0341,979.08,0.0517,0.1697,7.604e-1,9.392e-1
ENSG00010000341,GENE0342,1062.83,0.3006,0.3731,4.204e-1,7.645e-1
ENSG00010000342,GENE0343,13.33,0.2171,0.1545,1.600e-1,4.732e-1
ENSG00010000343,GENE0344,3545.62,0.0161,0.1359,9.055e-1,9.732e-1
ENSG00010000344,GENE0345,191.52,0.3211,0.1406,2.242e-2,1.172e-1
ENSG00010000345,GENE0346,10.69,0.2009,0.1235,1.036e-1,3.673e-1
ENSG00010000346,GENE0347,32.31,-0.2238,0.3176,4.810e-1,8.048e-1
ENSG00010000347,GENE0348,31.02,-0.2469,0.2427,3.090e-1,6.700e-1
ENSG00010000348,GENE0349,10.78,0.3565,0.1842,5.299e-2,2.304e-1
ENSG00010000349,GENE0350,2384.07,-0.1551,0.1868,4.064e-1,7.577e-1
ENSG00010000350,GENE0351,2730.49,0.4425,0.1989,2.612e-2,1.315e-1
ENSG00010000351,GENE0352,82.27,-0.0336,0.2020,8.679e-1,9.620e-1
ENSG00010000352,GENE0353,8694.91,2.9193,0.3007,1.000e-300,1.471e-299
ENSG00010000353,GENE0354,26.37,-0.2015,0.2245,3.694e-1,7.320e-1
ENSG00010000354,GENE0355,14.57,-0.0932,0.2691,7.289e-1,9.287e-1
ENSG00010000355,GENE0356,126.88,2.4030,0.2164,1.000e-300,1.471e-299
ENSG00010000356,GENE0357,5.66,0.1195,0.2327,6.077e-1,8.702e-1
ENSG00010000357,GENE0358,12.24,0.0430,0.1877,8.190e-1,9.507e-1
ENSG00010000358,GENE0359,29.42,-0.5463,0.2699,4.298e-2,1.951e-1
ENSG00010000359,GENE0360,9.23,0.0900,0.1850,6.266e-1,8.813e-1
ENSG00010000360,GENE0361,3330.61,-0.4336,0.3768,2.497e-1,6.009e-1
ENSG00010000361,GENE0362,14.98,0.0542,0.1912,7.770e-1,9.446e-1
ENSG00010000362,GENE0363,10.73,-0.0330,0.1138,7.719e-1,9.434e-1
ENSG00010000363,GENE0364,938.64,0.0470,0.1613,7.706e-1,9.434e-1
ENSG00010000364,GENE0365,28.17,2.6001,0.2815,1.000e-300,1.471e-299
ENSG00010000365,GENE0366,752.31,-0.2771,0.2023,1.708e-1,4.910e-1
ENSG00010000366,GENE0367,808.10,-1.5578,0.2926,1.014e-7,1.018e-6
ENSG00010000367,GENE0368,88.93,-0.1055,0.2919,7.178e-1,9.228e-1
ENSG00010000368,GENE0369,243.56,-0.1590,0.3522,6.516e-1,8.895e-1
ENSG00010000369,GENE0370,21.80,-2.2420,0.1974,1.000e-300,1.471e-299
ENSG00010000370,GENE0371,6610.61,2.5673,0.3512,2.709e-13,3.596e-12
ENSG00010000371,GENE0372,180.52,0.0629,0.2819,8.233e-1,9.517e-1
ENSG00010000372,GENE0373,364.10,-3.3820,0.3186,1.000e-300,1.471e-299
ENSG00010000373,GENE0374,128.82,0.1502,0.2384,5.288e-1,8.358e-1
ENSG00010000374,GENE0375,18.55,-0.0462,0.1672,7.825e-1,9.471e-1
ENSG00010000375,GENE0376,12.04,-0.3035,0.1779,8.795e-2,3.344e-1
ENSG00010000376,GENE0377,15.27,0.0395,0.2187,8.566e-1,9.620e-1
ENSG00010000377,GENE0378,1091.48,-1.6667,0.2499,2.576e-11,2.983e-10
ENSG00010000378,GENE0379,2760.05,-0.3506,0.2444,1.515e-1,4.573e-1
ENSG00010000379,GENE0380,1369.00,-0.1304,0.3254,6.886e-1,9.083e-1
ENSG00010000380,GENE0381,1113.39,-0.1242,0.3161,6.945e-1,9.118e-1
ENSG00010000381,GENE0382,32.34,0.5055,0.1525,9.158e-4,6.800e-3
ENSG00010000382,GENE0383,6.17,0.2425,0.2341,3.004e-1,6.639e-1
ENSG00010000383,GENE0384,466.07,0.2390,0.2986,4.236e-1,7.669e-1
ENSG00010000384,GENE0385,377.73,0.1043,0.2556,6.833e-1,9.066e-1
ENSG00010000385,GENE0386,62.86,-1.7144,0.2352,3.118e-13,4.120e-12
ENSG00010000386,GENE0387,10.20,-0.2682,0.2280,2.395e-1,5.879e-1
ENSG00010000387,GENE0388,1317.51,-2.6167,0.2092,1.000e-300,1.471e-299
ENSG00010000388,GENE0389,22.08,0.1124,0.3124,7.189e-1,9.228e-1
ENSG00010000389,GENE0390,3701.37,-0.2040,0.1150,7.605e-2,3.014e-1
ENSG00010000390,GENE0391,322.91,0.0188,0.3874,9.613e-1,9.870e-1
ENSG00010000391,GENE0392,3614.18,0.3770,0.2368,1.114e-1,3.836e-1
ENSG00010000392,GENE0393,1040.48,0.2877,0.3406,3.982e-1,7.546e-1
ENSG00010000393,GENE0394,416.55,0.8012,0.2050,9.292e-5,7.744e-4
ENSG00010000394,GENE0395,962.33,-1.0365,0.2057,4.711e-7,4.544e-6
ENSG00010000395,GENE0396,3813.77,-0.2904,0.1598,6.919e-2,2.836e-1
ENSG00010000396,GENE0397,71.62,-0.1044,0.1382,4.498e-1,7.861e-1
ENSG00010000397,GENE0398,22.27,-0.2644,0.2371,2.647e-1,6.209e-1
ENSG00010000398,GENE0399,12.78,-0.2025,0.2616,4.388e-1,7.776e-1
ENSG00010000399,GENE0400,846.16,0.3951,0.2447,1.063e-1,3.721e-1
ENSG00010000400,GENE0401,4.96,-0.4177,0.1747,1.683e-2,9.315e-2
ENSG00010000401,GENE0402,25.42,0.3014,0.1901,1.128e-1,3.863e-1
ENSG00010000402,GENE0403,5.93,-0.3583,0.1824,4.950e-2,2.187e-1
ENSG00010000403,GENE0404,5.16,-2.1983,0.2029,1.000e-300,1.471e-299
ENSG00010000404,GENE0405,12.77,-0.1115,0.1537,4.682e-1,7.973e-1
ENSG00010000405,GENE0406,6.52,0.2796,0.2322,2.286e-1,5.725e-1
ENSG00010000406,GENE0407,10.20,0.1453,0.2005,4.686e-1,7.973e-1
ENSG00010000407,GENE0408,1034.01,-0.1967,0.2121,3.538e-1,7.134e-1
ENSG00010000408,GENE0409,318.99,-0.2459,0.1856,1.850e-1,5.069e-1
ENSG00010000409,GENE0410,72.60,0.0168,0.1886,9.289e-1,9.787e-1
ENSG00010000410,GENE0411,241.97,-0.3878,0.0962,5.591e-5,4.806e-4
ENSG00010000411,GENE0412,332.13,-0.0028,0.2860,9.923e-1,9.962e-1
ENSG00010000412,GENE0413,6.16,-0.0915,0.2040,6.539e-1,8.904e-1
ENSG00010000413,GENE0414,182.03,0.0771,0.1349,5.675e-1,8.581e-1
ENSG00010000414,GENE0415,44.52,0.1191,0.3835,7.561e-1,9.374e-1
ENSG00010000415,GENE0416,1144.55,-0.1637,0.3295,6.192e-1,8.771e-1
ENSG00010000416,GENE0417,36.02,-0.0417,0.1985,8.337e-1,9.557e-1
ENSG00010000417,GENE0418,66.92,-0.4151,0.0921,6.635e-6,6.031e-5
ENSG00010000418,GENE0419,779.22,-0.2310,0.2289,3.130e-1,6.707e-1
ENSG00010000419,GENE0420,24.22,-0.4689,0.2023,2.045e-2,1.094e-1
ENSG00010000420,GENE0421,153.15,0.3875,0.1853,3.651e-2,1.725e-1
ENSG00010000421,GENE0422,463.28,-0.1991,0.1767,2.599e-1,6.134e-1
ENSG00010000422,GENE0423,1657.05,0.1863,0.1822,3.067e-1,6.673e-1
ENSG00010000423,GENE0424,4.47,-0.0907,0.1350,5.017e-1,8.210e-1
ENSG00010000424,GENE0425,120.76,-0.3456,0.1829,5.884e-2,2.524e-1
ENSG00010000425,GENE0426,2791.51,0.3105,0.3493,3.740e-1,7.339e-1
ENSG00010000426,GENE0427,5.58,-0.0248,0.3302,9.401e-1,9.787e-1
ENSG00010000427,GENE0428,5.45,-0.1501,0.1979,4.483e-1,7.846e-1
ENSG00010000428,GENE0429,7.12,-2.3975,0.1746,1.000e-300,1.471e-299
ENSG00010000429,GENE0430,24.28,0.0548,0.1911,7.744e-1,9.434e-1
ENSG00010000430,GENE0431,700.73,-0.1907,0.2005,3.414e-1,7.010e-1
ENSG00010000431,GENE0432,1576.25,-0.0409,0.1208,7.351e-1,9.309e-1
ENSG00010000432,GENE0433,903.02,-0.0811,0.3154,7.970e-1,9.490e-1
ENSG00010000433,GENE0434,30.52,-0.1819,0.1041,8.059e-2,3.132e-1
ENSG00010000434,GENE0435,13.35,-0.3155,0.0933,7.241e-4,5.431e-3
ENSG00010000435,GENE0436,416.97,0.0761,0.2474,7.582e-1,9.388e-1
ENSG00010000436,GENE0437,198.07,0.0823,0.1944,6.723e-1,9.011e-1
ENSG00010000437,GENE0438,33.07,0.0961,0.1545,5.340e-1,8.400e-1
ENSG00010000438,GENE0439,1072.66,-2.2829,0.1507,1.000e-300,1.471e-299
ENSG00010000439,GENE0440,119.65,-0.0930,0.4277,8.279e-1,9.546e-1
ENSG00010000440,GENE0441,14295.19,3.2028,0.2142,1.000e-300,1.471e-299
ENSG00010000441,GENE0442,113.46,0.3718,0.2664,1.628e-1,4.799e-1
ENSG00010000442,GENE0443,137.79,-0.3370,0.2352,1.520e-1,4.581e-1
ENSG00010000443,GENE0444,98.98,0.2549,0.1363,6.137e-2,2.600e-1
ENSG00010000444,GENE0445,101.37,-0.0024,0.2835,9.932e-1,9.966e-1
ENSG00010000445,GENE0446,22.45,-0.3632,0.2325,1.182e-1,3.961e-1
ENSG00010000446,GENE0447,11.10,0.0378,0.2100,8.572e-1,9.620e-1
ENSG00010000447,GENE0448,367.48,0.2117,0.1754,2.275e-1,5.721e-1
ENSG00010000448,GENE0449,122.21,-0.0426,0.2531,8.663e-1,9.620e-1
ENSG00010000449,GENE0450,9.57,0.4915,0.1961,1.219e-2,7.102e-2
ENSG00010000450,GENE0451,203.81,-0.0503,0.2431,8.359e-1,9.557e-1
ENSG00010000451,GENE0452,40.95,0.3995,0.1734,2.124e-2,1.128e-1
ENSG00010000452,GENE0453,14.62,0.1053,0.2282,6.445e-1,8.857e-1
ENSG00010000453,GENE0454,30.72,0.0466,0.1829,7.990e-1,9.490e-1
ENSG00010000454,GENE0455,1317.78,0.2083,0.2624,4.273e-1,7.689e-1
ENSG00010000455,GENE0456,2022.10,-0.0957,0.1630,5.573e-1,8.510e-1
ENSG00010000456,GENE0457,518.67,0.0335,0.3020,9.116e-1,9.746e-1
ENSG00010000457,GENE0458,21.40,0.1211,0.2420,6.168e-1,8.769e-1
ENSG00010000458,GENE0459,23.56,0.2340,0.1866,2.099e-1,5.472e-1
ENSG00010000459,GENE0460,10.71,0.1039,0.2250,6.442e-1,8.857e-1
ENSG00010000460,GENE0461,1353.81,-0.3134,0.2463,2.034e-1,5.352e-1
ENSG00010000461,GENE0462,1753.30,-0.0750,0.3246,8.172e-1,9.507e-1
ENSG00010000462,GENE0463,11.74,0.2016,0.2415,4.038e-1,7.562e-1
ENSG00010000463,GENE0464,347.36,0.9799,0.1649,2.808e-9,3.042e-8
ENSG00010000464,GENE0465,38.24,0.1717,0.2599,5.088e-1,8.259e-1
ENSG00010000465,GENE0466,20.63,0.3450,0.1366,1.153e-2,6.795e-2
ENSG00010000466,GENE0467,4.79,0.1842,0.1227,1.332e-1,4.252e-1
ENSG00010000467,GENE0468,195.71,0.3292,0.2489,1.859e-1,5.079e-1
ENSG00010000468,GENE0469,178.34,0.1119,0.2347,6.334e-1,8.846e-1
ENSG00010000469,GENE0470,750.35,-0.2562,0.3680,4.862e-1,8.081e-1
ENSG00010000470,GENE0471,9.98,0.0310,0.1562,8.427e-1,9.579e-1
ENSG00010000471,GENE0472,94.81,-2.3411,0.2369,1.000e-300,1.471e-299
ENSG00010000472,GENE0473,131.90,0.1469,0.2362,5.340e-1,8.400e-1
ENSG00010000473,GENE0474,187.35,0.2557,0.2219,2.492e-1,6.005e-1
ENSG00010000474,GENE0475,58.66,0.1503,0.1941,4.389e-1,7.776e-1
ENSG00010000475,GENE0476,26.28,0.0252,0.0925,7.853e-1,9.471e-1
ENSG00010000476,GENE0477,122.74,0.3401,0.2108,1.067e-1,3.721e-1
ENSG00010000477,GENE0478,6.12,-0.8777,0.2969,3.114e-3,2.113e-2
ENSG00010000478,GENE0479,131.86,0.0405,0.1727,8.144e-1,9.507e-1
ENSG00010000479,GENE0480,721.85,0.2375,0.1725,1.687e-1,4.889e-1
ENSG00010000480,GENE0481,1054.12,0.0490,0.1973,8.038e-1,9.490e-1
ENSG00010000481,GENE0482,103.19,0.5547,0.2229,1.283e-2,7.445e-2
ENSG00010000482,GENE0483,166.25,-0.1282,0.2580,6.192e-1,8.771e-1
ENSG00010000483,GENE0484,1140.49,-0.0726,0.2270,7.490e-1,9.343e-1
ENSG00010000484,GENE0485,1942.88,-1.4382,0.2322,5.871e-10,6.499e-9
ENSG00010000485,GENE0486,208.22,0.0319,0.3598,9.293e-1,9.787e-1
ENSG00010000486,GENE0487,212.07,-0.1183,0.1927,5.392e-1,8.423e-1
ENSG00010000487,GENE0488,250.50,-0.2936,0.1816,1.060e-1,3.721e-1
ENSG00010000488,GENE0489,7.23,-0.1210,0.2256,5.917e-1,8.661e-1
ENSG00010000489,GENE0490,34.05,1.3146,0.1813,4.150e-13,5.437e-12
ENSG00010000490,GENE0491,1344.52,0.0388,0.3838,9.194e-1,9.774e-1
ENSG00010000491,GENE0492,62.59,0.3537,0.1055,8.062e-4,6.017e-3
ENSG00010000492,GENE0493,12.20,-0.0503,0.2410,8.347e-1,9.557e-1
ENSG00010000493,GENE0494,191.51,-0.0144,0.1377,9.169e-1,9.768e-1
ENSG00010000494,GENE0495,166.34,0.2105,0.3039,4.886e-1,8.092e-1
ENSG00010000495,GENE0496,138.07,0.2944,0.3416,3.887e-1,7.471e-1
ENSG00010000496,GENE0497,600.63,0.0378,0.1510,8.022e-1,9.490e-1
ENSG00010000497,GENE0498,158.47,0.0160,0.1987,9.358e-1,9.787e-1
ENSG00010000498,GENE0499,5.57,0.1375,0.2687,6.090e-1,8.711e-1
ENSG00010000499,GENE0500,513.93,-0.0162,0.1189,8.917e-1,9.692e-1
ENSG00010000500,GENE0501,15.10,0.3935,0.2386,9.913e-2,3.605e-1
ENSG00010000501,GENE0502,5.56,-0.2055,0.1969,2.968e-1,6.609e-1
ENSG00010000502,GENE0503,2144.40,0.1788,0.2786,5.209e-1,8.324e-1
ENSG00010000503,GENE0504,6.70,-0.1293,0.1736,4.564e-1,7.924e-1
ENSG00010000504,GENE0505,3854.94,1.5673,0.2609,1.905e-9,2.070e-8
ENSG00010000505,GENE0506,12.86,-0.3494,0.1785,5.027e-2,2.211e-1
ENSG00010000506,GENE0507,7.86,-0.8320,0.1292,1.211e-10,1.371e-9
ENSG00010000507,GENE0508,11.29,0.1800,0.1677,2.831e-1,6.487e-1
ENSG00010000508,GENE0509,56.31,0.3113,0.3317,3.479e-1,7.085e-1
ENSG00010000509,GENE0510,97.66,-2.9145,0.1629,1.000e-300,1.471e-299
ENSG00010000510,GENE0511,2019.38,-0.2309,0.2603,3.751e-1,7.351e-1
ENSG00010000511,GENE0512,54.08,-2.7258,0.2536,1.000e-300,1.471e-299
ENSG00010000512,GENE0513,80.09,1.7509,0.2462,1.148e-12,1.434e-11
ENSG00010000513,GENE0514,4009.37,-0.2072,0.3038,4.953e-1,8.138e-1
ENSG00010000514,GENE0515,1409.04,-2.4220,0.2553,1.000e-300,1.471e-299
ENSG00010000515,GENE0516,269.08,-0.0166,0.1463,9.094e-1,9.740e-1
ENSG00010000516,GENE0517,1154.07,0.2259,0.1625,1.643e-1,4.819e-1
ENSG00010000517,GENE0518,42.76,-0.0360,0.2202,8.700e-1,9.625e-1
ENSG00010000518,GENE0519,319.43,0.3389,0.1803,6.022e-2,2.570e-1
ENSG00010000519,GENE0520,34.89,-0.2284,0.2076,2.714e-1,6.312e-1
ENSG00010000520,GENE0521,889.85,0.0192,0.1514,8.993e-1,9.718e-1
ENSG00010000521,GENE0522,15.43,-0.0210,0.1894,9.119e-1,9.746e-1
ENSG00010000522,GENE0523,1107.10,-0.1690,0.1774,3.410e-1,7.010e-1
ENSG00010000523,GENE0524,3586.37,0.3414,0.2605,1.900e-1,5.144e-1
ENSG00010000524,GENE0525,1750.74,-0.2089,0.2555,4.134e-1,7.604e-1
ENSG00010000525,GENE0526,176.93,-0.0503,0.1577,7.497e-1,9.347e-1
ENSG00010000526,GENE0527,63.18,0.0302,0.1872,8.720e-1,9.634e-1
ENSG00010000527,GENE0528,2846.35,0.1218,0.1813,5.017e-1,8.210e-1
ENSG00010000528,GENE0529,1123.76,0.4685,0.3809,2.188e-1,5.591e-1
ENSG00010000529,GENE0530,32.53,0.0444,0.2817,8.747e-1,9.634e-1
ENSG00010000530,GENE0531,2545.27,-0.0920,0.1741,5.974e-1,8.685e-1
ENSG00010000531,GENE0532,390.32,-0.0130,0.2591,9.600e-1,9.870e-1
ENSG00010000532,GENE0533,2091.64,-0.3198,0.2614,2.211e-1,5.632e-1
ENSG00010000533,GENE0534,354.18,0.0250,0.1198,8.346e-1,9.557e-1
ENSG00010000534,GENE0535,6.74,-0.0513,0.2194,8.152e-1,9.507e-1
ENSG00010000535,GENE0536,8.25,-0.0516,0.2414,8.306e-1,9.557e-1
ENSG00010000536,GENE0537,168.40,0.2822,0.2107,1.804e-1,5.006e-1
ENSG00010000537,GENE0538,2079.86,3.2826,0.1688,1.000e-300,1.471e-299
ENSG00010000538,GENE0539,2012.55,-0.1384,0.2993,6.437e-1,8.857e-1
ENSG00010000539,GENE0540,1411.85,0.4334,0.3681,2.391e-1,5.879e-1
ENSG00010000540,GENE0541,52.23,-0.1970,0.2775,4.776e-1,8.025e-1
ENSG00010000541,GENE0542,7.70,0.0163,0.3303,9.607e-1,9.870e-1
ENSG00010000542,GENE0543,67.39,0.2476,0.1354,6.741e-2,2.793e-1
ENSG00010000543,GENE0544,366.83,-0.0291,0.3146,9.264e-1,9.787e-1
ENSG00010000544,GENE0545,40.46,0.1915,0.3008,5.244e-1,8.346e-1
ENSG00010000545,GENE0546,9.68,0.1241,0.2196,5.719e-1,8.609e-1
ENSG00010000546,GENE0547,27.69,-1.2658,0.2798,6.095e-6,5.558e-5
ENSG00010000547,GENE0548,7.24,-0.0331,0.1335,8.041e-1,9.490e-1
ENSG00010000548,GENE0549,7657.75,2.1670,0.2454,1.000e-300,1.471e-299
ENSG00010000549,GENE0550,3.19,-1.9354,0.2512,1.332e-14,1.833e-13
ENSG00010000550,GENE0551,173.45,-0.2502,0.1141,2.830e-2,1.401e-1
ENSG00010000551,GENE0552,220.96,0.2567,0.2530,3.103e-1,6.700e-1
ENSG00010000552,GENE0553,38.02,0.1770,0.1893,3.498e-1,7.100e-1
ENSG00010000553,GENE0554,316.96,0.2707,0.1828,1.387e-1,4.366e-1
ENSG00010000554,GENE0555,380.21,1.4563,0.0503,1.000e-300,1.471e-299
ENSG00010000555,GENE0556,13.73,-0.4207,0.1736,1.535e-2,8.609e-2
ENSG00010000556,GENE0557,34.82,0.4691,0.1281,2.513e-4,1.995e-3
ENSG00010000557,GENE0558,2748.83,-0.1779,0.3175,5.754e-1,8.614e-1
ENSG00010000558,GENE0559,1139.53,0.1563,0.2526,5.361e-1,8.418e-1
ENSG00010000559,GENE0560,8.54,0.1708,0.1850,3.557e-1,7.151e-1
ENSG00010000560,GENE0561,2488.45,0.2328,0.2541,3.596e-1,7.209e-1
ENSG00010000561,GENE0562,339.41,-0.1575,0.2829,5.777e-1,8.615e-1
ENSG00010000562,GENE0563,13899.75,3.0581,0.1823,1.000e-300,1.471e-299
ENSG00010000563,GENE0564,4.39,-0.1368,0.1790,4.446e-1,7.818e-1
ENSG00010000564,GENE0565,6.02,0.0337,0.1884,8.579e-1,9.620e-1
ENSG00010000565,GENE0566,70.33,-0.2328,0.1674,1.643e-1,4.819e-1
ENSG00010000566,GENE0567,229.80,0.2752,0.2498,2.707e-1,6.300e-1
ENSG00010000567,GENE0568,10.09,-0.4505,0.2164,3.736e-2,1.757e-1
ENSG00010000568,GENE0569,69.10,-0.0584,0.3305,8.598e-1,9.620e-1
ENSG00010000569,GENE0570,34.39,0.4819,0.1636,3.230e-3,2.188e-2
ENSG00010000570,GENE0571,783.44,-1.9298,0.1953,1.000e-300,1.471e-299
ENSG00010000571,GENE0572,23.84,-0.1360,0.2357,5.639e-1,8.548e-1
ENSG00010000572,GENE0573,227.45,0.1757,0.2259,4.368e-1,7.768e-1
ENSG00010000573,GENE0574,1040.76,-0.3958,0.3342,2.363e-1,5.857e-1
ENSG00010000574,GENE0575,498.57,0.4009,0.2298,8.109e-2,3.147e-1
ENSG00010000575,GENE0576,30.84,-0.3921,0.1825,3.168e-2,1.555e-1
ENSG00010000576,GENE0577,7.05,-0.0713,0.1305,5.846e-1,8.624e-1
ENSG00010000577,GENE0578,17.37,0.1349,0.1675,4.206e-1,7.645e-1
ENSG00010000578,GENE0579,98.70,-0.0165,0.2975,9.558e-1,9.860e-1
ENSG00010000579,GENE0580,1117.98,0.0040,0.2036,9.841e-1,9.951e-1
ENSG00010000580,GENE0581,2902.71,3.3075,0.1119,1.000e-300,1.471e-299
ENSG00010000581,GENE0582,12.35,0.1322,0.1579,4.022e-1,7.546e-1
ENSG00010000582,GENE0583,558.68,-0.0166,0.1272,8.961e-1,9.705e-1
ENSG00010000583,GENE0584,6.15,-0.3557,0.1604,2.660e-2,1.334e-1
ENSG00010000584,GENE0585,367.63,-0.3357,0.2110,1.117e-1,3.840e-1
ENSG00010000585,GENE0586,206.20,-0.8832,0.3926,2.448e-2,1.246e-1
ENSG00010000586,GENE0587,2088.70,-0.2296,0.2930,4.332e-1,7.741e-1
ENSG00010000587,GENE0588,40.10,0.0338,0.3337,9.193e-1,9.774e-1
ENSG00010000588,GENE0589,74.06,1.1321,0.1796,2.932e-10,3.295e-9
ENSG00010000589,GENE0590,509.49,-0.0526,0.2534,8.356e-1,9.557e-1
ENSG00010000590,GENE0591,9.53,0.3348,0.2757,2.245e-1,5.694e-1
ENSG00010000591,GENE0592,243.57,-2.7406,0.1952,1.000e-300,1.471e-299
ENSG00010000592,GENE0593,178.42,-0.0662,0.1116,5.535e-1,8.506e-1
ENSG00010000593,GENE0594,1548.91,0.0821,0.1816,6.511e-1,8.894e-1
ENSG00010000594,GENE0595,28.87,0.1712,0.2070,4.083e-1,7.577e-1
ENSG00010000595,GENE0596,6.61,0.2511,0.2386,2.927e-1,6.576e-1
ENSG00010000596,GENE0597,4529.09,0.3945,0.2208,7.399e-2,2.956e-1
ENSG00010000597,GENE0598,12.83,0.4670,0.3276,1.540e-1,4.615e-1
ENSG00010000598,GENE0599,241.49,-0.1567,0.2213,4.789e-1,8.031e-1
ENSG00010000599,GENE0600,56.72,-0.2372,0.2975,4.252e-1,7.676e-1
ENSG00010000600,GENE0601,1809.22,-0.1198,0.2654,6.517e-1,8.895e-1
ENSG00010000601,GENE0602,5.68,-0.3382,0.1676,4.361e-2,1.965e-1
ENSG00010000602,GENE0603,6.77,-0.1029,0.1968,6.010e-1,8.689e-1
ENSG00010000603,GENE0604,1992.22,-0.0244,0.2132,9.088e-1,9.740e-1
ENSG00010000604,GENE0605,487.23,0.1191,0.3150,7.054e-1,9.165e-1
ENSG00010000605,GENE0606,2237.92,-0.2891,0.2415,2.313e-1,5.781e-1
ENSG00010000606,GENE0607,19.62,-0.0401,0.2032,8.434e-1,9.581e-1
ENSG00010000607,GENE0608,4.97,-0.3039,0.1832,9.722e-2,3.555e-1
ENSG00010000608,GENE0609,13.80,-0.1737,0.2159,4.210e-1,7.645e-1
ENSG00010000609,GENE0610,370.99,-0.8390,0.1951,1.702e-5,1.524e-4
ENSG00010000610,GENE0611,1987.54,0.1165,0.4023,7.721e-1,9.434e-1
ENSG00010000611,GENE0612,2356.53,1.6384,0.1041,1.000e-300,1.471e-299
ENSG00010000612,GENE0613,694.28,-0.4306,0.1445,2.879e-3,1.959e-2
ENSG00010000613,GENE0614,407.92,0.1417,0.1748,4.175e-1,7.641e-1
ENSG00010000614,GENE0615,110.26,0.1705,0.2121,4.215e-1,7.645e-1
ENSG00010000615,GENE0616,82.07,-0.0176,0.2146,9.347e-1,9.787e-1
ENSG00010000616,GENE0617,7.11,0.1755,0.2662,5.098e-1,8.259e-1
ENSG00010000617,GENE0618,19.90,-0.0318,0.2631,9.039e-1,9.732e-1
ENSG00010000618,GENE0619,176.10,0.6167,0.2794,2.728e-2,1.362e-1
ENSG00010000619,GENE0620,18.05,-0.0415,0.2082,8.419e-1,9.579e-1
ENSG00010000620,GENE0621,1317.87,0.2254,0.1336,9.150e-2,3.423e-1
ENSG00010000621,GENE0622,5.81,-1.3671,0.1896,5.675e-13,7.307e-12
ENSG00010000622,GENE0623,509.27,-0.0667,0.2786,8.108e-1,9.507e-1
ENSG00010000623,GENE0624,23.95,0.5238,0.1662,1.620e-3,1.160e-2
ENSG00010000624,GENE0625,74.90,0.4040,0.2564,1.151e-1,3.925e-1
ENSG00010000625,GENE0626,23.97,1.0659,0.1615,4.171e-11,4.794e-10
ENSG00010000626,GENE0627,1856.39,-0.0163,0.2317,9.438e-1,9.798e-1
ENSG00010000627,GENE0628,1654.47,2.8450,0.2316,1.000e-300,1.471e-299
ENSG00010000628,GENE0629,59.70,1.0153,0.2423,2.779e-5,2.424e-4
ENSG00010000629,GENE0630,6.71,-0.1253,0.1557,4.212e-1,7.645e-1
ENSG00010000630,GENE0631,14.32,0.0283,0.2968,9.239e-1,9.787e-1
ENSG00010000631,GENE0632,3116.46,0.0144,0.4270,9.731e-1,9.915e-1
ENSG00010000632,GENE0633,444.93,0.2093,0.2477,3.982e-1,7.546e-1
ENSG00010000633,GENE0634,302.83,-0.0987,0.3040,7.455e-1,9.336e-1
ENSG00010000634,GENE0635,21.01,0.0214,0.1882,9.093e-1,9.740e-1
ENSG00010000635,GENE0636,3950.90,-0.1822,0.2012,3.654e-1,7.266e-1
ENSG00010000636,GENE0637,720.41,0.5750,0.2280,1.166e-2,6.859e-2
ENSG00010000637,GENE0638,9.20,0.1487,0.1791,4.064e-1,7.577e-1
ENSG00010000638,GENE0639,9.32,0.0414,0.1330,7.554e-1,9.374e-1
ENSG00010000639,GENE0640,2602.26,0.0559,0.2639,8.324e-1,9.557e-1
ENSG00010000640,GENE0641,402.83,-0.1262,0.4060,7.559e-1,9.374e-1
ENSG00010000641,GENE0642,330.10,-0.4372,0.1389,1.644e-3,1.174e-2
ENSG00010000642,GENE0643,36.77,-0.2012,0.1777,2.574e-1,6.119e-1
ENSG00010000643,GENE0644,1512.75,0.3540,0.2185,1.051e-1,3.710e-1
ENSG00010000644,GENE0645,237.37,-0.6490,0.1973,1.004e-3,7.401e-3
ENSG00010000645,GENE0646,948.61,-0.5762,0.2647,2.952e-2,1.457e-1
ENSG00010000646,GENE0647,751.88,-0.1613,0.2466,5.130e-1,8.275e-1
ENSG00010000647,GENE0648,17.92,-0.0657,0.1405,6.401e-1,8.857e-1
ENSG00010000648,GENE0649,1313.08,0.2516,0.1685,1.353e-1,4.301e-1
ENSG00010000649,GENE0650,16.50,-0.3257,0.2807,2.460e-1,5.952e-1
ENSG00010000650,GENE0651,155.18,0.2735,0.1685,1.046e-1,3.700e-1
ENSG00010000651,GENE0652,55.38,2.9103,0.2507,1.000e-300,1.471e-299
ENSG00010000652,GENE0653,9.01,-0.4000,0.1116,3.394e-4,2.672e-3
ENSG00010000653,GENE0654,8.22,-1.8995,0.1552,1.000e-300,1.471e-299
ENSG00010000654,GENE0655,42.06,-0.2816,0.2696,2.964e-1,6.606e-1
ENSG00010000655,GENE0656,720.49,-0.2621,0.2304,2.553e-1,6.079e-1
ENSG00010000656,GENE0657,47.48,-0.3609,0.1545,1.952e-2,1.053e-1
ENSG00010000657,GENE0658,532.24,0.0657,0.2358,7.807e-1,9.471e-1
ENSG00010000658,GENE0659,28.77,0.2898,0.1843,1.159e-1,3.933e-1
ENSG00010000659,GENE0660,172.74,-0.0110,0.2101,9.583e-1,9.866e-1
ENSG00010000660,GENE0661,34.97,-0.1257,0.2589,6.273e-1,8.813e-1
ENSG00010000661,GENE0662,1601.44,0.0732,0.3434,8.313e-1,9.557e-1
ENSG00010000662,GENE0663,284.71,-0.1182,0.1666,4.781e-1,8.025e-1
ENSG00010000663,GENE0664,5.08,-0.1340,0.2858,6.390e-1,8.857e-1
ENSG00010000664,GENE0665,224.96,-3.0594,0.2203,1.000e-300,1.471e-299
ENSG00010000665,GENE0666,22.88,0.2184,0.3037,4.720e-1,7.991e-1
ENSG00010000666,GENE0667,19.64,0.2435,0.2045,2.337e-1,5.823e-1
ENSG00010000667,GENE0668,553.21,0.5901,0.2500,1.827e-2,1.005e-1
ENSG00010000668,GENE0669,88.81,0.0509,0.2665,8.485e-1,9.598e-1
ENSG00010000669,GENE0670,140.07,-0.2529,0.0907,5.319e-3,3.381e-2
ENSG00010000670,GENE0671,16.49,1.8436,0.2440,4.219e-14,5.753e-13
ENSG00010000671,GENE0672,45.37,-0.0625,0.2723,8.185e-1,9.507e-1
ENSG00010000672,GENE0673,8.70,-1.2711,0.3031,2.753e-5,2.408e-4
ENSG00010000673,GENE0674,3.51,-0.0720,0.1191,5.457e-1,8.461e-1
ENSG00010000674,GENE0675,91.85,0.2034,0.2052,3.214e-1,6.814e-1
ENSG00010000675,GENE0676,4.06,0.0894,0.1816,6.228e-1,8.788e-1
ENSG00010000676,GENE0677,53.10,1.2191,0.2218,3.910e-8,4.003e-7
ENSG00010000677,GENE0678,22.92,-0.2602,0.3047,3.932e-1,7.513e-1
ENSG00010000678,GENE0679,2556.98,-0.4321,0.3201,1.770e-1,4.968e-1
ENSG00010000679,GENE0680,265.83,0.0726,0.2176,7.387e-1,9.330e-1
ENSG00010000680,GENE0681,6.61,-0.0233,0.2075,9.107e-1,9.741e-1
ENSG00010000681,GENE0682,3109.83,0.0473,0.2807,8.662e-1,9.620e-1
ENSG00010000682,GENE0683,6.38,0.2629,0.1174,2.515e-2,1.274e-1
ENSG00010000683,GENE0684,714.09,3.0774,0.1978,1.000e-300,1.471e-299
ENSG00010000684,GENE0685,42.12,-0.1414,0.2061,4.927e-1,8.131e-1
ENSG00010000685,GENE0686,1068.02,-0.3651,0.1748,3.677e-2,1.734e-1
ENSG00010000686,GENE0687,143.13,0.3552,0.1448,1.420e-2,8.086e-2
ENSG00010000687,GENE0688,141.89,-0.0661,0.2744,8.096e-1,9.507e-1
ENSG00010000688,GENE0689,1146.86,-0.5561,0.3695,1.324e-1,4.251e-1
ENSG00010000689,GENE0690,26.18,0.0604,0.3421,8.599e-1,9.620e-1
ENSG00010000690,GENE0691,61.27,0.2539,0.2342,2.784e-1,6.418e-1
ENSG00010000691,GENE0692,48.90,0.2695,0.3318,4.165e-1,7.638e-1
ENSG00010000692,GENE0693,9.69,0.2573,0.2588,3.202e-1,6.793e-1
ENSG00010000693,GENE0694,135.82,0.2533,0.2045,2.155e-1,5.536e-1
ENSG00010000694,GENE0695,44.90,0.0315,0.0862,7.149e-1,9.209e-1
ENSG00010000695,GENE0696,401.58,-0.0866,0.2316,7.083e-1,9.183e-1
ENSG00010000696,GENE0697,283.99,0.1284,0.2012,5.236e-1,8.342e-1
ENSG00010000697,GENE0698,108.36,0.6243,0.1473,2.247e-5,1.977e-4
ENSG00010000698,GENE0699,19.15,-2.3129,0.2146,1.000e-300,1.471e-299
ENSG00010000699,GENE0700,4.22,0.1267,0.1669,4.478e-1,7.846e-1
ENSG00010000700,GENE0701,101.22,-0.1383,0.4566,7.620e-1,9.403e-1
ENSG00010000701,GENE0702,11.88,-0.0248,0.2595,9.240e-1,9.787e-1
ENSG00010000702,GENE0703,65.90,0.0060,0.2485,9.806e-1,9.945e-1
ENSG00010000703,GENE0704,16.13,-0.4082,0.2303,7.638e-2,3.023e-1
ENSG00010000704,GENE0705,26.25,1.1704,0.2071,1.596e-8,1.669e-7
ENSG00010000705,GENE0706,72.78,-0.1262,0.3236,6.965e-1,9.127e-1
ENSG00010000706,GENE0707,3885.60,3.3943,0.1968,1.000e-300,1.471e-299
ENSG00010000707,GENE0708,220.18,-0.0995,0.3419,7.710e-1,9.434e-1
ENSG00010000708,GENE0709,2733.27,-0.2139,0.3112,4.919e-1,8.128e-1
ENSG00010000709,GENE0710,1805.87,-0.1138,0.3048,7.089e-1,9.183e-1
ENSG00010000710,GENE0711,42.50,0.3500,0.2106,9.656e-2,3.541e-1
ENSG00010000711,GENE0712,104.89,2.6699,0.1879,1.000e-300,1.471e-299
ENSG00010000712,GENE0713,8.81,0.1836,0.1968,3.506e-1,7.103e-1
ENSG00010000713,GENE0714,833.93,-0.0752,0.4240,8.593e-1,9.620e-1
ENSG00010000714,GENE0715,478.36,-2.6813,0.2362,1.000e-300,1.471e-299
ENSG00010000715,GENE0716,435.16,-0.2183,0.1346,1.048e-1,3.703e-1
ENSG00010000716,GENE0717,8.43,-0.1379,0.2341,5.559e-1,8.509e-1
ENSG00010000717,GENE0718,57.97,-0.4359,0.2996,1.457e-1,4.468e-1
ENSG00010000718,GENE0719,156.43,-0.1058,0.2831,7.087e-1,9.183e-1
ENSG00010000719,GENE0720,1050.21,-0.2747,0.1808,1.287e-1,4.178e-1
ENSG00010000720,GENE0721,79.67,-0.3887,0.2840,1.712e-1,4.910e-1
ENSG00010000721,GENE0722,30.29,0.1395,0.1703,4.128e-1,7.603e-1
ENSG00010000722,GENE0723,1095.23,-0.2657,0.2977,3.720e-1,7.337e-1
ENSG00010000723,GENE0724,114.26,0.0554,0.2355,8.141e-1,9.507e-1
ENSG00010000724,GENE0725,13.18,0.0266,0.2287,9.076e-1,9.734e-1
ENSG00010000725,GENE0726,2145.77,0.2819,0.1874,1.325e-1,4.251e-1
ENSG00010000726,GENE0727,874.93,-0.0472,0.3257,8.848e-1,9.658e-1
ENSG00010000727,GENE0728,45.90,-0.1992,0.1894,2.930e-1,6.576e-1
ENSG00010000728,GENE0729,194.18,0.0361,0.1798,8.407e-1,9.575e-1
ENSG00010000729,GENE0730,907.21,-0.3454,0.2685,1.984e-1,5.283e-1
ENSG00010000730,GENE0731,16.65,0.5053,0.2246,2.449e-2,1.246e-1
ENSG00010000731,GENE0732,3139.06,-0.0512,0.2976,8.633e-1,9.620e-1
ENSG00010000732,GENE0733,35.69,-0.2656,0.4124,5.196e-1,8.320e-1
ENSG00010000733,GENE0734,517.13,-3.0739,0.1745,1.000e-300,1.471e-299
ENSG00010000734,GENE0735,8.13,-1.4996,0.1623,1.000e-300,1.471e-299
ENSG00010000735,GENE0736,2778.28,-0.4580,0.2369,5.317e-2,2.308e-1
ENSG00010000736,GENE0737,35.27,-0.1659,0.1600,2.998e-1,6.639e-1
ENSG00010000737,GENE0738,6.41,0.1505,0.2250,5.034e-1,8.222e-1
ENSG00010000738,GENE0739,74.35,-0.1166,0.2486,6.391e-1,8.857e-1
ENSG00010000739,GENE0740,1626.15,-0.2169,0.1734,2.110e-1,5.490e-1
ENSG00010000740,GENE0741,7.22,-0.0866,0.1610,5.907e-1,8.661e-1
ENSG00010000741,GENE0742,1627.38,0.4526,0.3179,1.546e-1,4.624e-1
ENSG00010000742,GENE0743,334.95,-0.1502,0.3212,6.401e-1,8.857e-1
ENSG00010000743,GENE0744,1439.72,-2.0090,0.2515,1.332e-15,1.912e-14
ENSG00010000744,GENE0745,955.16,-0.0287,0.3123,9.267e-1,9.787e-1
ENSG00010000745,GENE0746,76.67,-0.3382,0.2177,1.203e-1,3.989e-1
ENSG00010000746,GENE0747,32.04,0.0479,0.2332,8.371e-1,9.561e-1
ENSG00010000747,GENE0748,7.47,-0.4398,0.2446,7.217e-2,2.902e-1
ENSG00010000748,GENE0749,313.83,-0.0400,0.2055,8.457e-1,9.581e-1
ENSG00010000749,GENE0750,13.84,0.0464,0.1850,8.021e-1,9.490e-1
ENSG00010000750,GENE0751,82.50,-0.2372,0.3470,4.943e-1,8.131e-1
ENSG00010000751,GENE0752,6.71,-0.0449,0.2525,8.588e-1,9.620e-1
ENSG00010000752,GENE0753,4594.08,1.4420,0.3394,2.149e-5,1.896e-4
ENSG00010000753,GENE0754,97.91,0.3248,0.4692,4.888e-1,8.092e-1
ENSG00010000754,GENE0755,70.49,-0.1136,0.2796,6.845e-1,9.075e-1
ENSG00010000755,GENE0756,139.50,-0.1422,0.1795,4.281e-1,7.696e-1
ENSG00010000756,GENE0757,325.93,-0.3282,0.1609,4.131e-2,1.898e-1
ENSG00010000757,GENE0758,302.97,-0.4698,0.2261,3.774e-2,1.767e-1
ENSG00010000758,GENE0759,92.59,0.1287,0.2870,6.538e-1,8.904e-1
ENSG00010000759,GENE0760,7.07,0.0505,0.2684,8.507e-1,9.602e-1
ENSG00010000760,GENE0761,923.35,1.2758,0.1849,5.180e-12,6.241e-11
ENSG00010000761,GENE0762,437.54,-0.6968,0.2246,1.919e-3,1.351e-2
ENSG00010000762,GENE0763,2921.14,-0.0653,0.2270,7.736e-1,9.434e-1
ENSG00010000763,GENE0764,6.88,0.6076,0.2015,2.574e-3,1.759e-2
ENSG00010000764,GENE0765,178.37,-0.1333,0.1589,4.014e-1,7.546e-1
ENSG00010000765,GENE0766,6.53,-0.1242,0.1759,4.801e-1,8.038e-1
ENSG00010000766,GENE0767,2675.41,-0.6375,0.2993,3.314e-2,1.611e-1
ENSG00010000767,GENE0768,1574.90,0.3820,0.3814,3.165e-1,6.757e-1
ENSG00010000768,GENE0769,379.49,0.1608,0.3032,5.959e-1,8.673e-1
ENSG00010000769,GENE0770,938.87,-2.8079,0.2788,1.000e-300,1.471e-299
ENSG00010000770,GENE0771,174.18,-1.0507,0.2080,4.408e-7,4.266e-6
ENSG00010000771,GENE0772,21.30,0.3204,0.1640,5.075e-2,2.226e-1
ENSG00010000772,GENE0773,10.18,0.1795,0.2441,4.621e-1,7.966e-1
ENSG00010000773,GENE0774,460.13,0.5247,0.1508,5.008e-4,3.823e-3
ENSG00010000774,GENE0775,412.85,0.2834,0.2951,3.369e-1,6.994e-1
ENSG00010000775,GENE0776,1409.85,0.4996,0.2869,8.158e-2,3.162e-1
ENSG00010000776,GENE0777,2802.30,-0.2052,0.1404,1.439e-1,4.450e-1
ENSG00010000777,GENE0778,97.67,0.2050,0.1723,2.342e-1,5.832e-1
ENSG00010000778,GENE0779,139.47,0.3581,0.1140,1.677e-3,1.195e-2
ENSG00010000779,GENE0780,352.43,-0.0905,0.1806,6.164e-1,8.769e-1
ENSG00010000780,GENE0781,3305.67,0.7192,0.1519,2.201e-6,2.070e-5
ENSG00010000781,GENE0782,70.73,0.2357,0.3053,4.402e-1,7.777e-1
ENSG00010000782,GENE0783,387.13,0.4033,0.2075,5.196e-2,2.269e-1
ENSG00010000783,GENE0784,1981.23,0.1679,0.2585,5.160e-1,8.296e-1
ENSG00010000784,GENE0785,109.01,0.0046,0.1176,9.687e-1,9.905e-1
ENSG00010000785,GENE0786,436.38,-0.0731,0.2451,7.656e-1,9.425e-1
ENSG00010000786,GENE0787,181.29,-0.0939,0.1771,5.961e-1,8.673e-1
ENSG00010000787,GENE0788,15.27,0.0001,0.2100,9.997e-1,1.000e+0
ENSG00010000788,GENE0789,271.94,-0.0120,0.2506,9.619e-1,9.873e-1
ENSG00010000789,GENE0790,68.58,0.1807,0.1276,1.568e-1,4.672e-1
ENSG00010000790,GENE0791,21.74,-0.6416,0.2502,1.033e-2,6.138e-2
ENSG00010000791,GENE0792,88.96,0.1068,0.2312,6.442e-1,8.857e-1
ENSG00010000792,GENE0793,5.30,-0.2343,0.1737,1.774e-1,4.968e-1
ENSG00010000793,GENE0794,24.27,-1.8857,0.1671,1.000e-300,1.471e-299
ENSG00010000794,GENE0795,254.06,2.0712,0.2409,1.000e-300,1.471e-299
ENSG00010000795,GENE0796,7.76,0.4756,0.2861,9.640e-2,3.541e-1
ENSG00010000796,GENE0797,127.06,0.2731,0.2181,2.106e-1,5.484e-1
ENSG00010000797,GENE0798,799.41,-0.4812,0.1794,7.326e-3,4.513e-2
ENSG00010000798,GENE0799,2729.36,0.3320,0.2496,1.834e-1,5.049e-1
ENSG00010000799,GENE0800,84.27,0.4505,0.2296,4.978e-2,2.194e-1
ENSG00010000800,GENE0801,576.76,-0.3519,0.3392,2.994e-1,6.639e-1
ENSG00010000801,GENE0802,1446.35,-0.5589,0.1955,4.258e-3,2.765e-2
ENSG00010000802,GENE0803,4292.74,3.1280,0.2486,1.000e-300,1.471e-299
ENSG00010000803,GENE0804,1456.46,0.3796,0.2450,1.212e-1,3.996e-1
ENSG00010000804,GENE0805,29.70,-0.1567,0.2672,5.574e-1,8.510e-1
ENSG00010000805,GENE0806,4.91,0.4649,0.1606,3.804e-3,2.525e-2
ENSG00010000806,GENE0807,1086.64,0.0376,0.1817,8.361e-1,9.557e-1
ENSG00010000807,GENE0808,40.19,0.2433,0.1162,3.630e-2,1.720e-1
ENSG00010000808,GENE0809,5.85,-0.3082,0.1893,1.034e-1,3.673e-1
ENSG00010000809,GENE0810,398.98,0.1089,0.2981,7.149e-1,9.209e-1
ENSG00010000810,GENE0811,59.06,0.0515,0.1977,7.944e-1,9.487e-1
ENSG00010000811,GENE0812,11.48,-0.3927,0.1362,3.937e-3,2.596e-2
ENSG00010000812,GENE0813,10.79,-2.6820,0.1570,1.000e-300,1.471e-299
ENSG00010000813,GENE0814,1469.97,0.2581,0.3209,4.213e-1,7.645e-1
ENSG00010000814,GENE0815,14.09,-0.0602,0.2523,8.114e-1,9.507e-1
ENSG00010000815,GENE0816,24.55,-0.7279,0.2379,2.220e-3,1.538e-2
ENSG00010000816,GENE0817,27.48,0.2520,0.1832,1.689e-1,4.889e-1
ENSG00010000817,GENE0818,250.18,-0.1759,0.2004,3.802e-1,7.411e-1
ENSG00010000818,GENE0819,307.34,-0.0116,0.1812,9.488e-1,9.818e-1
ENSG00010000819,GENE0820,732.16,0.4146,0.1815,2.238e-2,1.172e-1
ENSG00010000820,GENE0821,22.00,-0.0231,0.2170,9.151e-1,9.762e-1
ENSG00010000821,GENE0822,112.11,-0.0976,0.3577,7.849e-1,9.471e-1
ENSG00010000822,GENE0823,17.48,0.4652,0.1335,4.952e-4,3.790e-3
ENSG00010000823,GENE0824,998.93,-2.6323,0.2336,1.000e-300,1.471e-299
ENSG00010000824,GENE0825,160.51,0.1971,0.3407,5.629e-1,8.548e-1
ENSG00010000825,GENE0826,10.66,-0.1771,0.1460,2.251e-1,5.698e-1
ENSG00010000826,GENE0827,111.14,0.2187,0.3064,4.754e-1,8.019e-1
ENSG00010000827,GENE0828,6.71,-0.2622,0.2584,3.102e-1,6.700e-1
ENSG00010000828,GENE0829,18.52,0.0630,0.2690,8.148e-1,9.507e-1
ENSG00010000829,GENE0830,1149.46,0.0097,0.2199,9.647e-1,9.894e-1
ENSG00010000830,GENE0831,1481.32,2.7343,0.1094,1.000e-300,1.471e-299
ENSG00010000831,GENE0832,797.03,0.5521,0.3109,7.581e-2,3.011e-1
ENSG00010000832,GENE0833,90.02,-0.2989,0.2868,2.973e-1,6.613e-1
ENSG00010000833,GENE0834,2586.07,0.2676,0.2156,2.146e-1,5.526e-1
ENSG00010000834,GENE0835,44.88,0.2253,0.2141,2.927e-1,6.576e-1
ENSG00010000835,GENE0836,125.68,-0.7335,0.1836,6.457e-5,5.488e-4
ENSG00010000836,GENE0837,417.64,-0.0953,0.2828,7.360e-1,9.313e-1
ENSG00010000837,GENE0838,101.57,-0.1495,0.1848,4.187e-1,7.644e-1
ENSG00010000838,GENE0839,254.25,-0.1036,0.3611,7.743e-1,9.434e-1
ENSG00010000839,GENE0840,2118.07,-0.0068,0.1928,9.718e-1,9.915e-1
ENSG00010000840,GENE0841,922.74,-0.0114,0.2902,9.686e-1,9.905e-1
ENSG00010000841,GENE0842,6638.47,2.4204,0.1574,1.000e-300,1.471e-299
ENSG00010000842,GENE0843,1904.26,-0.6370,0.1849,5.698e-4,4.316e-3
ENSG00010000843,GENE0844,258.06,-0.1135,0.1795,5.272e-1,8.358e-1
ENSG00010000844,GENE0845,43.16,0.0172,0.2033,9.327e-1,9.787e-1
ENSG00010000845,GENE0846,189.05,-0.2916,0.3530,4.087e-1,7.578e-1
ENSG00010000846,GENE0847,37.81,0.1572,0.2888,5.863e-1,8.635e-1
ENSG00010000847,GENE0848,8.58,0.1580,0.1626,3.313e-1,6.916e-1
ENSG00010000848,GENE0849,50.52,-0.2564,0.1589,1.066e-1,3.721e-1
ENSG00010000849,GENE0850,443.06,0.1553,0.1348,2.491e-1,6.005e-1
ENSG00010000850,GENE0851,10.33,-0.2559,0.3039,3.997e-1,7.546e-1
ENSG00010000851,GENE0852,518.92,-0.3146,0.2310,1.732e-1,4.935e-1
ENSG00010000852,GENE0853,11.99,-0.0396,0.1850,8.306e-1,9.557e-1
ENSG00010000853,GENE0854,9.17,-2.4991,0.1555,1.000e-300,1.471e-299
ENSG00010000854,GENE0855,205.52,2.0476,0.2840,5.609e-13,7.253e-12
ENSG00010000855,GENE0856,582.18,-0.0457,0.2454,8.522e-1,9.613e-1
ENSG00010000856,GENE0857,55.00,0.3735,0.3681,3.103e-1,6.700e-1
ENSG00010000857,GENE0858,22.62,-2.5872,0.2444,1.000e-300,1.471e-299
ENSG00010000858,GENE0859,1411.40,-0.0308,0.2476,9.010e-1,9.723e-1
ENSG00010000859,GENE0860,3176.78,-0.2252,0.2414,3.510e-1,7.104e-1
ENSG00010000860,GENE0861,160.67,-0.2344,0.1554,1.315e-1,4.244e-1
ENSG00010000861,GENE0862,5.57,0.1107,0.1883,5.568e-1,8.509e-1
ENSG00010000862,GENE0863,508.99,-0.3286,0.3426,3.374e-1,6.994e-1
ENSG00010000863,GENE0864,58.19,0.1845,0.3562,6.043e-1,8.689e-1
ENSG00010000864,GENE0865,28.52,-0.0991,0.2554,6.980e-1,9.132e-1
ENSG00010000865,GENE0866,2018.61,-0.1236,0.1748,4.796e-1,8.034e-1
ENSG00010000866,GENE0867,2237.04,2.7716,0.2676,1.000e-300,1.471e-299
ENSG00010000867,GENE0868,205.72,0.0169,0.3128,9.570e-1,9.860e-1
ENSG00010000868,GENE0869,17.33,0.2571,0.1434,7.297e-2,2.926e-1
ENSG00010000869,GENE0870,397.00,1.4528,0.2641,3.812e-8,3.917e-7
ENSG00010000870,GENE0871,19.33,1.3460,0.2928,4.277e-6,3.948e-5
ENSG00010000871,GENE0872,40.97,0.2413,0.3315,4.666e-1,7.966e-1
ENSG00010000872,GENE0873,35.91,0.0450,0.1687,7.899e-1,9.471e-1
ENSG00010000873,GENE0874,1041.59,0.0352,0.3018,9.073e-1,9.734e-1
ENSG00010000874,GENE0875,12.24,-0.2611,0.1613,1.054e-1,3.715e-1
ENSG00010000875,GENE0876,46.76,0.2100,0.2875,4.651e-1,7.966e-1
ENSG00010000876,GENE0877,2038.48,0.0985,0.1316,4.541e-1,7.907e-1
ENSG00010000877,GENE0878,1025.18,-0.3553,0.2940,2.269e-1,5.717e-1
ENSG00010000878,GENE0879,134.32,-0.3108,0.2525,2.183e-1,5.585e-1
ENSG00010000879,GENE0880,1534.86,0.2740,0.3082,3.739e-1,7.339e-1
ENSG00010000880,GENE0881,172.18,0.4406,0.2016,2.885e-2,1.426e-1
ENSG00010000881,GENE0882,1766.01,-1.4404,0.1730,1.000e-300,1.471e-299
ENSG00010000882,GENE0883,1618.24,0.0029,0.1464,9.844e-1,9.951e-1
ENSG00010000883,GENE0884,3509.20,-0.4921,0.1846,7.702e-3,4.706e-2
ENSG00010000884,GENE0885,1926.64,0.2867,0.1418,4.312e-2,1.951e-1
ENSG00010000885,GENE0886,494.61,0.1579,0.1824,3.867e-1,7.460e-1
ENSG00010000886,GENE0887,382.45,0.1575,0.2126,4.589e-1,7.939e-1
ENSG00010000887,GENE0888,27.48,-0.1547,0.2557,5.451e-1,8.460e-1
ENSG00010000888,GENE0889,256.76,-0.4791,0.1197,6.244e-5,5.321e-4
ENSG00010000889,GENE0890,111.54,0.0974,0.1908,6.097e-1,8.714e-1
ENSG00010000890,GENE0891,142.32,-0.4771,0.1739,6.088e-3,3.837e-2
ENSG00010000891,GENE0892,58.62,-0.5267,0.3363,1.174e-1,3.952e-1
ENSG00010000892,GENE0893,3493.48,-0.1275,0.2681,6.343e-1,8.849e-1
ENSG00010000893,GENE0894,1512.77,-2.0774,0.3084,1.636e-11,1.932e-10
ENSG00010000894,GENE0895,1344.74,0.0891,0.1227,4.677e-1,7.973e-1
ENSG00010000895,GENE0896,19.55,0.3228,0.1889,8.741e-2,3.328e-1
ENSG00010000896,GENE0897,88.15,-0.0543,0.3185,8.646e-1,9.620e-1
ENSG00010000897,GENE0898,114.28,-0.3343,0.1484,2.426e-2,1.244e-1
ENSG00010000898,GENE0899,368.82,-0.6108,0.1454,2.670e-5,2.342e-4
ENSG00010000899,GENE0900,7.64,0.4137,0.2274,6.889e-2,2.831e-1
ENSG00010000900,GENE0901,800.97,0.2951,0.1656,7.478e-2,2.975e-1
ENSG00010000901,GENE0902,13.53,0.0983,0.2649,7.106e-1,9.192e-1
ENSG00010000902,GENE0903,73.98,0.0856,0.1926,6.566e-1,8.910e-1
ENSG00010000903,GENE0904,25.09,0.0926,0.2838,7.441e-1,9.336e-1
ENSG00010000904,GENE0905,15.20,-0.0700,0.2148,7.445e-1,9.336e-1
ENSG00010000905,GENE0906,60.89,-0.0839,0.2193,7.019e-1,9.149e-1
ENSG00010000906,GENE0907,286.19,0.1241,0.1979,5.307e-1,8.379e-1
ENSG00010000907,GENE0908,3132.37,0.1969,0.1607,2.204e-1,5.619e-1
ENSG00010000908,GENE0909,23.11,2.3894,0.2052,1.000e-300,1.471e-299
ENSG00010000909,GENE0910,14.25,-0.0244,0.1907,8.980e-1,9.712e-1
ENSG00010000910,GENE0911,1523.48,-0.2951,0.2498,2.375e-1,5.874e-1
ENSG00010000911,GENE0912,1148.50,-2.7332,0.2702,1.000e-300,1.471e-299
ENSG00010000912,GENE0913,3785.17,0.0533,0.2159,8.050e-1,9.490e-1
ENSG00010000913,GENE0914,108.31,0.4928,0.3804,1.951e-1,5.231e-1
ENSG00010000914,GENE0915,93.33,0.1257,0.1962,5.216e-1,8.324e-1
ENSG00010000915,GENE0916,3932.66,0.1192,0.3206,7.100e-1,9.190e-1
ENSG00010000916,GENE0917,22.24,-0.2317,0.2082,2.658e-1,6.219e-1
ENSG00010000917,GENE0918,2574.96,0.0221,0.2055,9.145e-1,9.762e-1
ENSG00010000918,GENE0919,89.01,1.0996,0.2677,4.002e-5,3.450e-4
ENSG00010000919,GENE0920,2428.48,-0.0016,0.2114,9.939e-1,9.967e-1
ENSG00010000920,GENE0921,111.33,-0.5618,0.2394,1.896e-2,1.028e-1
ENSG00010000921,GENE0922,586.02,-0.3958,0.2646,1.347e-1,4.290e-1
ENSG00010000922,GENE0923,1525.32,0.4246,0.1572,6.902e-3,4.278e-2
ENSG00010000923,GENE0924,630.95,0.1234,0.2653,6.418e-1,8.857e-1
ENSG00010000924,GENE0925,1288.73,0.4238,0.1872,2.354e-2,1.215e-1
ENSG00010000925,GENE0926,1022.73,-0.0373,0.2623,8.869e-1,9.665e-1
ENSG00010000926,GENE0927,94.72,-0.0959,0.2676,7.201e-1,9.228e-1
ENSG00010000927,GENE0928,15.87,-0.1990,0.1251,1.117e-1,3.840e-1
ENSG00010000928,GENE0929,89.69,-0.0291,0.1605,8.561e-1,9.620e-1
ENSG00010000929,GENE0930,14.63,0.2285,0.0613,1.921e-4,1.537e-3
ENSG00010000930,GENE0931,12.13,-0.0526,0.2672,8.439e-1,9.581e-1
ENSG00010000931,GENE0932,105.22,-0.3907,0.2374,9.982e-2,3.615e-1
ENSG00010000932,GENE0933,3021.56,-0.4489,0.1859,1.575e-2,8.799e-2
ENSG00010000933,GENE0934,64.89,-0.1538,0.2790,5.815e-1,8.615e-1
ENSG00010000934,GENE0935,286.94,0.1240,0.0602,3.923e-2,1.816e-1
ENSG00010000935,GENE0936,147.82,0.3890,0.2089,6.258e-2,2.633e-1
ENSG00010000936,GENE0937,863.22,-0.2473,0.2420,3.067e-1,6.673e-1
ENSG00010000937,GENE0938,196.96,0.2501,0.1843,1.748e-1,4.951e-1
ENSG00010000938,GENE0939,2434.44,0.1321,0.2995,6.593e-1,8.931e-1
ENSG00010000939,GENE0940,5.40,0.3065,0.1813,9.093e-2,3.405e-1
ENSG00010000940,GENE0941,6.69,-0.0730,0.2505,7.708e-1,9.434e-1
ENSG00010000941,GENE0942,53.99,-2.9151,0.2672,1.000e-300,1.471e-299
ENSG00010000942,GENE0943,115.49,-0.1398,0.1737,4.210e-1,7.645e-1
ENSG00010000943,GENE0944,8.53,-0.0086,0.2139,9.680e-1,9.905e-1
ENSG00010000944,GENE0945,639.64,2.2217,0.3086,6.097e-13,7.817e-12
ENSG00010000945,GENE0946,93.09,-0.1157,0.2022,5.674e-1,8.581e-1
ENSG00010000946,GENE0947,23.94,0.0081,0.3174,9.796e-1,9.942e-1
ENSG00010000947,GENE0948,29.68,0.2332,0.2224,2.944e-1,6.582e-1
ENSG00010000948,GENE0949,20.48,-0.1064,0.2283,6.411e-1,8.857e-1
ENSG00010000949,GENE0950,7.49,-0.0180,0.1489,9.036e-1,9.732e-1
ENSG00010000950,GENE0951,12.16,0.2550,0.2510,3.096e-1,6.700e-1
ENSG00010000951,GENE0952,8.54,-0.1706,0.2259,4.501e-1,7.861e-1
ENSG00010000952,GENE0953,17.58,0.4484,0.1783,1.190e-2,6.974e-2
ENSG00010000953,GENE0954,74.76,-0.2636,0.3019,3.827e-1,7.437e-1
ENSG00010000954,GENE0955,54.60,-0.0528,0.3040,8.621e-1,9.620e-1
ENSG00010000955,GENE0956,354.34,1.6740,0.2347,9.974e-13,1.252e-11
ENSG00010000956,GENE0957,142.62,0.0951,0.3300,7.731e-1,9.434e-1
ENSG00010000957,GENE0958,2156.53,0.2131,0.1735,2.195e-1,5.604e-1
ENSG00010000958,GENE0959,80.81,0.0317,0.2194,8.850e-1,9.658e-1
ENSG00010000959,GENE0960,7.71,1.0049,0.2527,6.979e-5,5.881e-4
ENSG00010000960,GENE0961,363.84,-2.9498,0.2175,1.000e-300,1.471e-299
ENSG00010000961,GENE0962,20.79,0.0051,0.2535,9.840e-1,9.951e-1
ENSG00010000962,GENE0963,684.45,0.2501,0.1112,2.447e-2,1.246e-1
ENSG00010000963,GENE0964,42.31,-0.6050,0.2126,4.435e-3,2.867e-2
ENSG00010000964,GENE0965,104.35,-0.2236,0.2165,3.017e-1,6.655e-1
ENSG00010000965,GENE0966,14.03,-0.0427,0.2949,8.847e-1,9.658e-1
ENSG00010000966,GENE0967,535.27,0.1095,0.1796,5.419e-1,8.441e-1
ENSG00010000967,GENE0968,46.06,-2.3402,0.2890,4.441e-16,6.467e-15
ENSG00010000968,GENE0969,182.48,-0.2461,0.1361,7.058e-2,2.873e-1
ENSG00010000969,GENE0970,146.77,-0.1412,0.1485,3.416e-1,7.010e-1
ENSG00010000970,GENE0971,323.62,-0.1600,0.4011,6.899e-1,9.089e-1
ENSG00010000971,GENE0972,19.21,0.1741,0.2046,3.948e-1,7.517e-1
ENSG00010000972,GENE0973,11.87,-0.2343,0.2234,2.943e-1,6.582e-1
ENSG00010000973,GENE0974,385.67,0.1693,0.2009,3.993e-1,7.546e-1
ENSG00010000974,GENE0975,4.18,-0.4528,0.1092,3.348e-5,2.895e-4
ENSG00010000975,GENE0976,1369.26,0.2721,0.1747,1.194e-1,3.986e-1
ENSG00010000976,GENE0977,84.33,-0.3468,0.2776,2.115e-1,5.498e-1
ENSG00010000977,GENE0978,12.51,0.2785,0.2388,2.435e-1,5.921e-1
ENSG00010000978,GENE0979,166.68,-0.0455,0.3362,8.924e-1,9.692e-1
ENSG00010000979,GENE0980,8.26,-0.1193,0.1542,4.392e-1,7.776e-1
ENSG00010000980,GENE0981,5.49,0.0817,0.1557,5.999e-1,8.685e-1
ENSG00010000981,GENE0982,70.00,0.4051,0.2192,6.456e-2,2.698e-1
ENSG00010000982,GENE0983,1273.08,-0.1802,0.1803,3.177e-1,6.769e-1
ENSG00010000983,GENE0984,9.44,0.2789,0.1995,1.620e-1,4.784e-1
ENSG00010000984,GENE0985,741.24,0.3850,0.2054,6.087e-2,2.583e-1
ENSG00010000985,GENE0986,60.28,-0.1505,0.2712,5.791e-1,8.615e-1
ENSG00010000986,GENE0987,112.27,0.3006,0.2277,1.869e-1,5.098e-1
ENSG00010000987,GENE0988,24622.27,3.7516,0.2657,1.000e-300,1.471e-299
ENSG00010000988,GENE0989,1520.93,-0.0579,0.2325,8.034e-1,9.490e-1
ENSG00010000989,GENE0990,3203.38,0.0646,0.1684,7.011e-1,9.148e-1
ENSG00010000990,GENE0991,557.20,0.2127,0.2871,4.588e-1,7.939e-1
ENSG00010000991,GENE0992,1599.02,0.2054,0.2483,4.080e-1,7.577e-1
ENSG00010000992,GENE0993,129.95,-0.0039,0.2531,9.878e-1,9.958e-1
ENSG00010000993,GENE0994,892.75,-0.1153,0.2370,6.268e-1,8.813e-1
ENSG00010000994,GENE0995,13.91,0.3059,0.2299,1.833e-1,5.049e-1
ENSG00010000995,GENE0996,1238.09,0.0850,0.1624,6.010e-1,8.689e-1
ENSG00010000996,GENE0997,363.04,0.2354,0.2179,2.802e-1,6.445e-1
ENSG00010000997,GENE0998,45.60,0.1984,0.2218,3.710e-1,7.335e-1
ENSG00010000998,GENE0999,41.79,-0.2356,0.2546,3.548e-1,7.148e-1
ENSG00010000999,GENE1000,24.08,0.0759,0.2138,7.226e-1,9.240e-1
ENSG00010001000,GENE1001,52.29,0.3196,0.2062,1.211e-1,3.996e-1
ENSG00010001001,GENE1002,301.59,0.2403,0.1534,1.172e-1,3.952e-1
ENSG00010001002,GENE1003,151.82,1.4359,0.2278,2.914e-10,3.286e-9
ENSG00010001003,GENE1004,6720.28,2.0223,0.2793,4.490e-13,5.856e-12
ENSG00010001004,GENE1005,15.44,-0.3023,0.0986,2.183e-3,1.516e-2
ENSG00010001005,GENE1006,275.70,2.1662,0.4332,5.720e-7,5.482e-6
ENSG00010001006,GENE1007,397.81,-0.0615,0.1061,5.621e-1,8.543e-1
ENSG00010001007,GENE1008,145.97,-0.3277,0.3172,3.015e-1,6.655e-1
ENSG00010001008,GENE1009,514.39,-0.2737,0.4211,5.157e-1,8.296e-1
ENSG00010001009,GENE1010,3457.24,1.8082,0.1681,1.000e-300,1.471e-299
ENSG00010001010,GENE1011,169.71,0.0772,0.2884,7.889e-1,9.471e-1
ENSG00010001011,GENE1012,8.12,-0.0394,0.3306,9.052e-1,9.732e-1
ENSG00010001012,GENE1013,5.67,0.0401,0.1707,8.143e-1,9.507e-1
ENSG00010001013,GENE1014,75.94,0.3320,0.3134,2.895e-1,6.554e-1
ENSG00010001014,GENE1015,3894.20,3.2179,0.0774,1.000e-300,1.471e-299
ENSG00010001015,GENE1016,6.50,-0.0206,0.3199,9.488e-1,9.818e-1
ENSG00010001016,GENE1017,101.00,-0.2427,0.1345,7.127e-2,2.889e-1
ENSG00010001017,GENE1018,5.55,0.2832,0.2220,2.021e-1,5.331e-1
ENSG00010001018,GENE1019,3.93,0.0964,0.2015,6.322e-1,8.844e-1
ENSG00010001019,GENE1020,1518.53,0.0025,0.1393,9.856e-1,9.951e-1
ENSG00010001020,GENE1021,1751.74,0.0054,0.2911,9.851e-1,9.951e-1
ENSG00010001021,GENE1022,387.95,0.1707,0.1458,2.418e-1,5.902e-1
ENSG00010001022,GENE1023,920.50,0.2560,0.1910,1.802e-1,5.006e-1
ENSG00010001023,GENE1024,5061.99,0.8674,0.2732,1.497e-3,1.082e-2
ENSG00010001024,GENE1025,4.41,-0.3438,0.2208,1.194e-1,3.986e-1
ENSG00010001025,GENE1026,33.60,-0.0852,0.1016,4.018e-1,7.546e-1
ENSG00010001026,GENE1027,591.36,0.0935,0.2576,7.167e-1,9.228e-1
ENSG00010001027,GENE1028,907.10,0.1066,0.1464,4.664e-1,7.966e-1
ENSG00010001028,GENE1029,36.40,-0.0828,0.2740,7.624e-1,9.405e-1
ENSG00010001029,GENE1030,681.28,-0.1598,0.1865,3.918e-1,7.505e-1
ENSG00010001030,GENE1031,242.10,0.0613,0.3232,8.497e-1,9.598e-1
ENSG00010001031,GENE1032,9.11,-0.1139,0.1642,4.880e-1,8.092e-1
ENSG00010001032,GENE1033,1545.69,-0.0684,0.1651,6.787e-1,9.055e-1
ENSG00010001033,GENE1034,32.68,-0.4162,0.2443,8.853e-2,3.353e-1
ENSG00010001034,GENE1035,25.07,0.2149,0.1981,2.780e-1,6.416e-1
ENSG00010001035,GENE1036,148.52,0.0117,0.2735,9.660e-1,9.898e-1
ENSG00010001036,GENE1037,15.95,1.0575,0.2075,3.456e-7,3.366e-6
ENSG00010001037,GENE1038,764.75,-0.4312,0.2781,1.210e-1,3.996e-1
ENSG00010001038,GENE1039,66.22,0.5250,0.2885,6.884e-2,2.831e-1
ENSG00010001039,GENE1040,5.51,0.3208,0.2219,1.482e-1,4.519e-1
ENSG00010001040,GENE1041,17.17,-0.1113,0.3435,7.459e-1,9.336e-1
ENSG00010001041,GENE1042,147.43,0.4846,0.2155,2.451e-2,1.246e-1
ENSG00010001042,GENE1043,216.59,0.2522,0.2613,3.346e-1,6.971e-1
ENSG00010001043,GENE1044,4002.30,0.1534,0.3781,6.849e-1,9.075e-1
ENSG00010001044,GENE1045,525.93,0.3057,0.3432,3.731e-1,7.339e-1
ENSG00010001045,GENE1046,7.38,0.1843,0.1655,2.656e-1,6.219e-1
ENSG00010001046,GENE1047,92.80,-0.0608,0.2459,8.046e-1,9.490e-1
ENSG00010001047,GENE1048,136.34,0.0055,0.2043,9.787e-1,9.936e-1
ENSG00010001048,GENE1049,19.95,0.2342,0.2209,2.891e-1,6.554e-1
ENSG00010001049,GENE1050,457.66,-0.2731,0.2199,2.143e-1,5.524e-1
ENSG00010001050,GENE1051,9.84,0.0423,0.1526,7.816e-1,9.471e-1
ENSG00010001051,GENE1052,39.25,0.1263,0.1845,4.937e-1,8.131e-1
ENSG00010001052,GENE1053,129.44,0.1572,0.3369,6.407e-1,8.857e-1
ENSG00010001053,GENE1054,996.55,0.1283,0.2070,5.355e-1,8.416e-1
ENSG00010001054,GENE1055,42.36,-1.6565,0.1410,1.000e-300,1.471e-299
ENSG00010001055,GENE1056,690.32,0.2386,0.2799,3.940e-1,7.514e-1
ENSG00010001056,GENE1057,2610.12,-0.2974,0.2589,2.508e-1,6.013e-1
ENSG00010001057,GENE1058,22.16,-0.3115,0.1164,7.440e-3,4.566e-2
ENSG00010001058,GENE1059,8.69,-0.2004,0.2146,3.504e-1,7.103e-1
ENSG00010001059,GENE1060,3201.62,0.2557,0.2290,2.642e-1,6.206e-1
ENSG00010001060,GENE1061,25.64,0.3288,0.2318,1.561e-1,4.655e-1
ENSG00010001061,GENE1062,65.39,3.0471,0.1364,1.000e-300,1.471e-299
ENSG00010001062,GENE1063,2968.99,-0.1186,0.2372,6.172e-1,8.769e-1
ENSG00010001063,GENE1064,442.89,-0.1951,0.1544,2.062e-1,5.404e-1
ENSG00010001064,GENE1065,506.04,0.2523,0.3084,4.134e-1,7.604e-1
ENSG00010001065,GENE1066,9.32,-0.4682,0.1985,1.833e-2,1.005e-1
ENSG00010001066,GENE1067,60.15,0.2390,0.2048,2.434e-1,5.921e-1
ENSG00010001067,GENE1068,54.63,0.0487,0.3467,8.884e-1,9.673e-1
ENSG00010001068,GENE1069,45.20,0.3177,0.3278,3.324e-1,6.930e-1
ENSG00010001069,GENE1070,120.07,-0.5231,0.2737,5.597e-2,2.413e-1
ENSG00010001070,GENE1071,9.02,0.1277,0.3348,7.030e-1,9.149e-1
ENSG00010001071,GENE1072,36.08,0.3169,0.2111,1.332e-1,4.252e-1
ENSG00010001072,GENE1073,1433.14,0.2438,0.1664,1.430e-1,4.446e-1
ENSG00010001073,GENE1074,54.76,0.0970,0.2520,7.004e-1,9.146e-1
ENSG00010001074,GENE1075,8.78,0.0392,0.2596,8.800e-1,9.649e-1
ENSG00010001075,GENE1076,1670.61,-0.0797,0.2092,7.031e-1,9.149e-1
ENSG00010001076,GENE1077,11.07,-0.0217,0.2588,9.333e-1,9.787e-1
ENSG00010001077,GENE1078,119.81,-0.2298,0.2666,3.887e-1,7.471e-1
ENSG00010001078,GENE1079,71.72,-0.2819,0.2968,3.421e-1,7.010e-1
ENSG00010001079,GENE1080,2787.09,3.3279,0.2015,1.000e-300,1.471e-299
ENSG00010001080,GENE1081,25.23,2.7143,0.3708,2.505e-13,3.340e-12
ENSG00010001081,GENE1082,574.41,-0.1120,0.2246,6.180e-1,8.769e-1
ENSG00010001082,GENE1083,6.46,0.1862,0.0332,1.958e-8,2.040e-7
ENSG00010001083,GENE1084,8.05,0.0330,0.1567,8.334e-1,9.557e-1
ENSG00010001084,GENE1085,259.40,0.2132,0.1063,4.484e-2,2.014e-1
ENSG00010001085,GENE1086,29.65,0.2691,0.2073,1.942e-1,5.220e-1
ENSG00010001086,GENE1087,46.60,-0.4422,0.2509,7.801e-2,3.071e-1
ENSG00010001087,GENE1088,119.18,-0.1707,0.1659,3.036e-1,6.660e-1
ENSG00010001088,GENE1089,49.87,0.3628,0.2136,8.939e-2,3.365e-1
ENSG00010001089,GENE1090,833.97,0.5607,0.2294,1.454e-2,8.197e-2
ENSG00010001090,GENE1091,4.03,-2.0345,0.1727,1.000e-300,1.471e-299
ENSG00010001091,GENE1092,2027.13,2.2222,0.2622,1.000e-300,1.471e-299
ENSG00010001092,GENE1093,1363.12,0.1741,0.1768,3.246e-1,6.860e-1
ENSG00010001093,GENE1094,117.53,0.2818,0.2429,2.460e-1,5.952e-1
ENSG00010001094,GENE1095,7.35,-0.1197,0.3199,7.081e-1,9.183e-1
ENSG00010001095,GENE1096,29.48,0.0855,0.0911,3.484e-1,7.086e-1
ENSG00010001096,GENE1097,125.89,0.0100,0.1886,9.576e-1,9.862e-1
ENSG00010001097,GENE1098,85.79,2.5396,0.2234,1.000e-300,1.471e-299
ENSG00010001098,GENE1099,439.49,-0.3447,0.1472,1.918e-2,1.039e-1
ENSG00010001099,GENE1100,39.46,0.2979,0.1793,9.670e-2,3.542e-1
ENSG00010001100,GENE1101,1829.03,-0.1476,0.1630,3.655e-1,7.266e-1
ENSG00010001101,GENE1102,1055.73,0.5722,0.3345,8.717e-2,3.323e-1
ENSG00010001102,GENE1103,28.09,-0.0244,0.2108,9.077e-1,9.734e-1
ENSG00010001103,GENE1104,9.28,0.5625,0.2340,1.622e-2,9.029e-2
ENSG00010001104,GENE1105,7.50,-0.2648,0.1538,8.512e-2,3.270e-1
ENSG00010001105,GENE1106,426.18,0.2903,0.2310,2.089e-1,5.449e-1
ENSG00010001106,GENE1107,541.57,-0.2902,0.3193,3.634e-1,7.250e-1
ENSG00010001107,GENE1108,2746.87,0.2619,0.2884,3.637e-1,7.250e-1
ENSG00010001108,GENE1109,116.65,0.0885,0.2836,7.549e-1,9.374e-1
ENSG00010001109,GENE1110,148.73,-0.2379,0.1550,1.248e-1,4.087e-1
ENSG00010001110,GENE1111,109.03,0.0564,0.2777,8.392e-1,9.571e-1
ENSG00010001111,GENE1112,3613.14,0.1114,0.3384,7.421e-1,9.336e-1
ENSG00010001112,GENE1113,777.89,-0.4451,0.2346,5.783e-2,2.485e-1
ENSG00010001113,GENE1114,2389.87,-0.4091,0.1969,3.773e-2,1.767e-1
ENSG00010001114,GENE1115,29.46,0.0544,0.1052,6.047e-1,8.689e-1
ENSG00010001115,GENE1116,6.59,0.0941,0.2104,6.549e-1,8.905e-1
ENSG00010001116,GENE1117,26.43,-1.7093,0.3358,3.594e-7,3.490e-6
ENSG00010001117,GENE1118,190.15,0.1897,0.2947,5.197e-1,8.320e-1
ENSG00010001118,GENE1119,27.91,0.3462,0.2794,2.153e-1,5.534e-1
ENSG00010001119,GENE1120,1999.69,0.0265,0.2855,9.260e-1,9.787e-1
ENSG00010001120,GENE1121,1264.97,-0.3998,0.2038,4.981e-2,2.194e-1
ENSG00010001121,GENE1122,1197.29,-0.0550,0.1878,7.698e-1,9.434e-1
ENSG00010001122,GENE1123,151.97,-0.1090,0.2660,6.820e-1,9.055e-1
ENSG00010001123,GENE1124,21.60,-0.2658,0.2453,2.787e-1,6.418e-1
ENSG00010001124,GENE1125,4.70,-0.1992,0.1961,3.096e-1,6.700e-1
ENSG00010001125,GENE1126,15.19,0.2395,0.1469,1.029e-1,3.672e-1
ENSG00010001126,GENE1127,3168.75,0.2458,0.1681,1.437e-1,4.450e-1
ENSG00010001127,GENE1128,8.30,0.1155,0.3519,7.427e-1,9.336e-1
ENSG00010001128,GENE1129,500.63,-0.3866,0.3211,2.286e-1,5.725e-1
ENSG00010001129,GENE1130,77.59,2.5473,0.1798,1.000e-300,1.471e-299
ENSG00010001130,GENE1131,83.25,-0.4426,0.2742,1.065e-1,3.721e-1
ENSG00010001131,GENE1132,730.47,0.0364,0.1602,8.202e-1,9.511e-1
ENSG00010001132,GENE1133,366.10,-2.3907,0.2255,1.000e-300,1.471e-299
ENSG00010001133,GENE1134,291.13,0.0636,0.2590,8.061e-1,9.490e-1
ENSG00010001134,GENE1135,377.83,-0.3369,0.1977,8.838e-2,3.352e-1
ENSG00010001135,GENE1136,77.74,0.7688,0.2577,2.852e-3,1.944e-2
ENSG00010001136,GENE1137,1120.65,0.0803,0.3166,7.998e-1,9.490e-1
ENSG00010001137,GENE1138,330.41,0.0507,0.3204,8.743e-1,9.634e-1
ENSG00010001138,GENE1139,347.66,0.1191,0.1441,4.084e-1,7.577e-1
ENSG00010001139,GENE1140,5.65,0.0960,0.2678,7.201e-1,9.228e-1
ENSG00010001140,GENE1141,4.39,0.0413,0.1697,8.079e-1,9.502e-1
ENSG00010001141,GENE1142,37.55,0.4286,0.2036,3.526e-2,1.695e-1
ENSG00010001142,GENE1143,436.18,-0.4220,0.3831,2.707e-1,6.300e-1
ENSG00010001143,GENE1144,26.00,-0.4236,0.3591,2.381e-1,5.875e-1
ENSG00010001144,GENE1145,3679.30,0.1492,0.2890,6.057e-1,8.689e-1
ENSG00010001145,GENE1146,1446.42,-0.0049,0.2232,9.824e-1,9.946e-1
ENSG00010001146,GENE1147,4.09,-0.0729,0.3118,8.151e-1,9.507e-1
ENSG00010001147,GENE1148,427.21,-0.2284,0.1814,2.080e-1,5.440e-1
ENSG00010001148,GENE1149,240.79,-0.1303,0.2479,5.992e-1,8.685e-1
ENSG00010001149,GENE1150,201.90,0.2304,0.2554,3.671e-1,7.294e-1
ENSG00010001150,GENE1151,17.07,-0.2159,0.2570,4.007e-1,7.546e-1
ENSG00010001151,GENE1152,5.59,-0.2750,0.2577,2.859e-1,6.534e-1
ENSG00010001152,GENE1153,6.98,0.3255,0.1551,3.590e-2,1.707e-1
ENSG00010001153,GENE1154,518.33,-0.0090,0.2712,9.734e-1,9.915e-1
ENSG00010001154,GENE1155,20.88,1.7227,0.1067,1.000e-300,1.471e-299
ENSG00010001155,GENE1156,8.24,0.1933,0.1314,1.413e-1,4.413e-1
ENSG00010001156,GENE1157,2099.63,0.3389,0.2776,2.222e-1,5.649e-1
ENSG00010001157,GENE1158,54.55,0.3218,0.3704,3.849e-1,7.456e-1
ENSG00010001158,GENE1159,245.49,-0.0208,0.2447,9.321e-1,9.787e-1
ENSG00010001159,GENE1160,2059.26,0.0874,0.1723,6.119e-1,8.729e-1
ENSG00010001160,GENE1161,7.17,-0.0029,0.2555,9.909e-1,9.962e-1
ENSG00010001161,GENE1162,21.12,0.4283,0.2730,1.167e-1,3.951e-1
ENSG00010001162,GENE1163,35.93,1.6208,0.2762,4.405e-9,4.753e-8
ENSG00010001163,GENE1164,548.67,-0.2434,0.4325,5.735e-1,8.612e-1
ENSG00010001164,GENE1165,55.21,0.0975,0.2371,6.807e-1,9.055e-1
ENSG00010001165,GENE1166,18.75,0.0342,0.2184,8.754e-1,9.634e-1
ENSG00010001166,GENE1167,1458.75,-2.4865,0.2676,1.000e-300,1.471e-299
ENSG00010001167,GENE1168,8.43,0.0167,0.2051,9.351e-1,9.787e-1
ENSG00010001168,GENE1169,3038.79,-0.0046,0.2539,9.856e-1,9.951e-1
ENSG00010001169,GENE1170,64.97,0.3978,0.1559,1.070e-2,6.332e-2
ENSG00010001170,GENE1171,186.49,2.3532,0.1666,1.000e-300,1.471e-299
ENSG00010001171,GENE1172,268.87,3.1750,0.3177,1.000e-300,1.471e-299
ENSG00010001172,GENE1173,57.06,-0.0927,0.1854,6.173e-1,8.769e-1
ENSG00010001173,GENE1174,37.98,0.4394,0.1432,2.152e-3,1.501e-2
ENSG00010001174,GENE1175,807.05,-0.2565,0.1761,1.453e-1,4.468e-1
ENSG00010001175,GENE1176,79.75,0.1468,0.2520,5.603e-1,8.532e-1
ENSG00010001176,GENE1177,830.26,-0.0515,0.3276,8.751e-1,9.634e-1
ENSG00010001177,GENE1178,487.18,0.4766,0.2998,1.120e-1,3.843e-1
ENSG00010001178,GENE1179,23.81,2.8860,0.1348,1.000e-300,1.471e-299
ENSG00010001179,GENE1180,3185.32,-0.2281,0.2348,3.315e-1,6.916e-1
ENSG00010001180,GENE1181,2003.95,0.0768,0.3246,8.129e-1,9.507e-1
ENSG00010001181,GENE1182,95.52,-0.1752,0.1207,1.467e-1,4.490e-1
ENSG00010001182,GENE1183,1341.13,-0.2209,0.0987,2.519e-2,1.274e-1
ENSG00010001183,GENE1184,20.81,-0.1078,0.2912,7.113e-1,9.192e-1
ENSG00010001184,GENE1185,5.53,0.2958,0.2252,1.889e-1,5.128e-1
ENSG00010001185,GENE1186,21.61,-0.0082,0.2419,9.729e-1,9.915e-1
ENSG00010001186,GENE1187,3191.78,-0.2092,0.4032,6.038e-1,8.689e-1
ENSG00010001187,GENE1188,200.75,0.1653,0.2531,5.136e-1,8.275e-1
ENSG00010001188,GENE1189,28.74,-0.0853,0.2325,7.136e-1,9.209e-1
ENSG00010001189,GENE1190,3200.95,-0.0032,0.2441,9.896e-1,9.960e-1
ENSG00010001190,GENE1191,182.37,0.0731,0.2792,7.935e-1,9.484e-1
ENSG00010001191,GENE1192,56.38,-0.0873,0.2435,7.201e-1,9.228e-1
ENSG00010001192,GENE1193,84.23,0.0813,0.3140,7.958e-1,9.490e-1
ENSG00010001193,GENE1194,2626.16,-0.1701,0.2178,4.348e-1,7.751e-1
ENSG00010001194,GENE1195,154.34,-0.3085,0.2291,1.782e-1,4.983e-1
ENSG00010001195,GENE1196,354.23,1.0851,0.2891,1.742e-4,1.409e-3
ENSG00010001196,GENE1197,3701.35,-0.2688,0.3024,3.741e-1,7.339e-1
ENSG00010001197,GENE1198,24.60,-0.0854,0.3131,7.851e-1,9.471e-1
ENSG00010001198,GENE1199,366.96,-0.2152,0.2603,4.083e-1,7.577e-1
ENSG00010001199,GENE1200,3866.94,0.1955,0.1905,3.047e-1,6.662e-1
ENSG00010001200,GENE1201,3416.36,-0.1358,0.2539,5.927e-1,8.661e-1
ENSG00010001201,GENE1202,30.13,0.1033,0.3152,7.432e-1,9.336e-1
ENSG00010001202,GENE1203,13.18,0.0345,0.2373,8.843e-1,9.658e-1
ENSG00010001203,GENE1204,3054.14,1.0994,0.1908,8.281e-9,8.716e-8
ENSG00010001204,GENE1205,124.00,-0.0467,0.2670,8.612e-1,9.620e-1
ENSG00010001205,GENE1206,6.82,0.0535,0.3333,8.724e-1,9.634e-1
ENSG00010001206,GENE1207,341.70,0.0907,0.2016,6.526e-1,8.900e-1
ENSG00010001207,GENE1208,170.27,0.1335,0.2850,6.394e-1,8.857e-1
ENSG00010001208,GENE1209,6.04,-0.0025,0.1516,9.867e-1,9.957e-1
ENSG00010001209,GENE1210,624.45,-0.4307,0.2617,9.991e-2,3.615e-1
ENSG00010001210,GENE1211,36.69,-0.3121,0.3255,3.376e-1,6.994e-1
ENSG00010001211,GENE1212,1066.34,-0.8206,0.2978,5.864e-3,3.711e-2
ENSG00010001212,GENE1213,6093.10,1.0109,0.2520,6.057e-5,5.191e-4
ENSG00010001213,GENE1214,8.73,-0.2569,0.1887,1.734e-1,4.935e-1
ENSG00010001214,GENE1215,6.54,-0.0667,0.3027,8.255e-1,9.525e-1
ENSG00010001215,GENE1216,136.19,-0.1332,0.2307,5.637e-1,8.548e-1
ENSG00010001216,GENE1217,165.51,0.0595,0.2130,7.801e-1,9.471e-1
ENSG00010001217,GENE1218,6.52,0.1956,0.2733,4.741e-1,8.008e-1
ENSG00010001218,GENE1219,16.56,-0.0055,0.2331,9.811e-1,9.946e-1
ENSG00010001219,GENE1220,202.33,0.0732,0.1526,6.312e-1,8.840e-1
ENSG00010001220,GENE1221,8.40,0.4131,0.2743,1.321e-1,4.251e-1
ENSG00010001221,GENE1222,526.01,-2.7048,0.2796,1.000e-300,1.471e-299
ENSG00010001222,GENE1223,130.55,1.0840,0.2746,7.890e-5,6.612e-4
ENSG00010001223,GENE1224,318.19,0.3462,0.2211,1.175e-1,3.952e-1
ENSG00010001224,GENE1225,71.80,0.1834,0.2324,4.301e-1,7.713e-1
ENSG00010001225,GENE1226,90.13,-0.0910,0.2793,7.447e-1,9.336e-1
ENSG00010001226,GENE1227,4.40,0.1429,0.1101,1.944e-1,5.221e-1
ENSG00010001227,GENE1228,803.08,0.3449,0.3614,3.400e-1,7.010e-1
ENSG00010001228,GENE1229,506.66,-0.0790,0.3414,8.170e-1,9.507e-1
ENSG00010001229,GENE1230,1235.08,1.1989,0.2564,2.932e-6,2.732e-5
ENSG00010001230,GENE1231,1526.09,0.3744,0.1500,1.256e-2,7.301e-2
ENSG00010001231,GENE1232,5.49,-0.8831,0.1731,3.375e-7,3.298e-6
ENSG00010001232,GENE1233,24.43,-0.0919,0.3959,8.165e-1,9.507e-1
ENSG00010001233,GENE1234,1003.06,-0.2146,0.2321,3.552e-1,7.151e-1
ENSG00010001234,GENE1235,3314.68,0.0318,0.1718,8.530e-1,9.613e-1
ENSG00010001235,GENE1236,133.55,0.0919,0.3382,7.858e-1,9.471e-1
ENSG00010001236,GENE1237,254.50,0.1840,0.1965,3.490e-1,7.094e-1
ENSG00010001237,GENE1238,3061.60,0.3337,0.1576,3.428e-2,1.659e-1
ENSG00010001238,GENE1239,233.46,2.5477,0.2031,1.000e-300,1.471e-299
ENSG00010001239,GENE1240,4.56,0.1583,0.1380,2.514e-1,6.013e-1
ENSG00010001240,GENE1241,794.60,1.7133,0.1992,1.000e-300,1.471e-299
ENSG00010001241,GENE1242,916.44,0.0638,0.1203,5.961e-1,8.673e-1
ENSG00010001242,GENE1243,251.04,1.0368,0.1911,5.808e-8,5.886e-7
ENSG00010001243,GENE1244,684.73,0.3255,0.2029,1.086e-1,3.767e-1
ENSG00010001244,GENE1245,2091.12,0.3178,0.1967,1.061e-1,3.721e-1
ENSG00010001245,GENE1246,3285.46,0.0630,0.4709,8.935e-1,9.692e-1
ENSG00010001246,GENE1247,15.34,0.2980,0.2518,2.366e-1,5.857e-1
ENSG00010001247,GENE1248,165.94,-0.3327,0.1250,7.768e-3,4.736e-2
ENSG00010001248,GENE1249,218.66,0.1245,0.2939,6.719e-1,9.010e-1
ENSG00010001249,GENE1250,8.34,0.1056,0.3085,7.320e-1,9.294e-1
ENSG00010001250,GENE1251,634.72,0.0470,0.3850,9.028e-1,9.732e-1
ENSG00010001251,GENE1252,1922.87,-1.4328,0.1813,2.665e-15,3.771e-14
ENSG00010001252,GENE1253,171.84,0.1134,0.1953,5.614e-1,8.536e-1
ENSG00010001253,GENE1254,64.30,1.6271,0.2488,6.217e-11,7.119e-10
ENSG00010001254,GENE1255,42.54,0.2328,0.2875,4.182e-1,7.644e-1
ENSG00010001255,GENE1256,1304.64,2.8290,0.2930,1.000e-300,1.471e-299
ENSG00010001256,GENE1257,213.22,0.3021,0.1718,7.869e-2,3.078e-1
ENSG00010001257,GENE1258,468.83,0.1965,0.2829,4.874e-1,8.092e-1
ENSG00010001258,GENE1259,15.03,-0.2425,0.1743,1.641e-1,4.819e-1
ENSG00010001259,GENE1260,1468.79,0.1149,0.2653,6.650e-1,8.953e-1
ENSG00010001260,GENE1261,297.23,-0.3387,0.2421,1.617e-1,4.780e-1
ENSG00010001261,GENE1262,600.47,-0.1323,0.1794,4.609e-1,7.964e-1
ENSG00010001262,GENE1263,55.62,2.1458,0.2947,3.335e-13,4.388e-12
ENSG00010001263,GENE1264,456.43,-1.1071,0.1912,7.091e-9,7.491e-8
ENSG00010001264,GENE1265,3053.01,0.1767,0.1568,2.598e-1,6.134e-1
ENSG00010001265,GENE1266,4.25,0.0202,0.1701,9.057e-1,9.732e-1
ENSG00010001266,GENE1267,2106.03,0.1123,0.1701,5.092e-1,8.259e-1
ENSG00010001267,GENE1268,36.09,0.1520,0.3750,6.852e-1,9.075e-1
ENSG00010001268,GENE1269,12.93,-0.4901,0.2705,7.000e-2,2.857e-1
ENSG00010001269,GENE1270,530.26,0.1134,0.2962,7.018e-1,9.149e-1
ENSG00010001270,GENE1271,6.36,0.1323,0.2222,5.514e-1,8.495e-1
ENSG00010001271,GENE1272,651.23,2.7218,0.3610,4.752e-14,6.450e-13
ENSG00010001272,GENE1273,1424.16,-0.1150,0.1500,4.432e-1,7.799e-1
ENSG00010001273,GENE1274,348.58,0.3572,0.1746,4.083e-2,1.882e-1
ENSG00010001274,GENE1275,42.50,-0.2634,0.2389,2.701e-1,6.296e-1
ENSG00010001275,GENE1276,65.92,-0.1202,0.3499,7.312e-1,9.287e-1
ENSG00010001276,GENE1277,183.96,-0.2272,0.1975,2.498e-1,6.009e-1
ENSG00010001277,GENE1278,2369.12,0.2039,0.3613,5.726e-1,8.609e-1
ENSG00010001278,GENE1279,1215.77,0.2863,0.1774,1.065e-1,3.721e-1
ENSG00010001279,GENE1280,4.30,-0.3621,0.1816,4.619e-2,2.062e-1
ENSG00010001280,GENE1281,15.41,-0.2754,0.1852,1.371e-1,4.325e-1
ENSG00010001281,GENE1282,5.89,-0.0705,0.1500,6.386e-1,8.857e-1
ENSG00010001282,GENE1283,35.66,-0.4083,0.2016,4.279e-2,1.945e-1
ENSG00010001283,GENE1284,48.63,0.0231,0.2679,9.314e-1,9.787e-1
ENSG00010001284,GENE1285,36.52,0.1428,0.2646,5.894e-1,8.653e-1
ENSG00010001285,GENE1286,77.58,0.1613,0.1946,4.071e-1,7.577e-1
ENSG00010001286,GENE1287,157.14,-0.6348,0.3106,4.098e-2,1.886e-1
ENSG00010001287,GENE1288,108.67,-0.5049,0.1904,8.008e-3,4.873e-2
ENSG00010001288,GENE1289,140.09,0.0467,0.2888,8.715e-1,9.633e-1
ENSG00010001289,GENE1290,564.49,-0.2439,0.2462,3.217e-1,6.815e-1
ENSG00010001290,GENE1291,308.91,0.2063,0.3533,5.592e-1,8.521e-1
ENSG00010001291,GENE1292,859.91,-0.4273,0.2354,6.944e-2,2.838e-1
ENSG00010001292,GENE1293,4.05,-0.1272,0.1957,5.158e-1,8.296e-1
ENSG00010001293,GENE1294,4.76,0.0280,0.1326,8.328e-1,9.557e-1
ENSG00010001294,GENE1295,1794.80,0.8011,0.2996,7.494e-3,4.588e-2
ENSG00010001295,GENE1296,33.92,-0.1987,0.3246,5.404e-1,8.426e-1
ENSG00010001296,GENE1297,1384.03,2.3663,0.2223,1.000e-300,1.471e-299
ENSG00010001297,GENE1298,79.39,-0.1194,0.3721,7.483e-1,9.343e-1
ENSG00010001298,GENE1299,3811.30,0.5037,0.2755,6.754e-2,2.795e-1
ENSG00010001299,GENE1300,286.18,0.0953,0.1593,5.496e-1,8.483e-1
ENSG00010001300,GENE1301,80.49,0.4660,0.2167,3.149e-2,1.549e-1
ENSG00010001301,GENE1302,2835.52,-0.1039,0.2613,6.911e-1,9.097e-1
ENSG00010001302,GENE1303,73.27,0.0839,0.3585,8.150e-1,9.507e-1
ENSG00010001303,GENE1304,16.50,0.2047,0.2600,4.311e-1,7.725e-1
ENSG00010001304,GENE1305,26.11,-0.0862,0.2794,7.578e-1,9.387e-1
ENSG00010001305,GENE1306,48.92,-0.0136,0.1172,9.079e-1,9.734e-1
ENSG00010001306,GENE1307,189.08,-0.1536,0.3120,6.224e-1,8.787e-1
ENSG00010001307,GENE1308,282.41,1.5337,0.2215,4.364e-12,5.322e-11
ENSG00010001308,GENE1309,1243.66,0.1926,0.1219,1.141e-1,3.895e-1
ENSG00010001309,GENE1310,45.80,-1.6417,0.2081,3.109e-15,4.358e-14
ENSG00010001310,GENE1311,408.91,-0.0198,0.2309,9.317e-1,9.787e-1
ENSG00010001311,GENE1312,22.73,-0.0370,0.1956,8.498e-1,9.598e-1
ENSG00010001312,GENE1313,185.74,0.2727,0.1000,6.416e-3,4.018e-2
ENSG00010001313,GENE1314,3150.28,0.1082,0.2691,6.878e-1,9.083e-1
ENSG00010001314,GENE1315,272.90,-0.2799,0.2732,3.056e-1,6.668e-1
ENSG00010001315,GENE1316,899.33,0.3793,0.2883,1.883e-1,5.122e-1
ENSG00010001316,GENE1317,1423.30,0.0359,0.2156,8.676e-1,9.620e-1
ENSG00010001317,GENE1318,906.31,0.1910,0.2233,3.924e-1,7.508e-1
ENSG00010001318,GENE1319,86.40,0.0202,0.2421,9.335e-1,9.787e-1
ENSG00010001319,GENE1320,50.41,0.2872,0.2234,1.985e-1,5.283e-1
ENSG00010001320,GENE1321,20.61,-1.6265,0.1845,1.000e-300,1.471e-299
ENSG00010001321,GENE1322,343.71,-0.0118,0.1632,9.425e-1,9.794e-1
ENSG00010001322,GENE1323,1397.02,-0.0139,0.2572,9.570e-1,9.860e-1
ENSG00010001323,GENE1324,19.52,-0.1917,0.2193,3.821e-1,7.437e-1
ENSG00010001324,GENE1325,8.45,0.0611,0.2491,8.063e-1,9.490e-1
ENSG00010001325,GENE1326,110.77,0.1832,0.2605,4.819e-1,8.052e-1
ENSG00010001326,GENE1327,6.28,0.1263,0.1709,4.597e-1,7.949e-1
ENSG00010001327,GENE1328,5.40,-0.0224,0.2935,9.393e-1,9.787e-1
ENSG00010001328,GENE1329,114.31,0.3896,0.2075,6.050e-2,2.574e-1
ENSG00010001329,GENE1330,5.01,0.0224,0.2088,9.144e-1,9.762e-1
ENSG00010001330,GENE1331,25.56,0.3333,0.2079,1.089e-1,3.770e-1
ENSG00010001331,GENE1332,512.22,1.6079,0.1487,1.000e-300,1.471e-299
ENSG00010001332,GENE1333,47.05,0.4797,0.3502,1.707e-1,4.910e-1
ENSG00010001333,GENE1334,79.67,-0.0184,0.2888,9.493e-1,9.820e-1
ENSG00010001334,GENE1335,69.38,-0.0234,0.3056,9.389e-1,9.787e-1
ENSG00010001335,GENE1336,310.55,-0.5778,0.2030,4.422e-3,2.866e-2
ENSG00010001336,GENE1337,87.39,1.6410,0.1722,1.000e-300,1.471e-299
ENSG00010001337,GENE1338,1515.01,-0.0765,0.2661,7.737e-1,9.434e-1
ENSG00010001338,GENE1339,381.09,-2.1910,0.1578,1.000e-300,1.471e-299
ENSG00010001339,GENE1340,100.16,2.6885,0.2432,1.000e-300,1.471e-299
ENSG00010001340,GENE1341,2059.15,0.3627,0.1974,6.611e-2,2.755e-1
ENSG00010001341,GENE1342,3356.00,0.0838,0.2425,7.298e-1,9.287e-1
ENSG00010001342,GENE1343,37.82,-0.2517,0.2154,2.427e-1,5.919e-1
ENSG00010001343,GENE1344,18.02,0.0428,0.2041,8.339e-1,9.557e-1
ENSG00010001344,GENE1345,3063.40,-0.1784,0.1640,2.766e-1,6.392e-1
ENSG00010001345,GENE1346,251.52,0.3122,0.1538,4.234e-2,1.933e-1
ENSG00010001346,GENE1347,2566.36,0.4495,0.1162,1.094e-4,9.039e-4
ENSG00010001347,GENE1348,4258.27,0.4280,0.2867,1.355e-1,4.301e-1
ENSG00010001348,GENE1349,73.26,-0.1396,0.2562,5.859e-1,8.633e-1
ENSG00010001349,GENE1350,2377.83,-1.6885,0.2616,1.088e-10,1.236e-9
ENSG00010001350,GENE1351,719.46,-1.9803,0.2177,1.000e-300,1.471e-299
ENSG00010001351,GENE1352,3309.15,-0.5597,0.1580,3.978e-4,3.116e-3
ENSG00010001352,GENE1353,5102.10,2.6933,0.3823,1.867e-12,2.315e-11
ENSG00010001353,GENE1354,1066.49,0.0412,0.1994,8.362e-1,9.557e-1
ENSG00010001354,GENE1355,5.49,0.0386,0.2221,8.622e-1,9.620e-1
ENSG00010001355,GENE1356,40.41,-0.3388,0.1643,3.914e-2,1.816e-1
ENSG00010001356,GENE1357,1773.17,-1.8772,0.0948,1.000e-300,1.471e-299
ENSG00010001357,GENE1358,1735.57,-0.0153,0.2237,9.455e-1,9.808e-1
ENSG00010001358,GENE1359,85.52,-0.0214,0.2418,9.294e-1,9.787e-1
ENSG00010001359,GENE1360,17.98,-0.0148,0.1401,9.159e-1,9.768e-1
ENSG00010001360,GENE1361,7.44,-0.3899,0.1590,1.418e-2,8.085e-2
ENSG00010001361,GENE1362,2648.26,-0.2123,0.1643,1.965e-1,5.258e-1
ENSG00010001362,GENE1363,4301.49,0.4419,0.3036,1.455e-1,4.468e-1
ENSG00010001363,GENE1364,200.44,-0.4211,0.1978,3.328e-2,1.616e-1
ENSG00010001364,GENE1365,35.08,0.0217,0.2685,9.357e-1,9.787e-1
ENSG00010001365,GENE1366,3383.48,-0.2926,0.3108,3.464e-1,7.068e-1
ENSG00010001366,GENE1367,18.78,-0.0318,0.1640,8.461e-1,9.583e-1
ENSG00010001367,GENE1368,7865.76,3.2312,0.2181,1.000e-300,1.471e-299
ENSG00010001368,GENE1369,1073.07,-0.0996,0.3361,7.669e-1,9.431e-1
ENSG00010001369,GENE1370,110.10,0.0658,0.2466,7.894e-1,9.471e-1
ENSG00010001370,GENE1371,2568.13,-0.3992,0.2267,7.829e-2,3.074e-1
ENSG00010001371,GENE1372,49.70,-0.7064,0.1891,1.878e-4,1.507e-3
ENSG00010001372,GENE1373,46.76,0.2784,0.3620,4.418e-1,7.789e-1
ENSG00010001373,GENE1374,463.95,1.6814,0.3219,1.759e-7,1.747e-6
ENSG00010001374,GENE1375,5.09,0.3700,0.1445,1.045e-2,6.196e-2
ENSG00010001375,GENE1376,32.68,-0.2695,0.1885,1.529e-1,4.595e-1
ENSG00010001376,GENE1377,1208.19,-0.1642,0.2481,5.080e-1,8.259e-1
ENSG00010001377,GENE1378,28.03,-0.0820,0.1703,6.303e-1,8.832e-1
ENSG00010001378,GENE1379,206.93,0.3605,0.3236,2.652e-1,6.215e-1
ENSG00010001379,GENE1380,183.40,0.0552,0.1752,7.529e-1,9.369e-1
ENSG00010001380,GENE1381,1268.99,0.9651,0.3520,6.104e-3,3.839e-2
ENSG00010001381,GENE1382,476.11,0.0074,0.1948,9.695e-1,9.910e-1
ENSG00010001382,GENE1383,3796.75,-0.3840,0.1658,2.052e-2,1.096e-1
ENSG00010001383,GENE1384,2656.48,-0.1383,0.2484,5.777e-1,8.615e-1
ENSG00010001384,GENE1385,16.78,0.1553,0.1847,4.004e-1,7.546e-1
ENSG00010001385,GENE1386,11.13,0.1695,0.3127,5.876e-1,8.646e-1
ENSG00010001386,GENE1387,7.67,0.0636,0.1158,5.832e-1,8.618e-1
ENSG00010001387,GENE1388,15.43,-0.1328,0.2167,5.399e-1,8.426e-1
ENSG00010001388,GENE1389,611.99,-0.0895,0.2622,7.327e-1,9.295e-1
ENSG00010001389,GENE1390,23.85,-0.2094,0.3523,5.522e-1,8.496e-1
ENSG00010001390,GENE1391,3524.49,0.2446,0.1720,1.548e-1,4.626e-1
ENSG00010001391,GENE1392,679.44,-2.5398,0.1636,1.000e-300,1.471e-299
ENSG00010001392,GENE1393,7.00,0.5130,0.1893,6.726e-3,4.204e-2
ENSG00010001393,GENE1394,12.99,0.3199,0.2387,1.803e-1,5.006e-1
ENSG00010001394,GENE1395,9.50,-0.3867,0.3096,2.117e-1,5.499e-1
ENSG00010001395,GENE1396,69.52,-0.0887,0.1569,5.716e-1,8.609e-1
ENSG00010001396,GENE1397,16.78,-0.3275,0.2027,1.061e-1,3.721e-1
ENSG00010001397,GENE1398,39.17,-0.0650,0.2010,7.463e-1,9.336e-1
ENSG00010001398,GENE1399,6.81,-0.1951,0.2146,3.634e-1,7.250e-1
ENSG00010001399,GENE1400,51.35,-0.2870,0.2011,1.535e-1,4.606e-1
ENSG00010001400,GENE1401,1526.23,0.2247,0.2472,3.635e-1,7.250e-1
ENSG00010001401,GENE1402,5.04,0.0643,0.1871,7.311e-1,9.287e-1
ENSG00010001402,GENE1403,163.53,-0.0798,0.1263,5.273e-1,8.358e-1
ENSG00010001403,GENE1404,91.87,0.3492,0.3149,2.675e-1,6.250e-1
ENSG00010001404,GENE1405,118.55,-0.0076,0.0919,9.341e-1,9.787e-1
ENSG00010001405,GENE1406,12.98,-2.9081,0.2373,1.000e-300,1.471e-299
ENSG00010001406,GENE1407,2362.90,-2.8623,0.2426,1.000e-300,1.471e-299
ENSG00010001407,GENE1408,67.41,0.5768,0.1480,9.740e-5,8.095e-4
ENSG00010001408,GENE1409,1128.21,-0.1923,0.3052,5.286e-1,8.358e-1
ENSG00010001409,GENE1410,534.56,-1.6177,0.1698,1.000e-300,1.471e-299
ENSG00010001410,GENE1411,1124.03,0.1243,0.3323,7.083e-1,9.183e-1
ENSG00010001411,GENE1412,72.04,1.0418,0.1943,8.297e-8,8.381e-7
ENSG00010001412,GENE1413,46.48,-0.4111,0.2374,8.336e-2,3.214e-1
ENSG00010001413,GENE1414,2987.60,-0.0260,0.2998,9.309e-1,9.787e-1
ENSG00010001414,GENE1415,214.39,-0.2426,0.1463,9.729e-2,3.555e-1
ENSG00010001415,GENE1416,5171.63,2.5757,0.2189,1.000e-300,1.471e-299
ENSG00010001416,GENE1417,6232.10,2.6095,0.1475,1.000e-300,1.471e-299
ENSG00010001417,GENE1418,5.54,-0.1905,0.2396,4.267e-1,7.689e-1
ENSG00010001418,GENE1419,545.06,-0.1292,0.1239,2.974e-1,6.613e-1
ENSG00010001419,GENE1420,724.20,2.7925,0.3257,1.000e-300,1.471e-299
ENSG00010001420,GENE1421,115.46,0.3253,0.1162,5.132e-3,3.283e-2
ENSG00010001421,GENE1422,297.52,0.0909,0.2095,6.645e-1,8.953e-1
ENSG00010001422,GENE1423,24.60,-0.4683,0.1785,8.708e-3,5.265e-2
ENSG00010001423,GENE1424,2000.11,2.5617,0.2015,1.000e-300,1.471e-299
ENSG00010001424,GENE1425,537.22,0.0699,0.1124,5.339e-1,8.400e-1
ENSG00010001425,GENE1426,1000.06,-0.0924,0.2425,7.033e-1,9.149e-1
ENSG00010001426,GENE1427,525.14,0.1552,0.3579,6.646e-1,8.953e-1
ENSG00010001427,GENE1428,98.42,0.2233,0.1974,2.579e-1,6.126e-1
ENSG00010001428,GENE1429,4437.47,-0.5664,0.2963,5.591e-2,2.413e-1
ENSG00010001429,GENE1430,1241.26,0.1714,0.2573,5.051e-1,8.236e-1
ENSG00010001430,GENE1431,4.19,-0.0957,0.1852,6.054e-1,8.689e-1
ENSG00010001431,GENE1432,52.05,0.2423,0.0440,3.771e-8,3.888e-7
ENSG00010001432,GENE1433,13.00,0.3825,0.1307,3.431e-3,2.308e-2
ENSG00010001433,GENE1434,244.67,-0.0988,0.2442,6.859e-1,9.080e-1
ENSG00010001434,GENE1435,645.67,-0.2204,0.2301,3.382e-1,6.994e-1
ENSG00010001435,GENE1436,4303.69,1.5965,0.2382,2.062e-11,2.407e-10
ENSG00010001436,GENE1437,66.72,-0.0415,0.3200,8.968e-1,9.709e-1
ENSG00010001437,GENE1438,1492.95,0.0576,0.1459,6.931e-1,9.112e-1
ENSG00010001438,GENE1439,7.93,0.2147,0.3035,4.793e-1,8.033e-1
ENSG00010001439,GENE1440,3165.52,-0.1365,0.1773,4.412e-1,7.786e-1
ENSG00010001440,GENE1441,2930.83,0.5659,0.1419,6.662e-5,5.645e-4
ENSG00010001441,GENE1442,510.64,-0.1898,0.1858,3.070e-1,6.673e-1
ENSG00010001442,GENE1443,193.65,-2.0767,0.2127,1.000e-300,1.471e-299
ENSG00010001443,GENE1444,3241.67,-0.3574,0.3114,2.511e-1,6.013e-1
ENSG00010001444,GENE1445,71.18,-0.1956,0.1285,1.279e-1,4.157e-1
ENSG00010001445,GENE1446,380.16,0.2217,0.2569,3.881e-1,7.471e-1
ENSG00010001446,GENE1447,51.76,-0.1199,0.2039,5.565e-1,8.509e-1
ENSG00010001447,GENE1448,3601.96,0.1844,0.1607,2.512e-1,6.013e-1
ENSG00010001448,GENE1449,6.44,-0.1871,0.2661,4.820e-1,8.052e-1
ENSG00010001449,GENE1450,136.23,0.1678,0.3252,6.059e-1,8.689e-1
ENSG00010001450,GENE1451,18.47,-0.4965,0.1432,5.248e-4,3.996e-3
ENSG00010001451,GENE1452,4.31,-0.0478,0.2353,8.390e-1,9.571e-1
ENSG00010001452,GENE1453,63.04,0.4103,0.1933,3.384e-2,1.640e-1
ENSG00010001453,GENE1454,5.08,0.1754,0.3276,5.924e-1,8.661e-1
ENSG00010001454,GENE1455,6.41,0.1725,0.2529,4.953e-1,8.138e-1
ENSG00010001455,GENE1456,80.86,-0.3986,0.1209,9.757e-4,7.227e-3
ENSG00010001456,GENE1457,14.11,0.2013,0.2282,3.777e-1,7.390e-1
ENSG00010001457,GENE1458,201.22,0.2186,0.3962,5.811e-1,8.615e-1
ENSG00010001458,GENE1459,37.52,0.2870,0.2231,1.983e-1,5.283e-1
ENSG00010001459,GENE1460,14.45,0.4959,0.1799,5.848e-3,3.709e-2
ENSG00010001460,GENE1461,26.21,0.2356,0.2812,4.021e-1,7.546e-1
ENSG00010001461,GENE1462,168.65,0.0553,0.1559,7.229e-1,9.241e-1
ENSG00010001462,GENE1463,116.74,-3.4294,0.2054,1.000e-300,1.471e-299
ENSG00010001463,GENE1464,1055.72,-1.6545,0.1530,1.000e-300,1.471e-299
ENSG00010001464,GENE1465,5.77,-0.3114,0.2307,1.771e-1,4.968e-1
ENSG00010001465,GENE1466,79.22,-0.3002,0.2554,2.398e-1,5.882e-1
ENSG00010001466,GENE1467,1439.70,-0.1389,0.2334,5.518e-1,8.495e-1
ENSG00010001467,GENE1468,113.24,0.3763,0.2768,1.741e-1,4.938e-1
ENSG00010001468,GENE1469,34.09,0.0873,0.3112,7.791e-1,9.463e-1
ENSG00010001469,GENE1470,223.41,-0.1437,0.3576,6.879e-1,9.083e-1
ENSG00010001470,GENE1471,29.68,0.1422,0.2799,6.114e-1,8.729e-1
ENSG00010001471,GENE1472,5.90,-0.0201,0.2404,9.335e-1,9.787e-1
ENSG00010001472,GENE1473,177.76,1.9618,0.2766,1.337e-12,1.665e-11
ENSG00010001473,GENE1474,319.34,0.3225,0.2768,2.441e-1,5.929e-1
ENSG00010001474,GENE1475,1776.70,0.3412,0.2746,2.140e-1,5.521e-1
ENSG00010001475,GENE1476,2066.56,-0.1947,0.2668,4.656e-1,7.966e-1
ENSG00010001476,GENE1477,58.30,0.6683,0.2120,1.620e-3,1.160e-2
ENSG00010001477,GENE1478,4.34,-0.2176,0.1322,9.961e-2,3.615e-1
ENSG00010001478,GENE1479,49.92,0.1682,0.2611,5.196e-1,8.320e-1
ENSG00010001479,GENE1480,126.91,-3.0036,0.2566,1.000e-300,1.471e-299
ENSG00010001480,GENE1481,128.28,-0.0328,0.1986,8.687e-1,9.624e-1
ENSG00010001481,GENE1482,6.23,-0.3653,0.1873,5.109e-2,2.234e-1
ENSG00010001482,GENE1483,29.49,-0.0744,0.3067,8.084e-1,9.502e-1
ENSG00010001483,GENE1484,166.60,-0.1965,0.1944,3.122e-1,6.700e-1
ENSG00010001484,GENE1485,4.32,-0.1433,0.0948,1.307e-1,4.228e-1
ENSG00010001485,GENE1486,424.88,-0.0194,0.2926,9.471e-1,9.815e-1
ENSG00010001486,GENE1487,401.09,0.1858,0.2330,4.251e-1,7.676e-1
ENSG00010001487,GENE1488,481.45,-0.7618,0.1626,2.789e-6,2.607e-5
ENSG00010001488,GENE1489,339.40,-0.3190,0.2365,1.774e-1,4.968e-1
ENSG00010001489,GENE1490,11.11,0.2294,0.1479,1.210e-1,3.996e-1
ENSG00010001490,GENE1491,6.33,-0.2729,0.1509,7.039e-2,2.869e-1
ENSG00010001491,GENE1492,79.41,0.1328,0.1387,3.383e-1,6.994e-1
ENSG00010001492,GENE1493,288.17,-0.0443,0.2551,8.620e-1,9.620e-1
ENSG00010001493,GENE1494,1011.57,-1.8379,0.2035,1.000e-300,1.471e-299
ENSG00010001494,GENE1495,586.51,0.3980,0.2543,1.176e-1,3.952e-1
ENSG00010001495,GENE1496,20.81,0.1142,0.3002,7.036e-1,9.149e-1
ENSG00010001496,GENE1497,3052.13,0.1652,0.0940,7.901e-2,3.086e-1
ENSG00010001497,GENE1498,382.18,-0.1177,0.1753,5.019e-1,8.210e-1
ENSG00010001498,GENE1499,29.93,-0.0286,0.3540,9.355e-1,9.787e-1
ENSG00010001499,GENE1500,75.80,0.0575,0.3100,8.528e-1,9.613e-1
ENSG00010001500,GENE1501,1196.12,0.2194,0.1639,1.808e-1,5.012e-1
ENSG00010001501,GENE1502,14.12,0.9338,0.2608,3.424e-4,2.689e-3
ENSG00010001502,GENE1503,4.75,-0.2610,0.2036,2.001e-1,5.311e-1
ENSG00010001503,GENE1504,18.61,0.0637,0.3208,8.426e-1,9.579e-1
ENSG00010001504,GENE1505,146.58,0.6270,0.1881,8.562e-4,6.374e-3
ENSG00010001505,GENE1506,27.89,0.0665,0.1431,6.418e-1,8.857e-1
ENSG00010001506,GENE1507,3605.37,-0.1223,0.1228,3.193e-1,6.784e-1
ENSG00010001507,GENE1508,230.35,-0.1492,0.2525,5.546e-1,8.509e-1
ENSG00010001508,GENE1509,23.72,-0.1541,0.3333,6.438e-1,8.857e-1
ENSG00010001509,GENE1510,15906.12,2.8683,0.2159,1.000e-300,1.471e-299
ENSG00010001510,GENE1511,1459.91,-0.2399,0.2898,4.078e-1,7.577e-1
ENSG00010001511,GENE1512,265.80,0.1263,0.3638,7.284e-1,9.287e-1
ENSG00010001512,GENE1513,30.95,-0.0693,0.2626,7.919e-1,9.477e-1
ENSG00010001513,GENE1514,749.89,0.4097,0.2747,1.358e-1,4.301e-1
ENSG00010001514,GENE1515,796.01,-0.0381,0.3164,9.042e-1,9.732e-1
ENSG00010001515,GENE1516,15.93,0.0847,0.2778,7.604e-1,9.392e-1
ENSG00010001516,GENE1517,25.93,-0.0704,0.2188,7.475e-1,9.340e-1
ENSG00010001517,GENE1518,1948.93,2.0807,0.2915,9.575e-13,1.207e-11
ENSG00010001518,GENE1519,179.97,-0.0715,0.2847,8.018e-1,9.490e-1
ENSG00010001519,GENE1520,1515.24,-0.3099,0.1650,6.031e-2,2.570e-1
ENSG00010001520,GENE1521,2857.30,-0.2414,0.3699,5.140e-1,8.276e-1
ENSG00010001521,GENE1522,7.11,0.2597,0.2523,3.034e-1,6.660e-1
ENSG00010001522,GENE1523,10.70,0.1580,0.2114,4.547e-1,7.913e-1
ENSG00010001523,GENE1524,7.37,-0.1940,0.1248,1.202e-1,3.989e-1
ENSG00010001524,GENE1525,25.72,0.4011,0.3583,2.630e-1,6.189e-1
ENSG00010001525,GENE1526,4.33,-0.0479,0.1665,7.737e-1,9.434e-1
ENSG00010001526,GENE1527,495.38,-0.0674,0.2509,7.883e-1,9.471e-1
ENSG00010001527,GENE1528,1450.62,-0.0897,0.2189,6.819e-1,9.055e-1
ENSG00010001528,GENE1529,165.05,-0.0496,0.3044,8.705e-1,9.625e-1
ENSG00010001529,GENE1530,105.07,2.0495,0.2980,6.114e-12,7.307e-11
ENSG00010001530,GENE1531,3.59,-1.6236,0.1471,1.000e-300,1.471e-299
ENSG00010001531,GENE1532,7.37,0.0557,0.1237,6.526e-1,8.900e-1
ENSG00010001532,GENE1533,3179.95,-0.5838,0.1234,2.233e-6,2.093e-5
ENSG00010001533,GENE1534,104.41,0.2805,0.1513,6.373e-2,2.670e-1
ENSG00010001534,GENE1535,45.95,-0.1636,0.2548,5.208e-1,8.324e-1
ENSG00010001535,GENE1536,14.80,-0.3086,0.2752,2.621e-1,6.173e-1
ENSG00010001536,GENE1537,635.28,0.4481,0.2396,6.144e-2,2.600e-1
ENSG00010001537,GENE1538,7.81,-0.0590,0.2537,8.161e-1,9.507e-1
ENSG00010001538,GENE1539,699.30,0.1646,0.2246,4.637e-1,7.966e-1
ENSG00010001539,GENE1540,188.75,-0.2798,0.3188,3.800e-1,7.411e-1
ENSG00010001540,GENE1541,6.86,0.1751,0.2678,5.132e-1,8.275e-1
ENSG00010001541,GENE1542,317.74,0.1442,0.2466,5.587e-1,8.518e-1
ENSG00010001542,GENE1543,4.52,0.4060,0.2297,7.715e-2,3.045e-1
ENSG00010001543,GENE1544,568.43,-0.2469,0.2595,3.414e-1,7.010e-1
ENSG00010001544,GENE1545,418.34,0.2855,0.3532,4.189e-1,7.645e-1
ENSG00010001545,GENE1546,43.75,-1.1596,0.2928,7.470e-5,6.278e-4
ENSG00010001546,GENE1547,76.72,0.3256,0.2155,1.308e-1,4.228e-1
ENSG00010001547,GENE1548,13.54,-0.2121,0.2340,3.648e-1,7.263e-1
ENSG00010001548,GENE1549,714.12,0.3346,0.3194,2.948e-1,6.586e-1
ENSG00010001549,GENE1550,8.80,0.0445,0.2314,8.476e-1,9.592e-1
ENSG00010001550,GENE1551,1942.41,-0.0373,0.2510,8.819e-1,9.653e-1
ENSG00010001551,GENE1552,137.04,-0.0450,0.2688,8.672e-1,9.620e-1
ENSG00010001552,GENE1553,94.37,-0.2658,0.3093,3.901e-1,7.489e-1
ENSG00010001553,GENE1554,1504.34,0.1265,0.2005,5.281e-1,8.358e-1
ENSG00010001554,GENE1555,138.48,-0.0647,0.1966,7.420e-1,9.336e-1
ENSG00010001555,GENE1556,3096.58,-0.9976,0.2179,4.675e-6,4.289e-5
ENSG00010001556,GENE1557,832.41,0.0121,0.1857,9.481e-1,9.818e-1
ENSG00010001557,GENE1558,834.27,-0.2155,0.2658,4.176e-1,7.641e-1
ENSG00010001558,GENE1559,23.41,-0.2290,0.3002,4.455e-1,7.825e-1
ENSG00010001559,GENE1560,9.03,0.4205,0.1560,7.031e-3,4.340e-2
ENSG00010001560,GENE1561,6.61,-0.0624,0.2171,7.737e-1,9.434e-1
ENSG00010001561,GENE1562,145.98,-0.1729,0.1804,3.381e-1,6.994e-1
ENSG00010001562,GENE1563,15.61,0.0611,0.2031,7.637e-1,9.408e-1
ENSG00010001563,GENE1564,617.62,-0.1194,0.1611,4.586e-1,7.939e-1
ENSG00010001564,GENE1565,23.92,-0.4379,0.1619,6.844e-3,4.251e-2
ENSG00010001565,GENE1566,3610.35,-0.0787,0.2657,7.670e-1,9.431e-1
ENSG00010001566,GENE1567,26.73,-0.3152,0.2367,1.830e-1,5.049e-1
ENSG00010001567,GENE1568,4.17,-0.0623,0.1834,7.342e-1,9.308e-1
ENSG00010001568,GENE1569,241.86,0.0596,0.2305,7.959e-1,9.490e-1
ENSG00010001569,GENE1570,31.03,-2.3479,0.2923,8.882e-16,1.281e-14
ENSG00010001570,GENE1571,266.26,0.2140,0.1569,1.725e-1,4.935e-1
ENSG00010001571,GENE1572,321.43,-0.3058,0.2074,1.403e-1,4.396e-1
ENSG00010001572,GENE1573,6.60,-0.5482,0.1142,1.573e-6,1.493e-5
ENSG00010001573,GENE1574,17.71,-0.4105,0.2836,1.477e-1,4.509e-1
ENSG00010001574,GENE1575,1171.68,0.0862,0.2663,7.462e-1,9.336e-1
ENSG00010001575,GENE1576,752.12,0.3848,0.1133,6.869e-4,5.164e-3
ENSG00010001576,GENE1577,151.71,-0.4452,0.3476,2.004e-1,5.312e-1
ENSG00010001577,GENE1578,10.75,0.1080,0.2779,6.976e-1,9.132e-1
ENSG00010001578,GENE1579,90.88,-0.0838,0.2031,6.800e-1,9.055e-1
ENSG00010001579,GENE1580,2533.56,-0.0531,0.2252,8.137e-1,9.507e-1
ENSG00010001580,GENE1581,182.27,0.1010,0.1949,6.043e-1,8.689e-1
ENSG00010001581,GENE1582,1347.87,0.1550,0.3000,6.054e-1,8.689e-1
ENSG00010001582,GENE1583,129.80,-0.4070,0.1159,4.448e-4,3.431e-3
ENSG00010001583,GENE1584,102.36,0.1173,0.2075,5.718e-1,8.609e-1
ENSG00010001584,GENE1585,2451.51,-0.2044,0.1554,1.884e-1,5.122e-1
ENSG00010001585,GENE1586,112.65,0.1352,0.1666,4.170e-1,7.641e-1
ENSG00010001586,GENE1587,2.98,-1.7233,0.1719,1.000e-300,1.471e-299
ENSG00010001587,GENE1588,9.87,0.0418,0.1185,7.245e-1,9.252e-1
ENSG00010001588,GENE1589,42.80,-0.0924,0.1702,5.873e-1,8.646e-1
ENSG00010001589,GENE1590,73.17,0.1101,0.1720,5.222e-1,8.324e-1
ENSG00010001590,GENE1591,104.08,-0.3422,0.2531,1.764e-1,4.968e-1
ENSG00010001591,GENE1592,3053.11,-0.2349,0.1944,2.270e-1,5.717e-1
ENSG00010001592,GENE1593,2247.16,-0.0437,0.2393,8.549e-1,9.620e-1
ENSG00010001593,GENE1594,1374.69,-0.2811,0.2122,1.854e-1,5.075e-1
ENSG00010001594,GENE1595,47.68,0.2344,0.2498,3.481e-1,7.085e-1
ENSG00010001595,GENE1596,14.03,-0.1280,0.2082,5.387e-1,8.423e-1
ENSG00010001596,GENE1597,108.47,0.1745,0.3285,5.953e-1,8.673e-1
ENSG00010001597,GENE1598,3606.36,-0.3132,0.1736,7.120e-2,2.889e-1
ENSG00010001598,GENE1599,600.56,-0.2900,0.3476,4.042e-1,7.562e-1
ENSG00010001599,GENE1600,9.89,-0.1379,0.3118,6.582e-1,8.923e-1
ENSG00010001600,GENE1601,13.94,-0.0154,0.1567,9.219e-1,9.783e-1
ENSG00010001601,GENE1602,95.25,0.0789,0.1314,5.483e-1,8.475e-1
ENSG00010001602,GENE1603,10.90,0.1540,0.1814,3.962e-1,7.530e-1
ENSG00010001603,GENE1604,1740.86,-0.5163,0.1188,1.387e-5,1.246e-4
ENSG00010001604,GENE1605,152.63,-0.5754,0.2696,3.279e-2,1.599e-1
ENSG00010001605,GENE1606,61.86,0.3202,0.1574,4.190e-2,1.916e-1
ENSG00010001606,GENE1607,289.79,0.0953,0.1992,6.325e-1,8.844e-1
ENSG00010001607,GENE1608,15.69,0.5044,0.2583,5.086e-2,2.227e-1
ENSG00010001608,GENE1609,24.85,-0.3006,0.2975,3.122e-1,6.700e-1
ENSG00010001609,GENE1610,17.62,-0.2729,0.2520,2.788e-1,6.418e-1
ENSG00010001610,GENE1611,13.30,-0.0964,0.1684,5.672e-1,8.581e-1
ENSG00010001611,GENE1612,43.21,-0.2553,0.1806,1.576e-1,4.691e-1
ENSG00010001612,GENE1613,11.59,0.1966,0.2078,3.441e-1,7.037e-1
ENSG00010001613,GENE1614,574.42,-0.0488,0.3157,8.771e-1,9.634e-1
ENSG00010001614,GENE1615,40.74,0.1674,0.1582,2.901e-1,6.558e-1
ENSG00010001615,GENE1616,253.33,0.4118,0.2286,7.165e-2,2.895e-1
ENSG00010001616,GENE1617,2081.29,0.0916,0.1738,5.981e-1,8.685e-1
ENSG00010001617,GENE1618,421.23,0.5621,0.1410,6.699e-5,5.661e-4
ENSG00010001618,GENE1619,555.30,-0.1755,0.1748,3.155e-1,6.741e-1
ENSG00010001619,GENE1620,24.34,0.5895,0.1891,1.828e-3,1.293e-2
ENSG00010001620,GENE1621,222.13,0.2851,0.2490,2.523e-1,6.030e-1
ENSG00010001621,GENE1622,49.60,0.2365,0.2294,3.025e-1,6.660e-1
ENSG00010001622,GENE1623,18.94,0.3464,0.2006,8.425e-2,3.244e-1
ENSG00010001623,GENE1624,887.24,0.1720,0.2927,5.567e-1,8.509e-1
ENSG00010001624,GENE1625,603.49,0.3083,0.3860,4.244e-1,7.676e-1
ENSG00010001625,GENE1626,24.43,-0.0580,0.2711,8.306e-1,9.557e-1
ENSG00010001626,GENE1627,10.60,0.0305,0.0949,7.478e-1,9.340e-1
ENSG00010001627,GENE1628,189.75,-0.5609,0.2652,3.443e-2,1.663e-1
ENSG00010001628,GENE1629,4.27,0.0555,0.2511,8.249e-1,9.525e-1
ENSG00010001629,GENE1630,6.95,0.1018,0.2508,6.848e-1,9.075e-1
ENSG00010001630,GENE1631,9.66,-0.2524,0.2674,3.452e-1,7.051e-1
ENSG00010001631,GENE1632,8.29,0.1316,0.0725,6.936e-2,2.838e-1
ENSG00010001632,GENE1633,695.47,-0.4416,0.2634,9.366e-2,3.473e-1
ENSG00010001633,GENE1634,817.17,0.3876,0.2816,1.687e-1,4.889e-1
ENSG00010001634,GENE1635,21.77,-0.1422,0.2253,5.279e-1,8.358e-1
ENSG00010001635,GENE1636,7.41,-0.2716,0.2253,2.281e-1,5.721e-1
ENSG00010001636,GENE1637,12.01,0.1070,0.1939,5.812e-1,8.615e-1
ENSG00010001637,GENE1638,247.71,0.8757,0.2005,1.258e-5,1.133e-4
ENSG00010001638,GENE1639,14.21,-0.6131,0.3093,4.744e-2,2.108e-1
ENSG00010001639,GENE1640,32.31,-0.4185,0.2458,8.868e-2,3.355e-1
ENSG00010001640,GENE1641,6.88,0.5697,0.1988,4.161e-3,2.719e-2
ENSG00010001641,GENE1642,5.16,0.3869,0.2818,1.697e-1,4.906e-1
ENSG00010001642,GENE1643,7752.01,2.9510,0.1971,1.000e-300,1.471e-299
ENSG00010001643,GENE1644,4.13,-1.6551,0.1771,1.000e-300,1.471e-299
ENSG00010001644,GENE1645,353.95,0.3064,0.1912,1.089e-1,3.770e-1
ENSG00010001645,GENE1646,40.11,0.1110,0.3555,7.549e-1,9.374e-1
ENSG00010001646,GENE1647,164.80,0.0956,0.1821,5.995e-1,8.685e-1
ENSG00010001647,GENE1648,266.93,0.8319,0.1569,1.139e-7,1.139e-6
ENSG00010001648,GENE1649,35.03,-0.4539,0.3033,1.345e-1,4.288e-1
ENSG00010001649,GENE1650,4239.52,1.6340,0.2618,4.368e-10,4.871e-9
ENSG00010001650,GENE1651,30.63,-0.0229,0.1841,9.008e-1,9.723e-1
ENSG00010001651,GENE1652,3055.99,-0.2712,0.1133,1.670e-2,9.274e-2
ENSG00010001652,GENE1653,3299.60,-0.0793,0.1467,5.888e-1,8.653e-1
ENSG00010001653,GENE1654,56.54,0.1009,0.1894,5.944e-1,8.673e-1
ENSG00010001654,GENE1655,517.05,-0.2376,0.2571,3.554e-1,7.151e-1
ENSG00010001655,GENE1656,89.95,-0.0197,0.2927,9.463e-1,9.813e-1
ENSG00010001656,GENE1657,20.19,2.2147,0.1484,1.000e-300,1.471e-299
ENSG00010001657,GENE1658,640.30,-0.0305,0.2288,8.941e-1,9.694e-1
ENSG00010001658,GENE1659,6.04,0.0116,0.0655,8.593e-1,9.620e-1
ENSG00010001659,GENE1660,4.02,-1.2260,0.2225,3.573e-8,3.696e-7
ENSG00010001660,GENE1661,30.19,0.1953,0.2377,4.112e-1,7.592e-1
ENSG00010001661,GENE1662,98.25,0.2397,0.1794,1.815e-1,5.027e-1
ENSG00010001662,GENE1663,1759.57,0.2953,0.2782,2.885e-1,6.554e-1
ENSG00010001663,GENE1664,79.42,-0.0138,0.1753,9.373e-1,9.787e-1
ENSG00010001664,GENE1665,917.30,1.3619,0.1843,1.497e-13,2.004e-12
ENSG00010001665,GENE1666,21.59,0.2097,0.1238,9.030e-2,3.391e-1
ENSG00010001666,GENE1667,26.06,0.3676,0.1902,5.328e-2,2.310e-1
ENSG00010001667,GENE1668,25.11,0.2320,0.3840,5.457e-1,8.461e-1
ENSG00010001668,GENE1669,3582.77,-0.5822,0.2031,4.145e-3,2.715e-2
ENSG00010001669,GENE1670,10.70,0.1085,0.3020,7.194e-1,9.228e-1
ENSG00010001670,GENE1671,1007.92,0.1857,0.2384,4.361e-1,7.759e-1
ENSG00010001671,GENE1672,179.37,2.6168,0.1761,1.000e-300,1.471e-299
ENSG00010001672,GENE1673,97.15,-0.0113,0.1981,9.546e-1,9.858e-1
ENSG00010001673,GENE1674,118.11,-0.3436,0.2394,1.511e-1,4.573e-1
ENSG00010001674,GENE1675,284.25,-3.3561,0.3376,1.000e-300,1.471e-299
ENSG00010001675,GENE1676,53.56,0.3170,0.2279,1.642e-1,4.819e-1
ENSG00010001676,GENE1677,98.03,0.0142,0.2125,9.468e-1,9.814e-1
ENSG00010001677,GENE1678,266.24,-0.0688,0.3128,8.259e-1,9.526e-1
ENSG00010001678,GENE1679,26.07,-0.2960,0.2050,1.489e-1,4.534e-1
ENSG00010001679,GENE1680,496.29,-0.1446,0.2409,5.484e-1,8.475e-1
ENSG00010001680,GENE1681,725.10,-0.0451,0.2886,8.759e-1,9.634e-1
ENSG00010001681,GENE1682,6.32,-0.1822,0.2283,4.250e-1,7.676e-1
ENSG00010001682,GENE1683,5.41,-0.1595,0.2428,5.113e-1,8.273e-1
ENSG00010001683,GENE1684,3236.99,0.1767,0.2463,4.732e-1,7.998e-1
ENSG00010001684,GENE1685,77.74,0.3454,0.1724,4.511e-2,2.023e-1
ENSG00010001685,GENE1686,8.46,0.1451,0.3480,6.768e-1,9.052e-1
ENSG00010001686,GENE1687,20.75,-0.1410,0.2139,5.096e-1,8.259e-1
ENSG00010001687,GENE1688,2503.27,-0.3255,0.3757,3.863e-1,7.460e-1
ENSG00010001688,GENE1689,321.16,-0.3311,0.1504,2.771e-2,1.379e-1
ENSG00010001689,GENE1690,74.11,0.7548,0.2179,5.329e-4,4.048e-3
ENSG00010001690,GENE1691,7.70,0.1791,0.1631,2.722e-1,6.317e-1
ENSG00010001691,GENE1692,1106.45,-0.4407,0.1945,2.343e-2,1.214e-1
ENSG00010001692,GENE1693,6.50,0.0084,0.1114,9.401e-1,9.787e-1
ENSG00010001693,GENE1694,264.84,0.0550,0.2160,7.989e-1,9.490e-1
ENSG00010001694,GENE1695,171.70,-0.1378,0.2461,5.756e-1,8.614e-1
ENSG00010001695,GENE1696,6.20,-0.1137,0.2178,6.016e-1,8.689e-1
ENSG00010001696,GENE1697,42.38,0.2068,0.0592,4.720e-4,3.631e-3
ENSG00010001697,GENE1698,2957.83,0.0151,0.1793,9.329e-1,9.787e-1
ENSG00010001698,GENE1699,59.99,-0.3011,0.1812,9.652e-2,3.541e-1
ENSG00010001699,GENE1700,225.64,-0.0655,0.1570,6.765e-1,9.052e-1
ENSG00010001700,GENE1701,535.59,-0.0991,0.1796,5.813e-1,8.615e-1
ENSG00010001701,GENE1702,300.35,0.0739,0.2015,7.138e-1,9.209e-1
ENSG00010001702,GENE1703,23.56,0.0854,0.1547,5.810e-1,8.615e-1
ENSG00010001703,GENE1704,90.63,0.3574,0.2932,2.228e-1,5.659e-1
ENSG00010001704,GENE1705,190.90,-0.1552,0.3360,6.441e-1,8.857e-1
ENSG00010001705,GENE1706,679.91,-0.1504,0.1803,4.042e-1,7.562e-1
ENSG00010001706,GENE1707,93.90,0.1671,0.2925,5.679e-1,8.583e-1
ENSG00010001707,GENE1708,1474.19,0.1914,0.2205,3.855e-1,7.457e-1
ENSG00010001708,GENE1709,289.20,-0.3389,0.1828,6.384e-2,2.671e-1
ENSG00010001709,GENE1710,34.87,0.1168,0.1128,3.005e-1,6.639e-1
ENSG00010001710,GENE1711,13.40,-0.0493,0.1848,7.898e-1,9.471e-1
ENSG00010001711,GENE1712,682.16,0.1757,0.1204,1.445e-1,4.454e-1
ENSG00010001712,GENE1713,1323.84,-0.2383,0.2318,3.040e-1,6.660e-1
ENSG00010001713,GENE1714,9.21,0.0307,0.1795,8.643e-1,9.620e-1
ENSG00010001714,GENE1715,5.09,0.0488,0.1731,7.781e-1,9.454e-1
ENSG00010001715,GENE1716,35.71,-0.1310,0.1899,4.902e-1,8.107e-1
ENSG00010001716,GENE1717,9.85,-0.1164,0.2498,6.413e-1,8.857e-1
ENSG00010001717,GENE1718,28.52,0.0166,0.2411,9.451e-1,9.807e-1
ENSG00010001718,GENE1719,39.66,-0.1618,0.2633,5.388e-1,8.423e-1
ENSG00010001719,GENE1720,63.11,0.2206,0.2957,4.557e-1,7.916e-1
ENSG00010001720,GENE1721,23.81,0.3287,0.3252,3.121e-1,6.700e-1
ENSG00010001721,GENE1722,6.25,0.0404,0.2786,8.846e-1,9.658e-1
ENSG00010001722,GENE1723,2443.27,-0.7855,0.2059,1.365e-4,1.113e-3
ENSG00010001723,GENE1724,30.77,-0.2462,0.1633,1.317e-1,4.244e-1
ENSG00010001724,GENE1725,897.48,0.7071,0.1820,1.019e-4,8.449e-4
ENSG00010001725,GENE1726,22.43,-0.0076,0.2423,9.750e-1,9.915e-1
ENSG00010001726,GENE1727,235.72,-0.2685,0.3394,4.288e-1,7.704e-1
ENSG00010001727,GENE1728,248.20,0.3203,0.2983,2.830e-1,6.487e-1
ENSG00010001728,GENE1729,1468.81,-0.1253,0.2258,5.791e-1,8.615e-1
ENSG00010001729,GENE1730,200.42,-0.1642,0.2400,4.940e-1,8.131e-1
ENSG00010001730,GENE1731,101.71,-1.3082,0.1431,1.000e-300,1.471e-299
ENSG00010001731,GENE1732,39.07,0.2451,0.3435,4.755e-1,8.019e-1
ENSG00010001732,GENE1733,562.27,-0.1975,0.2779,4.772e-1,8.025e-1
ENSG00010001733,GENE1734,350.79,-0.0722,0.2160,7.382e-1,9.330e-1
ENSG00010001734,GENE1735,16.47,0.4019,0.2362,8.887e-2,3.358e-1
ENSG00010001735,GENE1736,40.33,-0.1616,0.3184,6.117e-1,8.729e-1
ENSG00010001736,GENE1737,12.46,-0.0889,0.3027,7.690e-1,9.434e-1
ENSG00010001737,GENE1738,253.78,-0.2996,0.2211,1.755e-1,4.963e-1
ENSG00010001738,GENE1739,1087.50,2.2886,0.2015,1.000e-300,1.471e-299
ENSG00010001739,GENE1740,17.72,0.1387,0.1346,3.028e-1,6.660e-1
ENSG00010001740,GENE1741,1507.78,-0.5459,0.1994,6.198e-3,3.890e-2
ENSG00010001741,GENE1742,1895.96,-0.6358,0.2756,2.105e-2,1.120e-1
ENSG00010001742,GENE1743,4.21,-0.1503,0.1458,3.028e-1,6.660e-1
ENSG00010001743,GENE1744,5.19,-0.1553,0.1465,2.890e-1,6.554e-1
ENSG00010001744,GENE1745,2618.18,0.2675,0.1487,7.194e-2,2.901e-1
ENSG00010001745,GENE1746,1034.46,0.2393,0.2570,3.518e-1,7.111e-1
ENSG00010001746,GENE1747,3.75,-1.6974,0.1376,1.000e-300,1.471e-299
ENSG00010001747,GENE1748,4.07,-1.7079,0.1883,1.000e-300,1.471e-299
ENSG00010001748,GENE1749,3.37,-0.1502,0.1026,1.434e-1,4.449e-1
ENSG00010001749,GENE1750,1554.92,-0.1772,0.2884,5.390e-1,8.423e-1
ENSG00010001750,GENE1751,321.51,0.2141,0.3010,4.769e-1,8.025e-1
ENSG00010001751,GENE1752,87.47,-0.1947,0.3111,5.314e-1,8.385e-1
ENSG00010001752,GENE1753,103.67,-0.5494,0.2468,2.601e-2,1.311e-1
ENSG00010001753,GENE1754,2956.80,-0.0548,0.3194,8.638e-1,9.620e-1
ENSG00010001754,GENE1755,3748.59,-0.5802,0.1518,1.326e-4,1.087e-3
ENSG00010001755,GENE1756,1971.04,0.3160,0.1804,7.979e-2,3.109e-1
ENSG00010001756,GENE1757,1634.78,0.3220,0.2464,1.913e-1,5.151e-1
ENSG00010001757,GENE1758,175.64,0.5147,0.1651,1.825e-3,1.293e-2
ENSG00010001758,GENE1759,2069.14,-2.0566,0.0852,1.000e-300,1.471e-299
ENSG00010001759,GENE1760,588.93,-0.9980,0.3249,2.128e-3,1.489e-2
ENSG00010001760,GENE1761,11.17,-0.2160,0.1322,1.023e-1,3.665e-1
ENSG00010001761,GENE1762,36.55,0.1924,0.3239,5.526e-1,8.497e-1
ENSG00010001762,GENE1763,271.81,0.0171,0.2829,9.517e-1,9.838e-1
ENSG00010001763,GENE1764,374.19,-0.2171,0.2214,3.269e-1,6.888e-1
ENSG00010001764,GENE1765,24.89,-2.0016,0.2092,1.000e-300,1.471e-299
ENSG00010001765,GENE1766,711.10,-0.4296,0.1754,1.432e-2,8.092e-2
ENSG00010001766,GENE1767,205.29,0.0616,0.0533,2.479e-1,5.983e-1
ENSG00010001767,GENE1768,233.81,0.1860,0.3145,5.543e-1,8.509e-1
ENSG00010001768,GENE1769,10.84,0.1058,0.2970,7.217e-1,9.240e-1
ENSG00010001769,GENE1770,1382.40,-0.1859,0.1773,2.944e-1,6.582e-1
ENSG00010001770,GENE1771,15.99,2.6564,0.1724,1.000e-300,1.471e-299
ENSG00010001771,GENE1772,48.82,0.2184,0.1645,1.842e-1,5.060e-1
ENSG00010001772,GENE1773,1743.29,-0.7839,0.2703,3.730e-3,2.481e-2
ENSG00010001773,GENE1774,398.86,0.6458,0.2121,2.332e-3,1.608e-2
ENSG00010001774,GENE1775,2105.89,-0.0964,0.2113,6.483e-1,8.877e-1
ENSG00010001775,GENE1776,39.71,-0.4245,0.3064,1.659e-1,4.851e-1
ENSG00010001776,GENE1777,16.33,-0.3752,0.2180,8.524e-2,3.270e-1
ENSG00010001777,GENE1778,453.33,-1.8640,0.2407,9.770e-15,1.351e-13
ENSG00010001778,GENE1779,145.61,-0.4023,0.2157,6.214e-2,2.622e-1
ENSG00010001779,GENE1780,48.14,0.0961,0.2343,6.817e-1,9.055e-1
ENSG00010001780,GENE1781,87.55,-0.0271,0.2415,9.108e-1,9.741e-1
ENSG00010001781,GENE1782,100.43,1.7215,0.2474,3.470e-12,4.284e-11
ENSG00010001782,GENE1783,8.76,-0.2232,0.3898,5.670e-1,8.581e-1
ENSG00010001783,GENE1784,297.37,0.3687,0.2570,1.514e-1,4.573e-1
ENSG00010001784,GENE1785,1873.08,0.2867,0.2744,2.962e-1,6.606e-1
ENSG00010001785,GENE1786,293.36,2.0490,0.1370,1.000e-300,1.471e-299
ENSG00010001786,GENE1787,401.53,-0.0526,0.2359,8.235e-1,9.517e-1
ENSG00010001787,GENE1788,112.43,0.1191,0.2469,6.295e-1,8.825e-1
ENSG00010001788,GENE1789,7.42,-0.2765,0.1901,1.460e-1,4.473e-1
ENSG00010001789,GENE1790,116.06,-0.0715,0.1574,6.497e-1,8.888e-1
ENSG00010001790,GENE1791,6.98,-0.0101,0.1716,9.529e-1,9.847e-1
ENSG00010001791,GENE1792,1036.23,-0.0300,0.2873,9.168e-1,9.768e-1
ENSG00010001792,GENE1793,3962.28,0.1437,0.2525,5.693e-1,8.596e-1
ENSG00010001793,GENE1794,1318.55,0.4920,0.3445,1.532e-1,4.600e-1
ENSG00010001794,GENE1795,67.70,1.9660,0.1674,1.000e-300,1.471e-299
ENSG00010001795,GENE1796,25.32,-0.0758,0.0955,4.271e-1,7.689e-1
ENSG00010001796,GENE1797,7.21,-0.0334,0.1304,7.976e-1,9.490e-1
ENSG00010001797,GENE1798,59.98,-0.2065,0.2578,4.231e-1,7.665e-1
ENSG00010001798,GENE1799,111.16,-3.0498,0.1604,1.000e-300,1.471e-299
ENSG00010001799,GENE1800,132.41,-0.3806,0.1028,2.124e-4,1.694e-3
ENSG00010001800,GENE1801,1265.15,0.0733,0.3197,8.187e-1,9.507e-1
ENSG00010001801,GENE1802,21.10,-0.0850,0.2392,7.223e-1,9.240e-1
ENSG00010001802,GENE1803,427.85,1.0783,0.1730,4.619e-10,5.132e-9
ENSG00010001803,GENE1804,2071.19,0.3632,0.2680,1.753e-1,4.961e-1
ENSG00010001804,GENE1805,115.44,-0.1456,0.3246,6.538e-1,8.904e-1
ENSG00010001805,GENE1806,1194.64,0.1958,0.2390,4.127e-1,7.603e-1
ENSG00010001806,GENE1807,189.61,-0.0444,0.2203,8.403e-1,9.575e-1
ENSG00010001807,GENE1808,235.39,-1.5203,0.1887,8.882e-16,1.281e-14
ENSG00010001808,GENE1809,5.40,-0.0640,0.2230,7.742e-1,9.434e-1
ENSG00010001809,GENE1810,15.59,-0.0102,0.2475,9.670e-1,9.901e-1
ENSG00010001810,GENE1811,5.72,0.0820,0.1849,6.575e-1,8.918e-1
ENSG00010001811,GENE1812,1424.91,0.1504,0.2825,5.946e-1,8.673e-1
ENSG00010001812,GENE1813,9.29,-0.1620,0.1653,3.270e-1,6.888e-1
ENSG00010001813,GENE1814,8.43,0.0494,0.2144,8.178e-1,9.507e-1
ENSG00010001814,GENE1815,134.35,-0.3493,0.2254,1.212e-1,3.996e-1
ENSG00010001815,GENE1816,4.88,0.2558,0.2611,3.273e-1,6.888e-1
ENSG00010001816,GENE1817,834.23,0.9832,0.2223,9.790e-6,8.873e-5
ENSG00010001817,GENE1818,2792.57,1.5036,0.2179,5.175e-12,6.241e-11
ENSG00010001818,GENE1819,1709.44,0.2193,0.2239,3.272e-1,6.888e-1
ENSG00010001819,GENE1820,4073.67,-0.4739,0.1925,1.379e-2,7.881e-2
ENSG00010001820,GENE1821,183.98,0.1806,0.1586,2.549e-1,6.074e-1
ENSG00010001821,GENE1822,797.23,-0.1375,0.2645,6.031e-1,8.689e-1
ENSG00010001822,GENE1823,2394.64,0.0516,0.1489,7.287e-1,9.287e-1
ENSG00010001823,GENE1824,596.88,0.4807,0.3759,2.010e-1,5.321e-1
ENSG00010001824,GENE1825,89.91,0.1656,0.1856,3.722e-1,7.337e-1
ENSG00010001825,GENE1826,48.15,0.2576,0.1672,1.235e-1,4.050e-1
ENSG00010001826,GENE1827,12.78,0.2237,0.1659,1.775e-1,4.968e-1
ENSG00010001827,GENE1828,1091.21,3.4924,0.1418,1.000e-300,1.471e-299
ENSG00010001828,GENE1829,27.53,-0.3115,0.2160,1.491e-1,4.537e-1
ENSG00010001829,GENE1830,393.26,-0.4188,0.3927,2.863e-1,6.534e-1
ENSG00010001830,GENE1831,8.81,0.2162,0.2772,4.354e-1,7.751e-1
ENSG00010001831,GENE1832,60.39,0.2133,0.1622,1.885e-1,5.122e-1
ENSG00010001832,GENE1833,5.41,-0.0147,0.2007,9.415e-1,9.793e-1
ENSG00010001833,GENE1834,434.34,0.1621,0.1717,3.452e-1,7.051e-1
ENSG00010001834,GENE1835,608.29,-0.0447,0.2886,8.769e-1,9.634e-1
ENSG00010001835,GENE1836,511.19,-0.2894,0.3223,3.692e-1,7.320e-1
ENSG00010001836,GENE1837,124.83,3.4064,0.1609,1.000e-300,1.471e-299
ENSG00010001837,GENE1838,20.38,0.0321,0.2867,9.108e-1,9.741e-1
ENSG00010001838,GENE1839,58.47,-0.2481,0.1994,2.133e-1,5.511e-1
ENSG00010001839,GENE1840,934.01,-0.0024,0.1961,9.903e-1,9.960e-1
ENSG00010001840,GENE1841,13.71,0.3802,0.2431,1.178e-1,3.953e-1
ENSG00010001841,GENE1842,82.50,0.1989,0.2420,4.111e-1,7.592e-1
ENSG00010001842,GENE1843,16.56,-0.1265,0.2608,6.276e-1,8.813e-1
ENSG00010001843,GENE1844,5.64,0.0131,0.2101,9.502e-1,9.826e-1
ENSG00010001844,GENE1845,18.73,0.2502,0.1744,1.513e-1,4.573e-1
ENSG00010001845,GENE1846,1879.64,0.6049,0.2076,3.576e-3,2.389e-2
ENSG00010001846,GENE1847,5.87,0.3394,0.1498,2.350e-2,1.215e-1
ENSG00010001847,GENE1848,978.30,0.1585,0.3844,6.801e-1,9.055e-1
ENSG00010001848,GENE1849,27.53,-0.4697,0.2345,4.519e-2,2.024e-1
ENSG00010001849,GENE1850,46.89,2.2703,0.1207,1.000e-300,1.471e-299
ENSG00010001850,GENE1851,285.79,-0.0012,0.1610,9.940e-1,9.967e-1
ENSG00010001851,GENE1852,5.27,-0.3721,0.2280,1.026e-1,3.669e-1
ENSG00010001852,GENE1853,533.32,0.2329,0.2559,3.629e-1,7.250e-1
ENSG00010001853,GENE1854,717.51,-0.1912,0.1793,2.862e-1,6.534e-1
ENSG00010001854,GENE1855,1935.20,0.2839,0.2513,2.587e-1,6.129e-1
ENSG00010001855,GENE1856,19.35,-0.0118,0.2330,9.596e-1,9.869e-1
ENSG00010001856,GENE1857,497.96,0.3647,0.1839,4.728e-2,2.104e-1
ENSG00010001857,GENE1858,2763.44,1.8044,0.3319,5.446e-8,5.538e-7
ENSG00010001858,GENE1859,5513.19,1.7421,0.2024,1.000e-300,1.471e-299
ENSG00010001859,GENE1860,4.27,0.0911,0.1514,5.473e-1,8.475e-1
ENSG00010001860,GENE1861,1317.40,0.1711,0.3347,6.092e-1,8.711e-1
ENSG00010001861,GENE1862,12.73,0.2144,0.3365,5.240e-1,8.344e-1
ENSG00010001862,GENE1863,79.90,-0.2032,0.2494,4.152e-1,7.623e-1
ENSG00010001863,GENE1864,43.31,1.3463,0.1241,1.000e-300,1.471e-299
ENSG00010001864,GENE1865,649.08,-0.1615,0.3071,5.989e-1,8.685e-1
ENSG00010001865,GENE1866,18.70,1.6743,0.1686,1.000e-300,1.471e-299
ENSG00010001866,GENE1867,4.22,0.1417,0.1614,3.800e-1,7.411e-1
ENSG00010001867,GENE1868,141.30,0.0069,0.1907,9.713e-1,9.915e-1
ENSG00010001868,GENE1869,2068.02,-0.2520,0.3024,4.045e-1,7.562e-1
ENSG00010001869,GENE1870,1777.22,-0.2658,0.3559,4.552e-1,7.914e-1
ENSG00010001870,GENE1871,2646.19,0.3104,0.2063,1.325e-1,4.251e-1
ENSG00010001871,GENE1872,22.35,0.0701,0.2843,8.054e-1,9.490e-1
ENSG00010001872,GENE1873,704.89,-0.0569,0.2137,7.900e-1,9.471e-1
ENSG00010001873,GENE1874,24.75,0.0556,0.1711,7.453e-1,9.336e-1
ENSG00010001874,GENE1875,6.79,0.1106,0.1151,3.367e-1,6.994e-1
ENSG00010001875,GENE1876,927.08,0.4714,0.3562,1.857e-1,5.078e-1
ENSG00010001876,GENE1877,1683.83,-3.2886,0.2288,1.000e-300,1.471e-299
ENSG00010001877,GENE1878,43.47,0.0902,0.2998,7.635e-1,9.408e-1
ENSG00010001878,GENE1879,70.94,-0.2006,0.3641,5.817e-1,8.615e-1
ENSG00010001879,GENE1880,208.97,-0.2447,0.1086,2.425e-2,1.244e-1
ENSG00010001880,GENE1881,70.44,-0.4132,0.1527,6.813e-3,4.240e-2
ENSG00010001881,GENE1882,940.60,0.0185,0.2601,9.432e-1,9.795e-1
ENSG00010001882,GENE1883,77.77,-0.4438,0.1912,2.028e-2,1.086e-1
ENSG00010001883,GENE1884,199.31,0.2574,0.2630,3.277e-1,6.888e-1
ENSG00010001884,GENE1885,210.22,0.3025,0.2012,1.327e-1,4.252e-1
ENSG00010001885,GENE1886,48.84,-0.1487,0.2612,5.692e-1,8.596e-1
ENSG00010001886,GENE1887,4.69,-0.8632,0.2365,2.620e-4,2.074e-3
ENSG00010001887,GENE1888,114.67,0.0001,0.1309,9.996e-1,1.000e+0
ENSG00010001888,GENE1889,536.26,0.0140,0.1652,9.324e-1,9.787e-1
ENSG00010001889,GENE1890,9.44,-0.1203,0.2186,5.822e-1,8.617e-1
ENSG00010001890,GENE1891,464.65,-3.0482,0.2526,1.000e-300,1.471e-299
ENSG00010001891,GENE1892,184.50,0.2481,0.2342,2.894e-1,6.554e-1
ENSG00010001892,GENE1893,41.58,-0.0802,0.3165,7.999e-1,9.490e-1
ENSG00010001893,GENE1894,140.08,-0.0135,0.1060,8.986e-1,9.714e-1
ENSG00010001894,GENE1895,4089.87,-0.0471,0.0954,6.213e-1,8.787e-1
ENSG00010001895,GENE1896,43.71,0.0673,0.1542,6.626e-1,8.946e-1
ENSG00010001896,GENE1897,1736.91,2.5015,0.3174,3.109e-15,4.358e-14
ENSG00010001897,GENE1898,8.04,-0.0973,0.2129,6.478e-1,8.874e-1
ENSG00010001898,GENE1899,3024.44,-0.0226,0.1515,8.813e-1,9.653e-1
ENSG00010001899,GENE1900,266.86,1.6707,0.1158,1.000e-300,1.471e-299
ENSG00010001900,GENE1901,11.00,-0.0654,0.1842,7.226e-1,9.240e-1
ENSG00010001901,GENE1902,1205.29,-0.9548,0.1253,2.554e-14,3.498e-13
ENSG00010001902,GENE1903,89.53,-0.2535,0.1356,6.169e-2,2.607e-1
ENSG00010001903,GENE1904,3.95,0.1959,0.2428,4.196e-1,7.645e-1
ENSG00010001904,GENE1905,21.98,-0.0066,0.2305,9.770e-1,9.922e-1
ENSG00010001905,GENE1906,186.92,-0.3568,0.3790,3.465e-1,7.068e-1
ENSG00010001906,GENE1907,605.12,-0.2126,0.2594,4.125e-1,7.603e-1
ENSG00010001907,GENE1908,18.00,-0.3984,0.1894,3.538e-2,1.695e-1
ENSG00010001908,GENE1909,221.14,-0.2432,0.2287,2.875e-1,6.545e-1
ENSG00010001909,GENE1910,175.04,-0.3391,0.1543,2.801e-2,1.391e-1
ENSG00010001910,GENE1911,56.74,0.3711,0.1789,3.802e-2,1.777e-1
ENSG00010001911,GENE1912,2852.89,-0.0730,0.2334,7.546e-1,9.374e-1
ENSG00010001912,GENE1913,30.10,0.1858,0.3919,6.353e-1,8.853e-1
ENSG00010001913,GENE1914,4.95,0.2295,0.1568,1.434e-1,4.449e-1
ENSG00010001914,GENE1915,687.73,-0.0087,0.1616,9.570e-1,9.860e-1
ENSG00010001915,GENE1916,2742.46,-0.3038,0.2604,2.433e-1,5.921e-1
ENSG00010001916,GENE1917,57.35,-0.1040,0.2095,6.195e-1,8.771e-1
ENSG00010001917,GENE1918,460.35,0.2074,0.2466,4.004e-1,7.546e-1
ENSG00010001918,GENE1919,3653.89,0.8498,0.1776,1.706e-6,1.609e-5
ENSG00010001919,GENE1920,14.29,-0.3788,0.2272,9.542e-2,3.521e-1
ENSG00010001920,GENE1921,11.00,0.3049,0.2288,1.826e-1,5.044e-1
ENSG00010001921,GENE1922,148.40,-0.2563,0.2398,2.851e-1,6.524e-1
ENSG00010001922,GENE1923,1165.97,2.4435,0.2332,1.000e-300,1.471e-299
ENSG00010001923,GENE1924,1474.40,-0.1173,0.2995,6.954e-1,9.126e-1
ENSG00010001924,GENE1925,11851.34,3.3021,0.2011,1.000e-300,1.471e-299
ENSG00010001925,GENE1926,40.26,-0.0169,0.1440,9.068e-1,9.734e-1
ENSG00010001926,GENE1927,131.40,0.0058,0.1810,9.743e-1,9.915e-1
ENSG00010001927,GENE1928,201.23,-2.2333,0.1603,1.000e-300,1.471e-299
ENSG00010001928,GENE1929,117.92,-0.2789,0.2103,1.848e-1,5.069e-1
ENSG00010001929,GENE1930,1268.45,-2.2627,0.2485,1.000e-300,1.471e-299
ENSG00010001930,GENE1931,386.77,-0.1319,0.2538,6.032e-1,8.689e-1
ENSG00010001931,GENE1932,320.40,-0.1862,0.2710,4.920e-1,8.128e-1
ENSG00010001932,GENE1933,44.75,0.5110,0.2949,8.317e-2,3.211e-1
ENSG00010001933,GENE1934,1986.00,-0.1148,0.1200,3.388e-1,7.001e-1
ENSG00010001934,GENE1935,2208.47,-0.4112,0.1397,3.242e-3,2.190e-2
ENSG00010001935,GENE1936,120.63,-3.1209,0.1960,1.000e-300,1.471e-299
ENSG00010001936,GENE1937,42.32,-0.1710,0.2825,5.451e-1,8.460e-1
ENSG00010001937,GENE1938,4.53,-0.3428,0.1227,5.195e-3,3.316e-2
ENSG00010001938,GENE1939,20.93,-1.7704,0.3177,2.503e-8,2.598e-7
ENSG00010001939,GENE1940,756.28,-0.0210,0.2744,9.390e-1,9.787e-1
ENSG00010001940,GENE1941,623.77,-3.1829,0.2070,1.000e-300,1.471e-299
ENSG00010001941,GENE1942,21.38,0.1637,0.1884,3.849e-1,7.456e-1
ENSG00010001942,GENE1943,74.22,0.2730,0.2008,1.740e-1,4.938e-1
ENSG00010001943,GENE1944,4.18,-1.9377,0.1930,1.000e-300,1.471e-299
ENSG00010001944,GENE1945,13.14,-0.0808,0.2001,6.863e-1,9.082e-1
ENSG00010001945,GENE1946,6.51,-0.1637,0.1152,1.555e-1,4.643e-1
ENSG00010001946,GENE1947,7.89,-0.2127,0.4042,5.987e-1,8.685e-1
ENSG00010001947,GENE1948,611.66,0.2815,0.3381,4.051e-1,7.567e-1
ENSG00010001948,GENE1949,23.31,-0.0027,0.1411,9.848e-1,9.951e-1
ENSG00010001949,GENE1950,1368.49,2.4746,0.2242,1.000e-300,1.471e-299
ENSG00010001950,GENE1951,5.95,0.4205,0.2116,4.696e-2,2.093e-1
ENSG00010001951,GENE1952,2602.50,-0.1711,0.2877,5.519e-1,8.495e-1
ENSG00010001952,GENE1953,24.39,0.2901,0.2759,2.931e-1,6.576e-1
ENSG00010001953,GENE1954,5.78,0.3184,0.1904,9.445e-2,3.498e-1
ENSG00010001954,GENE1955,68.41,-0.3397,0.3217,2.910e-1,6.562e-1
ENSG00010001955,GENE1956,633.66,-0.4271,0.3114,1.702e-1,4.909e-1
ENSG00010001956,GENE1957,54.14,-1.8596,0.1804,1.000e-300,1.471e-299
ENSG00010001957,GENE1958,66.73,0.1706,0.2586,5.096e-1,8.259e-1
ENSG00010001958,GENE1959,108.55,-1.3019,0.2239,6.070e-9,6.458e-8
ENSG00010001959,GENE1960,5.26,-0.4046,0.2000,4.313e-2,1.951e-1
ENSG00010001960,GENE1961,374.78,0.0469,0.2050,8.190e-1,9.507e-1
ENSG00010001961,GENE1962,31.47,-0.1064,0.1922,5.799e-1,8.615e-1
ENSG00010001962,GENE1963,2184.47,-0.0938,0.2251,6.767e-1,9.052e-1
ENSG00010001963,GENE1964,50.28,2.2595,0.1547,1.000e-300,1.471e-299
ENSG00010001964,GENE1965,1335.87,-1.7435,0.2442,9.419e-13,1.192e-11
ENSG00010001965,GENE1966,8.72,-0.0590,0.2136,7.825e-1,9.471e-1
ENSG00010001966,GENE1967,322.91,-0.1670,0.1791,3.512e-1,7.104e-1
ENSG00010001967,GENE1968,8.28,0.0589,0.1806,7.442e-1,9.336e-1
ENSG00010001968,GENE1969,347.52,-0.0266,0.1522,8.610e-1,9.620e-1
ENSG00010001969,GENE1970,7.81,-0.0403,0.1764,8.191e-1,9.507e-1
ENSG00010001970,GENE1971,1835.11,-0.1825,0.3722,6.240e-1,8.801e-1
ENSG00010001971,GENE1972,52.98,-0.0760,0.2565,7.670e-1,9.431e-1
ENSG00010001972,GENE1973,361.07,0.2287,0.1393,1.007e-1,3.630e-1
ENSG00010001973,GENE1974,85.69,0.0573,0.3382,8.655e-1,9.620e-1
ENSG00010001974,GENE1975,110.80,0.2246,0.1568,1.521e-1,4.581e-1
ENSG00010001975,GENE1976,15.83,-0.3665,0.2554,1.513e-1,4.573e-1
ENSG00010001976,GENE1977,23.11,-0.1514,0.2313,5.128e-1,8.275e-1
ENSG00010001977,GENE1978,51.63,0.1251,0.1785,4.833e-1,8.055e-1
ENSG00010001978,GENE1979,3033.09,0.3334,0.3259,3.063e-1,6.673e-1
ENSG00010001979,GENE1980,69.62,0.2647,0.1423,6.290e-2,2.643e-1
ENSG00010001980,GENE1981,8.95,0.3526,0.2960,2.336e-1,5.823e-1
ENSG00010001981,GENE1982,52.24,0.1145,0.2728,6.746e-1,9.035e-1
ENSG00010001982,GENE1983,14.30,-0.0388,0.2335,8.680e-1,9.620e-1
ENSG00010001983,GENE1984,637.63,-0.2972,0.1836,1.055e-1,3.716e-1
ENSG00010001984,GENE1985,66.62,0.0950,0.2005,6.357e-1,8.854e-1
ENSG00010001985,GENE1986,1103.14,0.0033,0.2691,9.901e-1,9.960e-1
ENSG00010001986,GENE1987,20.55,-0.5160,0.2411,3.234e-2,1.585e-1
ENSG00010001987,GENE1988,20.50,-0.5216,0.1139,4.690e-6,4.290e-5
ENSG00010001988,GENE1989,3752.36,-0.2119,0.2456,3.882e-1,7.471e-1
ENSG00010001989,GENE1990,2715.75,-0.0922,0.2229,6.790e-1,9.055e-1
ENSG00010001990,GENE1991,664.03,-0.0099,0.1912,9.589e-1,9.867e-1
ENSG00010001991,GENE1992,3278.46,-0.0633,0.3668,8.631e-1,9.620e-1
ENSG00010001992,GENE1993,68.29,-2.3356,0.1382,1.000e-300,1.471e-299
ENSG00010001993,GENE1994,1546.47,-0.3574,0.2825,2.058e-1,5.402e-1
ENSG00010001994,GENE1995,441.44,0.9386,0.1350,3.586e-12,4.409e-11
ENSG00010001995,GENE1996,204.07,-0.2787,0.1324,3.532e-2,1.695e-1
ENSG00010001996,GENE1997,978.67,0.0081,0.2024,9.681e-1,9.905e-1
ENSG00010001997,GENE1998,30.19,-0.0534,0.2381,8.226e-1,9.517e-1
ENSG00010001998,GENE1999,11.24,0.0411,0.1847,8.239e-1,9.517e-1
ENSG00010001999,GENE2000,814.47,0.0499,0.3473,8.858e-1,9.660e-1
ENSG00010002000,GENE2001,37.98,0.2478,0.2548,3.308e-1,6.916e-1
ENSG00010002001,GENE2002,880.86,0.0948,0.1355,4.839e-1,8.056e-1
ENSG00010002002,GENE2003,2118.06,0.0932,0.1988,6.394e-1,8.857e-1
ENSG00010002003,GENE2004,23.84,-0.0269,0.1567,8.639e-1,9.620e-1
ENSG00010002004,GENE2005,1557.89,-0.1732,0.3295,5.992e-1,8.685e-1
ENSG00010002005,GENE2006,11.33,-0.1622,0.2642,5.393e-1,8.423e-1
ENSG00010002006,GENE2007,836.18,-0.3822,0.2397,1.108e-1,3.820e-1
ENSG00010002007,GENE2008,1819.32,0.2670,0.2727,3.276e-1,6.888e-1
ENSG00010002008,GENE2009,30.46,0.2231,0.2151,2.996e-1,6.639e-1
ENSG00010002009,GENE2010,5.27,0.1218,0.1673,4.664e-1,7.966e-1
ENSG00010002010,GENE2011,2761.19,0.1471,0.2423,5.438e-1,8.453e-1
ENSG00010002011,GENE2012,3515.92,-0.0560,0.2859,8.446e-1,9.581e-1
ENSG00010002012,GENE2013,129.15,-0.1611,0.1806,3.725e-1,7.337e-1
ENSG00010002013,GENE2014,349.88,-0.6061,0.2208,6.048e-3,3.820e-2
ENSG00010002014,GENE2015,185.79,-0.0875,0.1366,5.217e-1,8.324e-1
ENSG00010002015,GENE2016,91.51,-0.0467,0.2726,8.641e-1,9.620e-1
ENSG00010002016,GENE2017,1307.35,-0.2042,0.2050,3.193e-1,6.784e-1
ENSG00010002017,GENE2018,17.20,1.7493,0.3755,3.195e-6,2.959e-5
ENSG00010002018,GENE2019,2311.78,0.0761,0.2159,7.245e-1,9.252e-1
ENSG00010002019,GENE2020,1499.45,-0.1383,0.2471,5.756e-1,8.614e-1
ENSG00010002020,GENE2021,246.29,0.0816,0.1448,5.728e-1,8.609e-1
ENSG00010002021,GENE2022,142.32,0.0050,0.2198,9.817e-1,9.946e-1
ENSG00010002022,GENE2023,643.05,-0.1635,0.3181,6.073e-1,8.701e-1
ENSG00010002023,GENE2024,1308.08,0.1592,0.3042,6.008e-1,8.689e-1
ENSG00010002024,GENE2025,20.11,-0.0827,0.2489,7.396e-1,9.330e-1
ENSG00010002025,GENE2026,27.78,-1.8502,0.1466,1.000e-300,1.471e-299
ENSG00010002026,GENE2027,22.55,-0.0439,0.3282,8.935e-1,9.692e-1
ENSG00010002027,GENE2028,31.50,0.2729,0.2585,2.911e-1,6.562e-1
ENSG00010002028,GENE2029,6.99,-0.2750,0.1766,1.194e-1,3.986e-1
ENSG00010002029,GENE2030,8.90,-0.3040,0.1659,6.684e-2,2.781e-1
ENSG00010002030,GENE2031,155.53,-0.9791,0.2279,1.740e-5,1.554e-4
ENSG00010002031,GENE2032,10.77,0.2255,0.2538,3.743e-1,7.339e-1
ENSG00010002032,GENE2033,589.36,-0.2635,0.1023,9.970e-3,5.947e-2
ENSG00010002033,GENE2034,15.59,0.2533,0.2107,2.293e-1,5.738e-1
ENSG00010002034,GENE2035,13.60,0.1135,0.2306,6.224e-1,8.787e-1
ENSG00010002035,GENE2036,35.93,0.3252,0.2758,2.385e-1,5.879e-1
ENSG00010002036,GENE2037,8.92,0.2411,0.1904,2.054e-1,5.400e-1
ENSG00010002037,GENE2038,229.29,0.3194,0.1240,1.000e-2,5.955e-2
ENSG00010002038,GENE2039,1109.88,0.2486,0.3494,4.767e-1,8.025e-1
ENSG00010002039,GENE2040,72.99,0.1424,0.2287,5.336e-1,8.400e-1
ENSG00010002040,GENE2041,726.64,-0.1112,0.1541,4.705e-1,7.978e-1
ENSG00010002041,GENE2042,4.86,0.2382,0.2170,2.723e-1,6.317e-1
ENSG00010002042,GENE2043,1474.12,-0.2563,0.2270,2.588e-1,6.129e-1
ENSG00010002043,GENE2044,101.43,-0.0704,0.2802,8.015e-1,9.490e-1
ENSG00010002044,GENE2045,1950.35,0.0166,0.2248,9.412e-1,9.793e-1
ENSG00010002045,GENE2046,92.97,-0.0847,0.1535,5.810e-1,8.615e-1
ENSG00010002046,GENE2047,1898.45,0.0784,0.2933,7.892e-1,9.471e-1
ENSG00010002047,GENE2048,13.70,0.0645,0.2893,8.235e-1,9.517e-1
ENSG00010002048,GENE2049,5.96,-0.0498,0.1383,7.186e-1,9.228e-1
ENSG00010002049,GENE2050,26.08,0.1728,0.2929,5.551e-1,8.509e-1
ENSG00010002050,GENE2051,631.11,-0.1542,0.4487,7.311e-1,9.287e-1
ENSG00010002051,GENE2052,292.68,0.3243,0.2419,1.800e-1,5.006e-1
ENSG00010002052,GENE2053,440.23,-0.0101,0.1804,9.551e-1,9.860e-1
ENSG00010002053,GENE2054,35.12,-0.1756,0.2152,4.143e-1,7.616e-1
ENSG00010002054,GENE2055,25.34,0.2937,0.2265,1.949e-1,5.229e-1
ENSG00010002055,GENE2056,36.87,0.0310,0.1376,8.216e-1,9.517e-1
ENSG00010002056,GENE2057,1204.82,-0.2350,0.1916,2.201e-1,5.614e-1
ENSG00010002057,GENE2058,87.90,2.5895,0.2003,1.000e-300,1.471e-299
ENSG00010002058,GENE2059,3397.06,-0.4018,0.2820,1.543e-1,4.620e-1
ENSG00010002059,GENE2060,42.37,0.3614,0.2022,7.390e-2,2.956e-1
ENSG00010002060,GENE2061,191.64,0.0234,0.2568,9.274e-1,9.787e-1
ENSG00010002061,GENE2062,582.69,-1.2751,0.1957,7.225e-11,8.241e-10
ENSG00010002062,GENE2063,9.35,0.3779,0.2246,9.242e-2,3.444e-1
ENSG00010002063,GENE2064,124.35,0.0012,0.2202,9.958e-1,9.978e-1
ENSG00010002064,GENE2065,237.02,-0.0527,0.3378,8.761e-1,9.634e-1
ENSG00010002065,GENE2066,412.82,-0.2197,0.3015,4.661e-1,7.966e-1
ENSG00010002066,GENE2067,32.71,-0.0049,0.3085,9.874e-1,9.958e-1
ENSG00010002067,GENE2068,9.70,-0.1166,0.2019,5.638e-1,8.548e-1
ENSG00010002068,GENE2069,1606.23,-0.1387,0.3453,6.880e-1,9.083e-1
ENSG00010002069,GENE2070,3435.98,-0.1761,0.2779,5.264e-1,8.358e-1
ENSG00010002070,GENE2071,169.42,-0.2379,0.1912,2.133e-1,5.511e-1
ENSG00010002071,GENE2072,142.20,2.8586,0.1360,1.000e-300,1.471e-299
ENSG00010002072,GENE2073,154.91,0.2726,0.2081,1.902e-1,5.144e-1
ENSG00010002073,GENE2074,5.29,-0.5111,0.1667,2.173e-3,1.513e-2
ENSG00010002074,GENE2075,4.63,0.0835,0.2929,7.756e-1,9.443e-1
ENSG00010002075,GENE2076,88.37,0.0597,0.1845,7.461e-1,9.336e-1
ENSG00010002076,GENE2077,6.28,0.0461,0.2136,8.290e-1,9.555e-1
ENSG00010002077,GENE2078,482.44,0.5035,0.1988,1.130e-2,6.673e-2
ENSG00010002078,GENE2079,1511.84,-0.3121,0.1463,3.288e-2,1.601e-1
ENSG00010002079,GENE2080,1548.07,0.3859,0.2148,7.239e-2,2.907e-1
ENSG00010002080,GENE2081,71.27,0.3003,0.2355,2.024e-1,5.331e-1
ENSG00010002081,GENE2082,6.28,-0.0994,0.2983,7.389e-1,9.330e-1
ENSG00010002082,GENE2083,15.29,-0.4468,0.1999,2.539e-2,1.283e-1
ENSG00010002083,GENE2084,316.68,-0.4622,0.2258,4.067e-2,1.877e-1
ENSG00010002084,GENE2085,41.28,-0.4354,0.2484,7.962e-2,3.106e-1
ENSG00010002085,GENE2086,456.92,-0.2201,0.1044,3.496e-2,1.684e-1
ENSG00010002086,GENE2087,15.41,-0.3001,0.1895,1.133e-1,3.872e-1
ENSG00010002087,GENE2088,430.20,0.2833,0.3496,4.177e-1,7.641e-1
ENSG00010002088,GENE2089,9.31,-0.2776,0.2121,1.906e-1,5.147e-1
ENSG00010002089,GENE2090,776.13,-0.0707,0.2223,7.506e-1,9.351e-1
ENSG00010002090,GENE2091,126.05,0.1083,0.2175,6.185e-1,8.769e-1
ENSG00010002091,GENE2092,805.63,-0.2119,0.3031,4.844e-1,8.056e-1
ENSG00010002092,GENE2093,4569.23,-0.3325,0.1828,6.898e-2,2.831e-1
ENSG00010002093,GENE2094,983.16,-0.0918,0.3963,8.167e-1,9.507e-1
ENSG00010002094,GENE2095,42.64,0.0037,0.1626,9.820e-1,9.946e-1
ENSG00010002095,GENE2096,7.93,-0.0260,0.3442,9.397e-1,9.787e-1
ENSG00010002096,GENE2097,701.39,1.0456,0.1827,1.043e-8,1.094e-7
ENSG00010002097,GENE2098,10.20,0.2955,0.2024,1.443e-1,4.453e-1
ENSG00010002098,GENE2099,102.45,-0.1313,0.1571,4.030e-1,7.557e-1
ENSG00010002099,GENE2100,6.44,0.0373,0.1849,8.399e-1,9.574e-1
ENSG00010002100,GENE2101,14.43,-0.0974,0.1373,4.783e-1,8.025e-1
ENSG00010002101,GENE2102,119.19,0.1625,0.3413,6.340e-1,8.849e-1
ENSG00010002102,GENE2103,48.13,0.1101,0.2574,6.688e-1,8.986e-1
ENSG00010002103,GENE2104,119.58,0.0355,0.2094,8.655e-1,9.620e-1
ENSG00010002104,GENE2105,30.74,-0.1114,0.2142,6.030e-1,8.689e-1
ENSG00010002105,GENE2106,72.82,0.1044,0.2371,6.596e-1,8.931e-1
ENSG00010002106,GENE2107,17.69,-0.1916,0.1870,3.054e-1,6.668e-1
ENSG00010002107,GENE2108,3371.87,-0.4132,0.2995,1.677e-1,4.885e-1
ENSG00010002108,GENE2109,7.83,-1.6321,0.2055,1.998e-15,2.841e-14
ENSG00010002109,GENE2110,536.41,1.8956,0.1886,1.000e-300,1.471e-299
ENSG00010002110,GENE2111,5.76,0.1750,0.2295,4.458e-1,7.825e-1
ENSG00010002111,GENE2112,60.66,1.4658,0.2513,5.453e-9,5.822e-8
ENSG00010002112,GENE2113,1050.85,-0.0985,0.1933,6.105e-1,8.722e-1
ENSG00010002113,GENE2114,264.19,-0.0743,0.1641,6.505e-1,8.894e-1
ENSG00010002114,GENE2115,869.77,0.2221,0.2607,3.944e-1,7.517e-1
ENSG00010002115,GENE2116,2594.15,-0.6155,0.1911,1.278e-3,9.281e-3
ENSG00010002116,GENE2117,327.98,0.3790,0.3040,2.124e-1,5.505e-1
ENSG00010002117,GENE2118,1423.38,-0.1060,0.2058,6.066e-1,8.694e-1
ENSG00010002118,GENE2119,6.36,-0.1646,0.2283,4.707e-1,7.978e-1
ENSG00010002119,GENE2120,10.62,-0.1041,0.2062,6.135e-1,8.748e-1
ENSG00010002120,GENE2121,343.46,0.0472,0.3000,8.750e-1,9.634e-1
ENSG00010002121,GENE2122,73.30,0.0613,0.2723,8.220e-1,9.517e-1
ENSG00010002122,GENE2123,30.90,0.1359,0.2203,5.374e-1,8.423e-1
ENSG00010002123,GENE2124,5.87,0.1594,0.2439,5.135e-1,8.275e-1
ENSG00010002124,GENE2125,3268.91,0.3549,0.1999,7.587e-2,3.011e-1
ENSG00010002125,GENE2126,28.67,0.3767,0.2753,1.712e-1,4.910e-1
ENSG00010002126,GENE2127,8842.80,1.7877,0.2110,1.000e-300,1.471e-299
ENSG00010002127,GENE2128,29.48,0.2940,0.4647,5.269e-1,8.358e-1
ENSG00010002128,GENE2129,950.97,-0.3526,0.2829,2.127e-1,5.505e-1
ENSG00010002129,GENE2130,7.75,0.1875,0.3095,5.447e-1,8.460e-1
ENSG00010002130,GENE2131,1605.10,0.1814,0.2028,3.710e-1,7.335e-1
ENSG00010002131,GENE2132,2305.46,0.6885,0.0801,1.000e-300,1.471e-299
ENSG00010002132,GENE2133,779.72,0.2240,0.3270,4.933e-1,8.131e-1
ENSG00010002133,GENE2134,937.12,-1.1704,0.1696,5.223e-12,6.268e-11
ENSG00010002134,GENE2135,1916.93,-0.1069,0.3487,7.591e-1,9.391e-1
ENSG00010002135,GENE2136,232.91,-0.0258,0.1668,8.772e-1,9.634e-1
ENSG00010002136,GENE2137,12.02,0.1435,0.1983,4.695e-1,7.978e-1
ENSG00010002137,GENE2138,15.02,-0.3375,0.1774,5.709e-2,2.457e-1
ENSG00010002138,GENE2139,698.40,0.2127,0.1650,1.973e-1,5.271e-1
ENSG00010002139,GENE2140,199.74,0.1824,0.2219,4.111e-1,7.592e-1
ENSG00010002140,GENE2141,82.37,0.4071,0.1974,3.920e-2,1.816e-1
ENSG00010002141,GENE2142,48.26,0.3518,0.1436,1.428e-2,8.092e-2
ENSG00010002142,GENE2143,3.43,-1.2501,0.1436,1.000e-300,1.471e-299
ENSG00010002143,GENE2144,5.25,0.2012,0.2117,3.418e-1,7.010e-1
ENSG00010002144,GENE2145,1122.31,0.3376,0.2883,2.416e-1,5.902e-1
ENSG00010002145,GENE2146,4.27,0.1392,0.1754,4.272e-1,7.689e-1
ENSG00010002146,GENE2147,1520.09,0.0070,0.3544,9.842e-1,9.951e-1
ENSG00010002147,GENE2148,1800.92,-0.3577,0.0892,6.073e-5,5.191e-4
ENSG00010002148,GENE2149,39.83,0.0370,0.0808,6.470e-1,8.874e-1
ENSG00010002149,GENE2150,10.03,-0.1742,0.2344,4.572e-1,7.933e-1
ENSG00010002150,GENE2151,64.72,0.0356,0.2425,8.834e-1,9.658e-1
ENSG00010002151,GENE2152,175.63,-0.1293,0.2799,6.440e-1,8.857e-1
ENSG00010002152,GENE2153,1282.85,-0.2945,0.2218,1.843e-1,5.060e-1
ENSG00010002153,GENE2154,6.83,0.0058,0.1949,9.764e-1,9.920e-1
ENSG00010002154,GENE2155,24.10,-0.1302,0.2658,6.244e-1,8.802e-1
ENSG00010002155,GENE2156,1859.76,-0.4414,0.2166,4.153e-2,1.902e-1
ENSG00010002156,GENE2157,1382.91,0.3380,0.1651,4.067e-2,1.877e-1
ENSG00010002157,GENE2158,277.68,0.2693,0.2638,3.072e-1,6.673e-1
ENSG00010002158,GENE2159,46.34,0.0425,0.2990,8.869e-1,9.665e-1
ENSG00010002159,GENE2160,3517.95,0.3054,0.1514,4.363e-2,1.965e-1
ENSG00010002160,GENE2161,37.68,-0.0382,0.4567,9.333e-1,9.787e-1
ENSG00010002161,GENE2162,41.70,-0.0810,0.2091,6.986e-1,9.132e-1
ENSG00010002162,GENE2163,1049.73,0.3171,0.1409,2.439e-2,1.246e-1
ENSG00010002163,GENE2164,16.37,0.0279,0.2829,9.215e-1,9.783e-1
ENSG00010002164,GENE2165,12.47,-0.2417,0.3120,4.386e-1,7.776e-1
ENSG00010002165,GENE2166,87.86,-0.0513,0.2393,8.301e-1,9.557e-1
ENSG00010002166,GENE2167,2555.25,0.3668,0.2233,1.005e-1,3.629e-1
ENSG00010002167,GENE2168,19.70,-0.1425,0.2033,4.833e-1,8.055e-1
ENSG00010002168,GENE2169,16.82,0.0792,0.1632,6.274e-1,8.813e-1
ENSG00010002169,GENE2170,33.32,-1.9452,0.1947,1.000e-300,1.471e-299
ENSG00010002170,GENE2171,414.55,0.0783,0.2525,7.565e-1,9.374e-1
ENSG00010002171,GENE2172,7.83,0.2794,0.2183,2.004e-1,5.312e-1
ENSG00010002172,GENE2173,3093.51,-0.2357,0.1643,1.515e-1,4.573e-1
ENSG00010002173,GENE2174,136.84,0.0798,0.2785,7.745e-1,9.434e-1
ENSG00010002174,GENE2175,17.89,0.2119,0.2326,3.622e-1,7.249e-1
ENSG00010002175,GENE2176,54.32,0.5199,0.3138,9.758e-2,3.561e-1
ENSG00010002176,GENE2177,525.58,2.9424,0.1209,1.000e-300,1.471e-299
ENSG00010002177,GENE2178,130.17,0.0076,0.2400,9.749e-1,9.915e-1
ENSG00010002178,GENE2179,6.27,-0.1021,0.2245,6.490e-1,8.883e-1
ENSG00010002179,GENE2180,155.32,-0.3578,0.2043,7.992e-2,3.110e-1
ENSG00010002180,GENE2181,20.19,-0.1656,0.2631,5.292e-1,8.360e-1
ENSG00010002181,GENE2182,176.48,-0.3375,0.1752,5.412e-2,2.339e-1
ENSG00010002182,GENE2183,854.88,-0.2122,0.2842,4.553e-1,7.914e-1
ENSG00010002183,GENE2184,3959.18,-0.1484,0.0970,1.260e-1,4.111e-1
ENSG00010002184,GENE2185,14.52,0.4533,0.1580,4.122e-3,2.712e-2
ENSG00010002185,GENE2186,98.59,-0.0849,0.2696,7.528e-1,9.369e-1
ENSG00010002186,GENE2187,2003.41,0.2107,0.1854,2.557e-1,6.082e-1
ENSG00010002187,GENE2188,47.54,0.2014,0.3030,5.062e-1,8.249e-1
ENSG00010002188,GENE2189,211.97,-0.1284,0.2470,6.032e-1,8.689e-1
ENSG00010002189,GENE2190,312.05,0.3484,0.2795,2.126e-1,5.505e-1
ENSG00010002190,GENE2191,1304.90,-0.0933,0.2406,6.983e-1,9.132e-1
ENSG00010002191,GENE2192,364.38,0.3406,0.3459,3.247e-1,6.860e-1
ENSG00010002192,GENE2193,7176.16,2.1680,0.1587,1.000e-300,1.471e-299
ENSG00010002193,GENE2194,181.28,0.3949,0.2235,7.728e-2,3.046e-1
ENSG00010002194,GENE2195,87.10,2.5705,0.1545,1.000e-300,1.471e-299
ENSG00010002195,GENE2196,56.95,0.0311,0.2306,8.928e-1,9.692e-1
ENSG00010002196,GENE2197,36.09,2.5414,0.2113,1.000e-300,1.471e-299
ENSG00010002197,GENE2198,68.31,0.1222,0.2116,5.637e-1,8.548e-1
ENSG00010002198,GENE2199,6.56,0.1919,0.1276,1.328e-1,4.252e-1
ENSG00010002199,GENE2200,5.85,-0.2398,0.2160,2.669e-1,6.240e-1
ENSG00010002200,GENE2201,7.33,-0.0536,0.2238,8.107e-1,9.507e-1
ENSG00010002201,GENE2202,12.07,-0.1354,0.2104,5.200e-1,8.320e-1
ENSG00010002202,GENE2203,1319.09,0.1046,0.3620,7.727e-1,9.434e-1
ENSG00010002203,GENE2204,8.01,0.2979,0.2899,3.041e-1,6.660e-1
ENSG00010002204,GENE2205,9.17,-0.0735,0.2141,7.312e-1,9.287e-1
ENSG00010002205,GENE2206,8.36,-0.1380,0.1420,3.313e-1,6.916e-1
ENSG00010002206,GENE2207,56.42,0.1144,0.1829,5.316e-1,8.385e-1
ENSG00010002207,GENE2208,183.28,-0.3327,0.2139,1.199e-1,3.989e-1
ENSG00010002208,GENE2209,1464.68,-2.9033,0.3321,1.000e-300,1.471e-299
ENSG00010002209,GENE2210,1490.38,-0.0574,0.3270,8.606e-1,9.620e-1
ENSG00010002210,GENE2211,952.40,0.5221,0.1646,1.510e-3,1.089e-2
ENSG00010002211,GENE2212,210.10,-0.1755,0.1482,2.363e-1,5.857e-1
ENSG00010002212,GENE2213,458.57,-0.2228,0.3221,4.891e-1,8.094e-1
ENSG00010002213,GENE2214,1746.83,0.1584,0.3313,6.326e-1,8.844e-1
ENSG00010002214,GENE2215,19.95,0.1080,0.1353,4.247e-1,7.676e-1
ENSG00010002215,GENE2216,302.66,-0.6747,0.3959,8.833e-2,3.352e-1
ENSG00010002216,GENE2217,4.49,-1.4453,0.1265,1.000e-300,1.471e-299
ENSG00010002217,GENE2218,44.00,-0.0761,0.1949,6.961e-1,9.127e-1
ENSG00010002218,GENE2219,103.16,-0.3654,0.2211,9.841e-2,3.587e-1
ENSG00010002219,GENE2220,225.48,0.0139,0.2586,9.571e-1,9.860e-1
ENSG00010002220,GENE2221,433.14,0.0971,0.4317,8.221e-1,9.517e-1
ENSG00010002221,GENE2222,13.72,0.3328,0.2465,1.770e-1,4.968e-1
ENSG00010002222,GENE2223,687.03,-0.4841,0.2693,7.217e-2,2.902e-1
ENSG00010002223,GENE2224,1044.72,-0.0823,0.2219,7.108e-1,9.192e-1
ENSG00010002224,GENE2225,68.71,-0.1901,0.2844,5.039e-1,8.224e-1
ENSG00010002225,GENE2226,1641.12,0.0196,0.1233,8.737e-1,9.634e-1
ENSG00010002226,GENE2227,4.60,-0.4543,0.1854,1.425e-2,8.092e-2
ENSG00010002227,GENE2228,16.94,-0.1316,0.1173,2.618e-1,6.173e-1
ENSG00010002228,GENE2229,1037.80,-3.1633,0.2448,1.000e-300,1.471e-299
ENSG00010002229,GENE2230,1767.88,-0.1768,0.1989,3.740e-1,7.339e-1
ENSG00010002230,GENE2231,8.96,-0.0671,0.2328,7.733e-1,9.434e-1
ENSG00010002231,GENE2232,8.92,0.1078,0.0824,1.906e-1,5.147e-1
ENSG00010002232,GENE2233,3115.51,-0.5955,0.1521,9.048e-5,7.561e-4
ENSG00010002233,GENE2234,24.35,0.3622,0.1244,3.597e-3,2.398e-2
ENSG00010002234,GENE2235,5.94,-0.3868,0.1381,5.109e-3,3.275e-2
ENSG00010002235,GENE2236,2118.28,0.3886,0.3283,2.365e-1,5.857e-1
ENSG00010002236,GENE2237,3167.87,-0.3051,0.1964,1.202e-1,3.989e-1
ENSG00010002237,GENE2238,1167.04,0.6267,0.2189,4.200e-3,2.733e-2
ENSG00010002238,GENE2239,27.36,-0.1340,0.2047,5.128e-1,8.275e-1
ENSG00010002239,GENE2240,36.20,-0.1453,0.3246,6.543e-1,8.905e-1
ENSG00010002240,GENE2241,25.87,0.0392,0.1099,7.213e-1,9.239e-1
ENSG00010002241,GENE2242,1061.68,-0.1763,0.2844,5.354e-1,8.416e-1
ENSG00010002242,GENE2243,583.58,-0.0790,0.2671,7.673e-1,9.431e-1
ENSG00010002243,GENE2244,4173.98,-0.0843,0.2263,7.096e-1,9.188e-1
ENSG00010002244,GENE2245,115.66,0.1100,0.0940,2.418e-1,5.902e-1
ENSG00010002245,GENE2246,57.57,0.0855,0.2570,7.395e-1,9.330e-1
ENSG00010002246,GENE2247,6.29,-0.1110,0.2057,5.896e-1,8.653e-1
ENSG00010002247,GENE2248,568.53,0.0357,0.1963,8.557e-1,9.620e-1
ENSG00010002248,GENE2249,16.20,-0.6658,0.2913,2.229e-2,1.169e-1
ENSG00010002249,GENE2250,155.06,-0.0023,0.1666,9.890e-1,9.959e-1
ENSG00010002250,GENE2251,204.84,0.3157,0.2509,2.083e-1,5.440e-1
ENSG00010002251,GENE2252,3355.81,0.4881,0.2526,5.337e-2,2.310e-1
ENSG00010002252,GENE2253,1742.34,-2.7175,0.1515,1.000e-300,1.471e-299
ENSG00010002253,GENE2254,2573.51,-0.0750,0.2341,7.487e-1,9.343e-1
ENSG00010002254,GENE2255,151.83,0.1636,0.2492,5.115e-1,8.273e-1
ENSG00010002255,GENE2256,3981.29,0.2332,0.2604,3.704e-1,7.335e-1
ENSG00010002256,GENE2257,6.37,-2.1079,0.2348,1.000e-300,1.471e-299
ENSG00010002257,GENE2258,836.42,-0.3021,0.2505,2.277e-1,5.721e-1
ENSG00010002258,GENE2259,260.33,0.2731,0.3129,3.827e-1,7.437e-1
ENSG00010002259,GENE2260,181.17,0.2276,0.2570,3.757e-1,7.358e-1
ENSG00010002260,GENE2261,32.28,0.0451,0.4917,9.269e-1,9.787e-1
ENSG00010002261,GENE2262,22.12,-0.0907,0.2003,6.509e-1,8.894e-1
ENSG00010002262,GENE2263,55.31,-0.1262,0.1970,5.218e-1,8.324e-1
ENSG00010002263,GENE2264,146.16,-0.1377,0.1890,4.662e-1,7.966e-1
ENSG00010002264,GENE2265,489.08,-0.3666,0.5026,4.658e-1,7.966e-1
ENSG00010002265,GENE2266,5.66,-0.2056,0.1141,7.170e-2,2.895e-1
ENSG00010002266,GENE2267,5.55,-0.3159,0.2040,1.215e-1,3.997e-1
ENSG00010002267,GENE2268,159.12,-0.0934,0.3857,8.086e-1,9.502e-1
ENSG00010002268,GENE2269,4186.54,-0.2617,0.1778,1.410e-1,4.411e-1
ENSG00010002269,GENE2270,1463.36,0.1056,0.1955,5.893e-1,8.653e-1
ENSG00010002270,GENE2271,478.98,0.4166,0.3104,1.796e-1,5.006e-1
ENSG00010002271,GENE2272,3443.99,-0.1803,0.1892,3.406e-1,7.010e-1
ENSG00010002272,GENE2273,15.12,-0.0206,0.2189,9.248e-1,9.787e-1
ENSG00010002273,GENE2274,24.49,-0.2761,0.2282,2.262e-1,5.709e-1
ENSG00010002274,GENE2275,293.98,-0.1598,0.2445,5.135e-1,8.275e-1
ENSG00010002275,GENE2276,76.15,-0.0921,0.2694,7.326e-1,9.295e-1
ENSG00010002276,GENE2277,718.70,0.2302,0.2139,2.817e-1,6.470e-1
ENSG00010002277,GENE2278,380.49,0.1125,0.3626,7.564e-1,9.374e-1
ENSG00010002278,GENE2279,20.91,-0.2683,0.1754,1.263e-1,4.113e-1
ENSG00010002279,GENE2280,2120.83,-0.2819,0.1677,9.283e-2,3.451e-1
ENSG00010002280,GENE2281,111.61,0.1504,0.3474,6.650e-1,8.953e-1
ENSG00010002281,GENE2282,12.52,-0.2436,0.0772,1.596e-3,1.148e-2
ENSG00010002282,GENE2283,130.40,-0.1941,0.1222,1.121e-1,3.844e-1
ENSG00010002283,GENE2284,69.89,-0.2787,0.1821,1.259e-1,4.111e-1
ENSG00010002284,GENE2285,11.64,0.2162,0.1451,1.362e-1,4.311e-1
ENSG00010002285,GENE2286,3032.92,0.1766,0.2055,3.902e-1,7.489e-1
ENSG00010002286,GENE2287,38.93,0.0220,0.2203,9.205e-1,9.779e-1
ENSG00010002287,GENE2288,106.41,0.3328,0.3427,3.315e-1,6.916e-1
ENSG00010002288,GENE2289,14.79,0.3168,0.2355,1.786e-1,4.988e-1
ENSG00010002289,GENE2290,55.89,-0.0188,0.2270,9.338e-1,9.787e-1
ENSG00010002290,GENE2291,39.87,-0.0619,0.2525,8.063e-1,9.490e-1
ENSG00010002291,GENE2292,21.38,0.0496,0.2138,8.165e-1,9.507e-1
ENSG00010002292,GENE2293,807.08,0.1272,0.2284,5.774e-1,8.615e-1
ENSG00010002293,GENE2294,7.94,-0.0939,0.1936,6.278e-1,8.813e-1
ENSG00010002294,GENE2295,560.63,-0.3043,0.2551,2.329e-1,5.816e-1
ENSG00010002295,GENE2296,2173.80,0.1524,0.2173,4.830e-1,8.055e-1
ENSG00010002296,GENE2297,57.75,0.2820,0.1318,3.239e-2,1.585e-1
ENSG00010002297,GENE2298,35.55,0.7573,0.3132,1.561e-2,8.736e-2
ENSG00010002298,GENE2299,7.56,-0.4086,0.1558,8.722e-3,5.265e-2
ENSG00010002299,GENE2300,275.43,-0.1166,0.3057,7.028e-1,9.149e-1
ENSG00010002300,GENE2301,120.60,-0.1374,0.2908,6.365e-1,8.857e-1
ENSG00010002301,GENE2302,80.09,0.3073,0.1223,1.200e-2,7.015e-2
ENSG00010002302,GENE2303,1152.44,-0.1529,0.2366,5.183e-1,8.318e-1
ENSG00010002303,GENE2304,458.00,0.0834,0.3174,7.926e-1,9.478e-1
ENSG00010002304,GENE2305,15.00,-0.0332,0.2587,8.980e-1,9.712e-1
ENSG00010002305,GENE2306,12.32,0.0888,0.2668,7.393e-1,9.330e-1
ENSG00010002306,GENE2307,140.62,2.8457,0.2014,1.000e-300,1.471e-299
ENSG00010002307,GENE2308,6.89,0.1057,0.2168,6.259e-1,8.813e-1
ENSG00010002308,GENE2309,196.79,0.0892,0.1514,5.556e-1,8.509e-1
ENSG00010002309,GENE2310,248.72,0.3196,0.0666,1.589e-6,1.503e-5
ENSG00010002310,GENE2311,2302.87,0.3199,0.2575,2.140e-1,5.521e-1
ENSG00010002311,GENE2312,52.00,0.5564,0.1811,2.129e-3,1.489e-2
ENSG00010002312,GENE2313,2639.84,2.1470,0.2558,1.000e-300,1.471e-299
ENSG00010002313,GENE2314,1656.65,-0.2424,0.3066,4.292e-1,7.705e-1
ENSG00010002314,GENE2315,17.04,-0.1268,0.1711,4.585e-1,7.939e-1
ENSG00010002315,GENE2316,5.75,-0.1159,0.1547,4.538e-1,7.906e-1
ENSG00010002316,GENE2317,310.79,0.2612,0.3669,4.766e-1,8.025e-1
ENSG00010002317,GENE2318,9.52,-0.3378,0.2741,2.177e-1,5.577e-1
ENSG00010002318,GENE2319,174.77,-0.2507,0.2565,3.285e-1,6.897e-1
ENSG00010002319,GENE2320,10.38,-0.1567,0.2536,5.367e-1,8.421e-1
ENSG00010002320,GENE2321,11.94,0.2448,0.2272,2.812e-1,6.465e-1
ENSG00010002321,GENE2322,771.87,-0.0768,0.2503,7.590e-1,9.391e-1
ENSG00010002322,GENE2323,7.30,0.0533,0.2161,8.052e-1,9.490e-1
ENSG00010002323,GENE2324,729.53,0.0484,0.2940,8.692e-1,9.625e-1
ENSG00010002324,GENE2325,534.71,-0.0217,0.1598,8.921e-1,9.692e-1
ENSG00010002325,GENE2326,23.15,0.2095,0.2084,3.147e-1,6.733e-1
ENSG00010002326,GENE2327,7.53,0.1533,0.2037,4.518e-1,7.880e-1
ENSG00010002327,GENE2328,2285.84,-0.0568,0.2937,8.468e-1,9.586e-1
ENSG00010002328,GENE2329,3.91,0.0164,0.1534,9.149e-1,9.762e-1
ENSG00010002329,GENE2330,2490.36,0.0601,0.1469,6.822e-1,9.055e-1
ENSG00010002330,GENE2331,247.87,0.0693,0.2569,7.875e-1,9.471e-1
ENSG00010002331,GENE2332,269.18,-0.0377,0.2770,8.919e-1,9.692e-1
ENSG00010002332,GENE2333,50.82,0.2718,0.3039,3.711e-1,7.335e-1
ENSG00010002333,GENE2334,13.15,-0.2052,0.2193,3.495e-1,7.099e-1
ENSG00010002334,GENE2335,110.92,-0.1754,0.2444,4.730e-1,7.998e-1
ENSG00010002335,GENE2336,125.64,-0.1918,0.2861,5.025e-1,8.211e-1
ENSG00010002336,GENE2337,569.29,-0.0744,0.2154,7.299e-1,9.287e-1
ENSG00010002337,GENE2338,2217.78,0.0553,0.2178,7.996e-1,9.490e-1
ENSG00010002338,GENE2339,2920.42,0.2468,0.1923,1.992e-1,5.294e-1
ENSG00010002339,GENE2340,81.42,0.0375,0.1877,8.418e-1,9.579e-1
ENSG00010002340,GENE2341,7.67,-2.6366,0.1393,1.000e-300,1.471e-299
ENSG00010002341,GENE2342,63.60,0.2159,0.2111,3.064e-1,6.673e-1
ENSG00010002342,GENE2343,46.32,0.2361,0.3055,4.395e-1,7.776e-1
ENSG00010002343,GENE2344,2027.11,-1.4233,0.2655,8.344e-8,8.400e-7
ENSG00010002344,GENE2345,24.82,-0.3061,0.2583,2.360e-1,5.857e-1
ENSG00010002345,GENE2346,12.70,-0.1977,0.1483,1.823e-1,5.040e-1
ENSG00010002346,GENE2347,413.95,-0.7354,0.3565,3.910e-2,1.816e-1
ENSG00010002347,GENE2348,44.84,-0.0427,0.2784,8.780e-1,9.636e-1
ENSG00010002348,GENE2349,110.39,-0.4863,0.2765,7.869e-2,3.078e-1
ENSG00010002349,GENE2350,221.32,0.1145,0.2061,5.785e-1,8.615e-1
ENSG00010002350,GENE2351,8.69,-0.2267,0.2669,3.958e-1,7.530e-1
ENSG00010002351,GENE2352,4.52,-0.1094,0.1880,5.606e-1,8.532e-1
ENSG00010002352,GENE2353,43.87,-0.2943,0.1857,1.129e-1,3.864e-1
ENSG00010002353,GENE2354,757.80,0.4197,0.1828,2.165e-2,1.144e-1
ENSG00010002354,GENE2355,612.42,-0.0141,0.2887,9.609e-1,9.870e-1
ENSG00010002355,GENE2356,775.92,-0.0313,0.1542,8.393e-1,9.571e-1
ENSG00010002356,GENE2357,2716.61,0.2034,0.2602,4.345e-1,7.751e-1
ENSG00010002357,GENE2358,33.18,-0.1823,0.2660,4.930e-1,8.131e-1
ENSG00010002358,GENE2359,183.54,-0.0826,0.1349,5.406e-1,8.426e-1
ENSG00010002359,GENE2360,18.17,0.1194,0.1529,4.346e-1,7.751e-1
ENSG00010002360,GENE2361,18.45,-0.4274,0.3346,2.015e-1,5.330e-1
ENSG00010002361,GENE2362,100.30,-0.1521,0.3087,6.221e-1,8.787e-1
ENSG00010002362,GENE2363,784.28,-1.8840,0.2996,3.212e-10,3.596e-9
ENSG00010002363,GENE2364,13.26,-0.0079,0.2454,9.743e-1,9.915e-1
ENSG00010002364,GENE2365,1109.20,0.2925,0.2566,2.543e-1,6.066e-1
ENSG00010002365,GENE2366,2851.64,0.0981,0.2206,6.566e-1,8.910e-1
ENSG00010002366,GENE2367,627.08,0.2686,0.1615,9.639e-2,3.541e-1
ENSG00010002367,GENE2368,60.73,0.1167,0.2521,6.435e-1,8.857e-1
ENSG00010002368,GENE2369,7.28,0.0005,0.1520,9.972e-1,9.985e-1
ENSG00010002369,GENE2370,14.23,-0.3170,0.2148,1.400e-1,4.395e-1
ENSG00010002370,GENE2371,31.05,-0.2323,0.2553,3.628e-1,7.250e-1
ENSG00010002371,GENE2372,570.46,0.3729,0.1629,2.205e-2,1.160e-1
ENSG00010002372,GENE2373,1691.90,-0.0532,0.3097,8.635e-1,9.620e-1
ENSG00010002373,GENE2374,4.06,-0.0838,0.3117,7.882e-1,9.471e-1
ENSG00010002374,GENE2375,1176.88,-0.4475,0.1832,1.457e-2,8.200e-2
ENSG00010002375,GENE2376,8.18,0.3685,0.1469,1.210e-2,7.064e-2
ENSG00010002376,GENE2377,13.74,-0.0618,0.2035,7.614e-1,9.400e-1
ENSG00010002377,GENE2378,2992.89,1.1723,0.2678,1.200e-5,1.084e-4
ENSG00010002378,GENE2379,19.60,-1.7012,0.2370,7.190e-13,9.140e-12
ENSG00010002379,GENE2380,25.60,-0.0156,0.1978,9.369e-1,9.787e-1
ENSG00010002380,GENE2381,3257.87,0.0381,0.2556,8.817e-1,9.653e-1
ENSG00010002381,GENE2382,17.38,-0.2701,0.3063,3.779e-1,7.390e-1
ENSG00010002382,GENE2383,951.56,0.1293,0.1794,4.710e-1,7.979e-1
ENSG00010002383,GENE2384,830.10,-0.1517,0.1601,3.433e-1,7.029e-1
ENSG00010002384,GENE2385,12.20,-0.1895,0.2352,4.203e-1,7.645e-1
ENSG00010002385,GENE2386,173.37,-0.0914,0.2378,7.006e-1,9.146e-1
ENSG00010002386,GENE2387,16.08,0.1115,0.1519,4.629e-1,7.966e-1
ENSG00010002387,GENE2388,2817.60,3.2402,0.2148,1.000e-300,1.471e-299
ENSG00010002388,GENE2389,3564.20,0.2573,0.2187,2.394e-1,5.879e-1
ENSG00010002389,GENE2390,322.10,-0.0801,0.2126,7.064e-1,9.174e-1
ENSG00010002390,GENE2391,76.81,-0.1038,0.2620,6.920e-1,9.101e-1
ENSG00010002391,GENE2392,1046.95,-0.2816,0.2333,2.273e-1,5.720e-1
ENSG00010002392,GENE2393,1800.77,-0.3390,0.2493,1.740e-1,4.938e-1
ENSG00010002393,GENE2394,5.81,-0.0542,0.1773,7.598e-1,9.392e-1
ENSG00010002394,GENE2395,3634.27,-0.1936,0.2652,4.653e-1,7.966e-1
ENSG00010002395,GENE2396,2077.70,-0.2262,0.1925,2.401e-1,5.885e-1
ENSG00010002396,GENE2397,345.11,-0.3352,0.3755,3.720e-1,7.337e-1
ENSG00010002397,GENE2398,62.41,0.0220,0.2912,9.397e-1,9.787e-1
ENSG00010002398,GENE2399,82.63,0.1090,0.1779,5.401e-1,8.426e-1
ENSG00010002399,GENE2400,422.96,-0.2226,0.3111,4.744e-1,8.008e-1
ENSG00010002400,GENE2401,17.27,-0.1066,0.1890,5.728e-1,8.609e-1
ENSG00010002401,GENE2402,2970.47,0.2258,0.2179,3.001e-1,6.639e-1
ENSG00010002402,GENE2403,22.06,-0.2131,0.2513,3.965e-1,7.530e-1
ENSG00010002403,GENE2404,6.16,0.1123,0.1498,4.535e-1,7.905e-1
ENSG00010002404,GENE2405,33.96,2.5502,0.1738,1.000e-300,1.471e-299
ENSG00010002405,GENE2406,10.07,0.0773,0.1885,6.818e-1,9.055e-1
ENSG00010002406,GENE2407,8.55,-0.0406,0.2339,8.623e-1,9.620e-1
ENSG00010002407,GENE2408,215.52,0.8137,0.2169,1.762e-4,1.417e-3
ENSG00010002408,GENE2409,7.97,-0.0666,0.2219,7.639e-1,9.408e-1
ENSG00010002409,GENE2410,20.52,0.0202,0.2115,9.238e-1,9.787e-1
ENSG00010002410,GENE2411,2072.89,0.4892,0.2124,2.128e-2,1.128e-1
ENSG00010002411,GENE2412,12.85,0.3760,0.1939,5.252e-2,2.287e-1
ENSG00010002412,GENE2413,685.44,-0.3468,0.3641,3.408e-1,7.010e-1
ENSG00010002413,GENE2414,3357.69,-0.0795,0.1739,6.476e-1,8.874e-1
ENSG00010002414,GENE2415,47.78,-0.1011,0.2937,7.307e-1,9.287e-1
ENSG00010002415,GENE2416,2867.87,-0.1600,0.2192,4.653e-1,7.966e-1
ENSG00010002416,GENE2417,1124.64,0.0867,0.1974,6.603e-1,8.931e-1
ENSG00010002417,GENE2418,976.39,0.1815,0.1571,2.478e-1,5.983e-1
ENSG00010002418,GENE2419,6.42,0.0392,0.2068,8.497e-1,9.598e-1
ENSG00010002419,GENE2420,28.02,-0.3520,0.2728,1.969e-1,5.265e-1
ENSG00010002420,GENE2421,12.54,0.4212,0.2582,1.029e-1,3.672e-1
ENSG00010002421,GENE2422,13.36,0.0313,0.1684,8.526e-1,9.613e-1
ENSG00010002422,GENE2423,744.19,0.8543,0.3666,1.977e-2,1.063e-1
ENSG00010002423,GENE2424,25.46,-0.2808,0.2076,1.763e-1,4.968e-1
ENSG00010002424,GENE2425,11.14,0.2067,0.1227,9.203e-2,3.434e-1
ENSG00010002425,GENE2426,56.78,0.3058,0.1980,1.224e-1,4.023e-1
ENSG00010002426,GENE2427,125.52,0.0356,0.2065,8.632e-1,9.620e-1
ENSG00010002427,GENE2428,1943.73,0.0978,0.1765,5.795e-1,8.615e-1
ENSG00010002428,GENE2429,37.00,-0.0406,0.2075,8.447e-1,9.581e-1
ENSG00010002429,GENE2430,7.44,0.1081,0.1716,5.288e-1,8.358e-1
ENSG00010002430,GENE2431,64.11,0.0574,0.2778,8.362e-1,9.557e-1
ENSG00010002431,GENE2432,129.92,0.2148,0.3198,5.018e-1,8.210e-1
ENSG00010002432,GENE2433,88.66,-0.0422,0.2827,8.813e-1,9.653e-1
ENSG00010002433,GENE2434,17.35,0.3667,0.3729,3.254e-1,6.870e-1
ENSG00010002434,GENE2435,234.85,-0.8228,0.1975,3.106e-5,2.693e-4
ENSG00010002435,GENE2436,204.50,0.0625,0.1346,6.424e-1,8.857e-1
ENSG00010002436,GENE2437,1012.50,2.0844,0.0950,1.000e-300,1.471e-299
ENSG00010002437,GENE2438,356.46,0.3535,0.2850,2.149e-1,5.529e-1
ENSG00010002438,GENE2439,431.47,-0.1640,0.3324,6.218e-1,8.787e-1
ENSG00010002439,GENE2440,100.39,-3.1373,0.2377,1.000e-300,1.471e-299
ENSG00010002440,GENE2441,95.77,-0.0027,0.1906,9.885e-1,9.959e-1
ENSG00010002441,GENE2442,6.42,-0.2997,0.2522,2.348e-1,5.841e-1
ENSG00010002442,GENE2443,3978.24,0.0873,0.2191,6.902e-1,9.089e-1
ENSG00010002443,GENE2444,127.67,0.1891,0.1868,3.114e-1,6.700e-1
ENSG00010002444,GENE2445,5.54,0.5552,0.1712,1.183e-3,8.677e-3
ENSG00010002445,GENE2446,751.26,0.0999,0.2880,7.288e-1,9.287e-1
ENSG00010002446,GENE2447,540.32,-0.4105,0.3140,1.912e-1,5.151e-1
ENSG00010002447,GENE2448,553.46,-0.1529,0.2372,5.192e-1,8.320e-1
ENSG00010002448,GENE2449,5.08,-0.1900,0.1430,1.839e-1,5.057e-1
ENSG00010002449,GENE2450,2272.33,0.1812,0.1763,3.042e-1,6.660e-1
ENSG00010002450,GENE2451,3324.57,0.0525,0.1949,7.875e-1,9.471e-1
ENSG00010002451,GENE2452,143.26,-0.0966,0.2079,6.422e-1,8.857e-1
ENSG00010002452,GENE2453,2676.11,-0.6915,0.1421,1.132e-6,1.081e-5
ENSG00010002453,GENE2454,53.18,0.1199,0.2285,5.997e-1,8.685e-1
ENSG00010002454,GENE2455,29.75,0.2725,0.1672,1.032e-1,3.673e-1
ENSG00010002455,GENE2456,24.20,2.6296,0.1301,1.000e-300,1.471e-299
ENSG00010002456,GENE2457,99.82,0.7496,0.3020,1.306e-2,7.550e-2
ENSG00010002457,GENE2458,157.44,0.0891,0.1211,4.617e-1,7.966e-1
ENSG00010002458,GENE2459,83.00,-0.2110,0.1264,9.507e-2,3.513e-1
ENSG00010002459,GENE2460,1009.18,0.0937,0.1633,5.661e-1,8.578e-1
ENSG00010002460,GENE2461,65.00,-1.3421,0.2673,5.157e-7,4.958e-6
ENSG00010002461,GENE2462,13.64,0.1579,0.1577,3.169e-1,6.757e-1
ENSG00010002462,GENE2463,3.00,-2.0831,0.2900,6.888e-13,8.793e-12
ENSG00010002463,GENE2464,49.46,-0.2840,0.1721,9.886e-2,3.599e-1
ENSG00010002464,GENE2465,1037.98,0.2538,0.1844,1.688e-1,4.889e-1
ENSG00010002465,GENE2466,55.40,-0.0002,0.1931,9.993e-1,1.000e+0
ENSG00010002466,GENE2467,852.85,0.5810,0.1877,1.964e-3,1.380e-2
ENSG00010002467,GENE2468,15.14,-0.0132,0.1661,9.366e-1,9.787e-1
ENSG00010002468,GENE2469,6.90,-0.2763,0.1697,1.035e-1,3.673e-1
ENSG00010002469,GENE2470,32.66,0.3436,0.2302,1.356e-1,4.301e-1
ENSG00010002470,GENE2471,170.69,-0.2701,0.2306,2.416e-1,5.902e-1
ENSG00010002471,GENE2472,95.58,0.1596,0.2032,4.322e-1,7.732e-1
ENSG00010002472,GENE2473,8.00,0.2619,0.1439,6.868e-2,2.830e-1
ENSG00010002473,GENE2474,114.13,0.2538,0.2183,2.451e-1,5.940e-1
ENSG00010002474,GENE2475,2028.04,0.1494,0.2496,5.495e-1,8.483e-1
ENSG00010002475,GENE2476,81.94,0.4211,0.3755,2.621e-1,6.173e-1
ENSG00010002476,GENE2477,462.01,0.0209,0.1227,8.646e-1,9.620e-1
ENSG00010002477,GENE2478,18.47,0.2829,0.2098,1.775e-1,4.968e-1
ENSG00010002478,GENE2479,5.55,-0.0377,0.2429,8.765e-1,9.634e-1
ENSG00010002479,GENE2480,35.21,3.1050,0.1506,1.000e-300,1.471e-299
ENSG00010002480,GENE2481,15.76,0.0431,0.1195,7.185e-1,9.228e-1
ENSG00010002481,GENE2482,2231.77,0.0110,0.2258,9.613e-1,9.870e-1
ENSG00010002482,GENE2483,51.60,-0.1030,0.2184,6.372e-1,8.857e-1
ENSG00010002483,GENE2484,43.83,0.2104,0.0692,2.361e-3,1.625e-2
ENSG00010002484,GENE2485,1532.77,0.6616,0.1740,1.441e-4,1.172e-3
ENSG00010002485,GENE2486,5.83,0.2859,0.1836,1.194e-1,3.986e-1
ENSG00010002486,GENE2487,103.66,0.0796,0.3023,7.923e-1,9.477e-1
ENSG00010002487,GENE2488,573.43,0.4402,0.1577,5.231e-3,3.332e-2
ENSG00010002488,GENE2489,44.43,-0.1831,0.2080,3.788e-1,7.403e-1
ENSG00010002489,GENE2490,85.20,-0.1592,0.3565,6.551e-1,8.905e-1
ENSG00010002490,GENE2491,607.71,-0.1265,0.3082,6.815e-1,9.055e-1
ENSG00010002491,GENE2492,121.44,-0.0670,0.2682,8.026e-1,9.490e-1
ENSG00010002492,GENE2493,799.87,0.2647,0.2627,3.137e-1,6.717e-1
ENSG00010002493,GENE2494,1301.71,0.2612,0.2565,3.085e-1,6.698e-1
ENSG00010002494,GENE2495,1329.70,0.2168,0.2036,2.870e-1,6.539e-1
ENSG00010002495,GENE2496,739.23,-0.0129,0.2346,9.563e-1,9.860e-1
ENSG00010002496,GENE2497,19.87,0.0986,0.2730,7.180e-1,9.228e-1
ENSG00010002497,GENE2498,120.20,0.1171,0.2097,5.768e-1,8.615e-1
ENSG00010002498,GENE2499,89.64,0.0936,0.4505,8.354e-1,9.557e-1
ENSG00010002499,GENE2500,8.69,-0.1136,0.1722,5.094e-1,8.259e-1
ENSG00010002500,GENE2501,843.14,-0.3367,0.2869,2.405e-1,5.891e-1
ENSG00010002501,GENE2502,200.67,0.0660,0.2271,7.713e-1,9.434e-1
ENSG00010002502,GENE2503,1576.99,0.1447,0.1971,4.629e-1,7.966e-1
ENSG00010002503,GENE2504,5.54,-0.0151,0.2015,9.402e-1,9.787e-1
ENSG00010002504,GENE2505,3971.80,0.3011,0.3041,3.221e-1,6.819e-1
ENSG00010002505,GENE2506,37.14,-0.1080,0.1932,5.760e-1,8.614e-1
ENSG00010002506,GENE2507,156.73,0.2522,0.3900,5.179e-1,8.317e-1
ENSG00010002507,GENE2508,193.99,-0.0069,0.2103,9.738e-1,9.915e-1
ENSG00010002508,GENE2509,15.59,0.0605,0.2224,7.856e-1,9.471e-1
ENSG00010002509,GENE2510,3007.74,-0.2791,0.2001,1.630e-1,4.799e-1
ENSG00010002510,GENE2511,2772.67,0.1376,0.2459,5.756e-1,8.614e-1
ENSG00010002511,GENE2512,247.97,0.0464,0.1844,8.015e-1,9.490e-1
ENSG00010002512,GENE2513,2262.32,-0.6891,0.2798,1.377e-2,7.881e-2
ENSG00010002513,GENE2514,451.45,-0.0362,0.3588,9.197e-1,9.774e-1
ENSG00010002514,GENE2515,879.21,-0.4410,0.1499,3.266e-3,2.201e-2
ENSG00010002515,GENE2516,508.23,-0.4057,0.1566,9.570e-3,5.719e-2
ENSG00010002516,GENE2517,379.41,0.0617,0.3159,8.450e-1,9.581e-1
ENSG00010002517,GENE2518,5.47,0.2815,0.2131,1.865e-1,5.091e-1
ENSG00010002518,GENE2519,102.78,-0.3546,0.2403,1.400e-1,4.395e-1
ENSG00010002519,GENE2520,53.74,0.0352,0.2239,8.752e-1,9.634e-1
ENSG00010002520,GENE2521,319.98,-0.1542,0.2592,5.519e-1,8.495e-1
ENSG00010002521,GENE2522,356.56,0.0644,0.3790,8.651e-1,9.620e-1
ENSG00010002522,GENE2523,1223.39,-0.0423,0.3030,8.889e-1,9.673e-1
ENSG00010002523,GENE2524,107.92,-0.4960,0.2132,2.000e-2,1.073e-1
ENSG00010002524,GENE2525,24.24,-0.1909,0.2616,4.655e-1,7.966e-1
ENSG00010002525,GENE2526,259.29,-0.4643,0.3079,1.316e-1,4.244e-1
ENSG00010002526,GENE2527,2.83,-1.8595,0.1870,1.000e-300,1.471e-299
ENSG00010002527,GENE2528,1000.50,0.2495,0.3559,4.832e-1,8.055e-1
ENSG00010002528,GENE2529,190.01,0.1005,0.3074,7.438e-1,9.336e-1
ENSG00010002529,GENE2530,1136.19,-0.0810,0.1482,5.850e-1,8.624e-1
ENSG00010002530,GENE2531,3545.35,-0.6308,0.2793,2.389e-2,1.229e-1
ENSG00010002531,GENE2532,14.05,0.1431,0.1802,4.270e-1,7.689e-1
ENSG00010002532,GENE2533,45.55,0.2336,0.2116,2.695e-1,6.286e-1
ENSG00010002533,GENE2534,85.46,-0.1825,0.1964,3.530e-1,7.121e-1
ENSG00010002534,GENE2535,9.55,-0.0876,0.2537,7.299e-1,9.287e-1
ENSG00010002535,GENE2536,116.16,0.0048,0.3065,9.876e-1,9.958e-1
ENSG00010002536,GENE2537,1944.35,0.0608,0.2504,8.082e-1,9.502e-1
ENSG00010002537,GENE2538,22.81,1.5132,0.2925,2.295e-7,2.265e-6
ENSG00010002538,GENE2539,11.53,0.1185,0.2281,6.034e-1,8.689e-1
ENSG00010002539,GENE2540,8.88,0.3084,0.1895,1.037e-1,3.673e-1
ENSG00010002540,GENE2541,1529.01,0.2659,0.1786,1.365e-1,4.316e-1
ENSG00010002541,GENE2542,1436.43,-0.0632,0.2575,8.062e-1,9.490e-1
ENSG00010002542,GENE2543,3.83,-0.0137,0.1515,9.278e-1,9.787e-1
ENSG00010002543,GENE2544,6.73,-0.0148,0.2082,9.432e-1,9.795e-1
ENSG00010002544,GENE2545,17.41,-0.2055,0.1610,2.019e-1,5.331e-1
ENSG00010002545,GENE2546,136.28,0.6779,0.1761,1.182e-4,9.718e-4
ENSG00010002546,GENE2547,11.05,0.2178,0.1496,1.455e-1,4.468e-1
ENSG00010002547,GENE2548,53.58,-0.0360,0.1904,8.502e-1,9.599e-1
ENSG00010002548,GENE2549,1391.01,-0.0012,0.2613,9.964e-1,9.981e-1
ENSG00010002549,GENE2550,532.24,0.1487,0.1285,2.471e-1,5.973e-1
ENSG00010002550,GENE2551,71.43,0.0456,0.2149,8.320e-1,9.557e-1
ENSG00010002551,GENE2552,21.28,-0.0220,0.1466,8.806e-1,9.652e-1
ENSG00010002552,GENE2553,261.32,1.6372,0.2466,3.149e-11,3.633e-10
ENSG00010002553,GENE2554,36.55,0.4460,0.2774,1.079e-1,3.751e-1
ENSG00010002554,GENE2555,182.66,-0.1694,0.1542,2.718e-1,6.317e-1
ENSG00010002555,GENE2556,1138.11,-0.4576,0.3326,1.689e-1,4.889e-1
ENSG00010002556,GENE2557,6.42,-0.0281,0.1819,8.773e-1,9.634e-1
ENSG00010002557,GENE2558,258.29,-0.4186,0.2412,8.267e-2,3.196e-1
ENSG00010002558,GENE2559,39.30,0.1316,0.3064,6.675e-1,8.980e-1
ENSG00010002559,GENE2560,219.18,2.7445,0.2691,1.000e-300,1.471e-299
ENSG00010002560,GENE2561,36.52,0.6950,0.1969,4.154e-4,3.220e-3
ENSG00010002561,GENE2562,5167.72,2.3089,0.1680,1.000e-300,1.471e-299
ENSG00010002562,GENE2563,1767.19,0.4377,0.1762,1.299e-2,7.521e-2
ENSG00010002563,GENE2564,8.95,-0.1361,0.1764,4.405e-1,7.779e-1
ENSG00010002564,GENE2565,575.46,0.1620,0.1920,3.990e-1,7.546e-1
ENSG00010002565,GENE2566,6.61,0.1410,0.1673,3.993e-1,7.546e-1
ENSG00010002566,GENE2567,3209.09,0.0509,0.2493,8.382e-1,9.569e-1
ENSG00010002567,GENE2568,605.06,0.5679,0.2186,9.380e-3,5.639e-2
ENSG00010002568,GENE2569,493.59,0.0396,0.2369,8.674e-1,9.620e-1
ENSG00010002569,GENE2570,3194.81,-0.0812,0.0577,1.599e-1,4.732e-1
ENSG00010002570,GENE2571,96.99,-0.2621,0.1466,7.375e-2,2.954e-1
ENSG00010002571,GENE2572,377.97,0.1011,0.1222,4.080e-1,7.577e-1
ENSG00010002572,GENE2573,4899.73,2.5735,0.2352,1.000e-300,1.471e-299
ENSG00010002573,GENE2574,137.91,-0.1057,0.2210,6.325e-1,8.844e-1
ENSG00010002574,GENE2575,56.53,0.3393,0.3297,3.034e-1,6.660e-1
ENSG00010002575,GENE2576,36.67,-0.4322,0.2196,4.910e-2,2.173e-1
ENSG00010002576,GENE2577,986.79,-0.4367,0.1544,4.679e-3,3.018e-2
ENSG00010002577,GENE2578,831.24,-2.1635,0.3557,1.191e-9,1.314e-8
ENSG00010002578,GENE2579,27.71,-0.1069,0.1894,5.724e-1,8.609e-1
ENSG00010002579,GENE2580,45.55,-0.2920,0.3742,4.352e-1,7.751e-1
ENSG00010002580,GENE2581,98.60,-3.1482,0.2271,1.000e-300,1.471e-299
ENSG00010002581,GENE2582,49.51,0.2135,0.1891,2.591e-1,6.129e-1
ENSG00010002582,GENE2583,285.88,0.0452,0.2752,8.695e-1,9.625e-1
ENSG00010002583,GENE2584,113.48,0.0174,0.4120,9.664e-1,9.898e-1
ENSG00010002584,GENE2585,10.78,0.0915,0.2326,6.940e-1,9.115e-1
ENSG00010002585,GENE2586,1887.13,-0.3957,0.2111,6.081e-2,2.583e-1
ENSG00010002586,GENE2587,1726.70,0.1722,0.3119,5.809e-1,8.615e-1
ENSG00010002587,GENE2588,39.24,0.3319,0.2072,1.092e-1,3.775e-1
ENSG00010002588,GENE2589,148.41,0.1850,0.3455,5.923e-1,8.661e-1
ENSG00010002589,GENE2590,2165.43,2.0163,0.1968,1.000e-300,1.471e-299
ENSG00010002590,GENE2591,52.97,2.7859,0.1945,1.000e-300,1.471e-299
ENSG00010002591,GENE2592,480.90,-0.4139,0.2570,1.073e-1,3.736e-1
ENSG00010002592,GENE2593,1453.18,-0.0997,0.1874,5.949e-1,8.673e-1
ENSG00010002593,GENE2594,438.27,-0.3224,0.1191,6.763e-3,4.218e-2
ENSG00010002594,GENE2595,4.09,0.1972,0.2704,4.659e-1,7.966e-1
ENSG00010002595,GENE2596,4.56,-0.0918,0.2293,6.889e-1,9.083e-1
ENSG00010002596,GENE2597,64.95,-0.0313,0.2773,9.103e-1,9.741e-1
ENSG00010002597,GENE2598,13.03,0.2876,0.2375,2.259e-1,5.709e-1
ENSG00010002598,GENE2599,1609.06,0.2109,0.1887,2.636e-1,6.198e-1
ENSG00010002599,GENE2600,5.50,-0.1550,0.2103,4.612e-1,7.965e-1
ENSG00010002600,GENE2601,1253.07,0.4748,0.3632,1.911e-1,5.151e-1
ENSG00010002601,GENE2602,64.83,0.1350,0.2709,6.183e-1,8.769e-1
ENSG00010002602,GENE2603,1054.07,0.7571,0.2640,4.138e-3,2.715e-2
ENSG00010002603,GENE2604,25.79,-0.1141,0.0851,1.797e-1,5.006e-1
ENSG00010002604,GENE2605,24.51,-0.1033,0.2074,6.183e-1,8.769e-1
ENSG00010002605,GENE2606,1877.69,0.1126,0.2167,6.034e-1,8.689e-1
ENSG00010002606,GENE2607,2440.17,2.8416,0.2603,1.000e-300,1.471e-299
ENSG00010002607,GENE2608,1368.37,0.2001,0.2384,4.014e-1,7.546e-1
ENSG00010002608,GENE2609,6.43,-0.0819,0.3199,7.981e-1,9.490e-1
ENSG00010002609,GENE2610,88.18,-0.2493,0.2879,3.865e-1,7.460e-1
ENSG00010002610,GENE2611,4170.10,0.3770,0.4340,3.850e-1,7.456e-1
ENSG00010002611,GENE2612,319.12,1.6382,0.2400,8.827e-12,1.047e-10
ENSG00010002612,GENE2613,1813.82,0.2557,0.1553,9.981e-2,3.615e-1
ENSG00010002613,GENE2614,581.08,0.2940,0.2011,1.438e-1,4.450e-1
ENSG00010002614,GENE2615,384.70,-0.4791,0.2281,3.571e-2,1.700e-1
ENSG00010002615,GENE2616,6.94,0.0075,0.2091,9.714e-1,9.915e-1
ENSG00010002616,GENE2617,12.77,0.6921,0.2168,1.414e-3,1.024e-2
ENSG00010002617,GENE2618,8.28,0.1695,0.2190,4.389e-1,7.776e-1
ENSG00010002618,GENE2619,645.82,0.5080,0.1218,3.021e-5,2.627e-4
ENSG00010002619,GENE2620,69.56,-0.0349,0.2830,9.019e-1,9.729e-1
ENSG00010002620,GENE2621,291.69,0.2015,0.1229,1.011e-1,3.640e-1
ENSG00010002621,GENE2622,1231.39,-0.6038,0.1634,2.203e-4,1.753e-3
ENSG00010002622,GENE2623,22.99,1.3269,0.2842,3.023e-6,2.808e-5
ENSG00010002623,GENE2624,745.56,0.0334,0.2377,8.883e-1,9.673e-1
ENSG00010002624,GENE2625,74.73,-0.2449,0.1980,2.161e-1,5.540e-1
ENSG00010002625,GENE2626,3596.58,0.1708,0.1687,3.115e-1,6.700e-1
ENSG00010002626,GENE2627,526.60,-0.2420,0.3350,4.701e-1,7.978e-1
ENSG00010002627,GENE2628,93.17,0.0204,0.1413,8.854e-1,9.659e-1
ENSG00010002628,GENE2629,1797.22,0.1638,0.2117,4.391e-1,7.776e-1
ENSG00010002629,GENE2630,2679.45,0.0748,0.2719,7.833e-1,9.471e-1
ENSG00010002630,GENE2631,421.98,-0.2742,0.1522,7.156e-2,2.895e-1
ENSG00010002631,GENE2632,8.40,-0.4114,0.2027,4.241e-2,1.934e-1
ENSG00010002632,GENE2633,447.44,2.0349,0.3034,2.009e-11,2.355e-10
ENSG00010002633,GENE2634,529.00,-0.2686,0.2207,2.235e-1,5.672e-1
ENSG00010002634,GENE2635,36.00,-0.0940,0.2289,6.813e-1,9.055e-1
ENSG00010002635,GENE2636,107.70,0.1138,0.2050,5.789e-1,8.615e-1
ENSG00010002636,GENE2637,157.49,-0.3744,0.3180,2.392e-1,5.879e-1
ENSG00010002637,GENE2638,57.50,-3.4014,0.2277,1.000e-300,1.471e-299
ENSG00010002638,GENE2639,108.86,0.4249,0.1368,1.897e-3,1.339e-2
ENSG00010002639,GENE2640,2907.92,0.0017,0.1842,9.926e-1,9.962e-1
ENSG00010002640,GENE2641,1402.63,-2.4347,0.4681,1.985e-7,1.965e-6
ENSG00010002641,GENE2642,348.99,0.0322,0.2099,8.782e-1,9.636e-1
ENSG00010002642,GENE2643,13.91,-0.1939,0.1849,2.944e-1,6.582e-1
ENSG00010002643,GENE2644,8.30,0.2095,0.1460,1.515e-1,4.573e-1
ENSG00010002644,GENE2645,1659.17,0.0715,0.2622,7.852e-1,9.471e-1
ENSG00010002645,GENE2646,4.08,0.2825,0.2822,3.169e-1,6.757e-1
ENSG00010002646,GENE2647,5.38,0.1629,0.0998,1.026e-1,3.669e-1
ENSG00010002647,GENE2648,402.33,0.0969,0.2622,7.118e-1,9.193e-1
ENSG00010002648,GENE2649,571.19,-0.4410,0.1788,1.367e-2,7.874e-2
ENSG00010002649,GENE2650,243.66,-0.1930,0.2031,3.419e-1,7.010e-1
ENSG00010002650,GENE2651,9.64,-0.3558,0.1995,7.457e-2,2.971e-1
ENSG00010002651,GENE2652,18.30,-0.1342,0.2307,5.608e-1,8.532e-1
ENSG00010002652,GENE2653,39.86,0.0220,0.2148,9.185e-1,9.771e-1
ENSG00010002653,GENE2654,1607.05,0.2551,0.3128,4.147e-1,7.619e-1
ENSG00010002654,GENE2655,11.50,0.1901,0.1984,3.379e-1,6.994e-1
ENSG00010002655,GENE2656,34.56,-0.1624,0.1746,3.522e-1,7.112e-1
ENSG00010002656,GENE2657,278.76,0.2241,0.1594,1.597e-1,4.732e-1
ENSG00010002657,GENE2658,85.34,0.0035,0.3512,9.920e-1,9.962e-1
ENSG00010002658,GENE2659,392.42,0.2399,0.2375,3.124e-1,6.700e-1
ENSG00010002659,GENE2660,30.24,0.3305,0.2142,1.228e-1,4.031e-1
ENSG00010002660,GENE2661,1768.82,-0.3124,0.3576,3.824e-1,7.437e-1
ENSG00010002661,GENE2662,498.26,0.4356,0.2875,1.298e-1,4.206e-1
ENSG00010002662,GENE2663,19.25,-0.3236,0.1246,9.417e-3,5.650e-2
ENSG00010002663,GENE2664,3935.16,-0.5614,0.2680,3.615e-2,1.716e-1
ENSG00010002664,GENE2665,443.04,-0.1079,0.2471,6.623e-1,8.946e-1
ENSG00010002665,GENE2666,68.55,-0.0358,0.3063,9.069e-1,9.734e-1
ENSG00010002666,GENE2667,88.87,0.0960,0.2240,6.684e-1,8.984e-1
ENSG00010002667,GENE2668,701.72,-0.0205,0.2482,9.342e-1,9.787e-1
ENSG00010002668,GENE2669,227.95,-0.2184,0.1901,2.505e-1,6.013e-1
ENSG00010002669,GENE2670,321.20,0.0422,0.1983,8.315e-1,9.557e-1
ENSG00010002670,GENE2671,4263.97,-0.1631,0.2143,4.466e-1,7.835e-1
ENSG00010002671,GENE2672,1444.66,0.1047,0.2098,6.177e-1,8.769e-1
ENSG00010002672,GENE2673,34.14,-0.0158,0.3085,9.591e-1,9.867e-1
ENSG00010002673,GENE2674,763.93,1.4013,0.1646,1.000e-300,1.471e-299
ENSG00010002674,GENE2675,964.29,-0.2120,0.1435,1.396e-1,4.391e-1
ENSG00010002675,GENE2676,294.82,0.2641,0.1540,8.623e-2,3.295e-1
ENSG00010002676,GENE2677,39.90,2.5437,0.1174,1.000e-300,1.471e-299
ENSG00010002677,GENE2678,2144.76,-0.5435,0.2377,2.224e-2,1.168e-1
ENSG00010002678,GENE2679,442.26,0.1331,0.2478,5.911e-1,8.661e-1
ENSG00010002679,GENE2680,15.62,0.8280,0.1363,1.238e-9,1.361e-8
ENSG00010002680,GENE2681,44.60,-0.0282,0.2312,9.031e-1,9.732e-1
ENSG00010002681,GENE2682,92.27,-0.2253,0.2842,4.280e-1,7.696e-1
ENSG00010002682,GENE2683,21.49,-0.0998,0.1625,5.391e-1,8.423e-1
ENSG00010002683,GENE2684,11.16,0.3082,0.1750,7.809e-2,3.071e-1
ENSG00010002684,GENE2685,23.37,-0.6001,0.1986,2.511e-3,1.720e-2
ENSG00010002685,GENE2686,193.26,0.0486,0.1949,8.029e-1,9.490e-1
ENSG00010002686,GENE2687,33.14,0.0367,0.2810,8.961e-1,9.705e-1
ENSG00010002687,GENE2688,486.58,0.1250,0.2943,6.709e-1,9.005e-1
ENSG00010002688,GENE2689,735.46,-0.2573,0.2002,1.987e-1,5.284e-1
ENSG00010002689,GENE2690,27.36,-1.4136,0.3323,2.101e-5,1.859e-4
ENSG00010002690,GENE2691,159.14,-0.2718,0.2254,2.279e-1,5.721e-1
ENSG00010002691,GENE2692,36.58,0.0032,0.2321,9.888e-1,9.959e-1
ENSG00010002692,GENE2693,708.04,-0.2735,0.2260,2.262e-1,5.709e-1
ENSG00010002693,GENE2694,458.44,-0.5460,0.2460,2.643e-2,1.328e-1
ENSG00010002694,GENE2695,7.75,-0.1632,0.2081,4.329e-1,7.740e-1
ENSG00010002695,GENE2696,30.54,0.1595,0.3640,6.613e-1,8.936e-1
ENSG00010002696,GENE2697,2603.61,0.2127,0.2597,4.129e-1,7.603e-1
ENSG00010002697,GENE2698,256.32,0.3272,0.1437,2.285e-2,1.190e-1
ENSG00010002698,GENE2699,376.43,0.1689,0.2503,4.998e-1,8.193e-1
ENSG00010002699,GENE2700,16.49,-0.0379,0.1940,8.453e-1,9.581e-1
ENSG00010002700,GENE2701,6.15,0.0038,0.1071,9.720e-1,9.915e-1
ENSG00010002701,GENE2702,483.03,0.5263,0.2180,1.578e-2,8.802e-2
ENSG00010002702,GENE2703,101.47,-1.9324,0.3306,5.104e-9,5.468e-8
ENSG00010002703,GENE2704,5.96,0.0478,0.2298,8.352e-1,9.557e-1
ENSG00010002704,GENE2705,1164.41,0.0625,0.1911,7.437e-1,9.336e-1
ENSG00010002705,GENE2706,34.64,0.2255,0.2262,3.188e-1,6.784e-1
ENSG00010002706,GENE2707,80.82,-0.1873,0.2482,4.505e-1,7.861e-1
ENSG00010002707,GENE2708,3.89,-0.6736,0.2963,2.302e-2,1.195e-1
ENSG00010002708,GENE2709,62.61,-0.0236,0.3228,9.418e-1,9.793e-1
ENSG00010002709,GENE2710,51.55,-0.3049,0.3266,3.505e-1,7.103e-1
ENSG00010002710,GENE2711,917.28,0.0783,0.3740,8.342e-1,9.557e-1
ENSG00010002711,GENE2712,17.36,-0.0737,0.3225,8.192e-1,9.507e-1
ENSG00010002712,GENE2713,75.12,2.6082,0.2442,1.000e-300,1.471e-299
ENSG00010002713,GENE2714,245.17,-0.2502,0.2744,3.619e-1,7.248e-1
ENSG00010002714,GENE2715,17.22,-0.6534,0.1996,1.061e-3,7.802e-3
ENSG00010002715,GENE2716,160.48,0.0692,0.2368,7.703e-1,9.434e-1
ENSG00010002716,GENE2717,10.85,-0.1234,0.1429,3.880e-1,7.471e-1
ENSG00010002717,GENE2718,58.00,0.3472,0.1451,1.672e-2,9.274e-2
ENSG00010002718,GENE2719,867.45,-0.1537,0.1403,2.733e-1,6.336e-1
ENSG00010002719,GENE2720,13.56,0.1401,0.1554,3.675e-1,7.296e-1
ENSG00010002720,GENE2721,3140.74,-0.2140,0.2250,3.415e-1,7.010e-1
ENSG00010002721,GENE2722,168.30,-0.2445,0.0998,1.430e-2,8.092e-2
ENSG00010002722,GENE2723,2083.03,-0.4246,0.2593,1.015e-1,3.647e-1
ENSG00010002723,GENE2724,11.35,-0.4517,0.2052,2.767e-2,1.379e-1
ENSG00010002724,GENE2725,349.30,-0.5547,0.1768,1.702e-3,1.210e-2
ENSG00010002725,GENE2726,25.30,-0.2211,0.2542,3.845e-1,7.456e-1
ENSG00010002726,GENE2727,3.80,-0.1996,0.1451,1.690e-1,4.889e-1
ENSG00010002727,GENE2728,444.09,-0.0978,0.1745,5.754e-1,8.614e-1
ENSG00010002728,GENE2729,769.35,0.4513,0.1672,6.939e-3,4.292e-2
ENSG00010002729,GENE2730,3437.09,0.5228,0.3337,1.172e-1,3.952e-1
ENSG00010002730,GENE2731,108.38,-0.1180,0.2147,5.827e-1,8.618e-1
ENSG00010002731,GENE2732,6.85,-0.1444,0.1354,2.864e-1,6.534e-1
ENSG00010002732,GENE2733,1203.09,-3.6059,0.3022,1.000e-300,1.471e-299
ENSG00010002733,GENE2734,112.34,-0.1541,0.2201,4.837e-1,8.056e-1
ENSG00010002734,GENE2735,7.42,-0.1510,0.2671,5.720e-1,8.609e-1
ENSG00010002735,GENE2736,25.58,0.0146,0.2239,9.479e-1,9.818e-1
ENSG00010002736,GENE2737,414.21,0.2749,0.2597,2.897e-1,6.554e-1
ENSG00010002737,GENE2738,10.54,0.3590,0.1679,3.247e-2,1.586e-1
ENSG00010002738,GENE2739,810.07,3.1179,0.2800,1.000e-300,1.471e-299
ENSG00010002739,GENE2740,370.45,-0.6579,0.2152,2.236e-3,1.546e-2
ENSG00010002740,GENE2741,2410.78,0.1978,0.2665,4.580e-1,7.939e-1
ENSG00010002741,GENE2742,876.46,0.0136,0.1141,9.051e-1,9.732e-1
ENSG00010002742,GENE2743,43.00,0.1160,0.1980,5.580e-1,8.514e-1
ENSG00010002743,GENE2744,49.99,-0.2607,0.2646,3.245e-1,6.860e-1
ENSG00010002744,GENE2745,16.14,0.1334,0.3030,6.597e-1,8.931e-1
ENSG00010002745,GENE2746,210.94,-0.3610,0.2656,1.741e-1,4.938e-1
ENSG00010002746,GENE2747,9.74,-0.2902,0.2460,2.381e-1,5.875e-1
ENSG00010002747,GENE2748,540.64,0.5526,0.2542,2.972e-2,1.464e-1
ENSG00010002748,GENE2749,8.47,0.2174,0.1520,1.527e-1,4.595e-1
ENSG00010002749,GENE2750,222.91,0.1076,0.1787,5.470e-1,8.475e-1
ENSG00010002750,GENE2751,147.82,0.2070,0.3139,5.096e-1,8.259e-1
ENSG00010002751,GENE2752,428.68,-1.4087,0.2410,5.066e-9,5.447e-8
ENSG00010002752,GENE2753,1500.95,0.1248,0.2687,6.423e-1,8.857e-1
ENSG00010002753,GENE2754,2005.76,-0.4885,0.1144,1.953e-5,1.733e-4
ENSG00010002754,GENE2755,62.47,0.0767,0.3029,8.002e-1,9.490e-1
ENSG00010002755,GENE2756,45.29,-0.3283,0.1916,8.663e-2,3.306e-1
ENSG00010002756,GENE2757,5.28,0.1515,0.2092,4.689e-1,7.974e-1
ENSG00010002757,GENE2758,438.80,0.0509,0.2595,8.446e-1,9.581e-1
ENSG00010002758,GENE2759,1520.90,0.0831,0.1229,4.989e-1,8.184e-1
ENSG00010002759,GENE2760,87.26,-0.1250,0.1970,5.257e-1,8.358e-1
ENSG00010002760,GENE2761,21.64,-0.3654,0.1450,1.172e-2,6.879e-2
ENSG00010002761,GENE2762,95.53,-0.3628,0.2137,8.952e-2,3.365e-1
ENSG00010002762,GENE2763,19.86,-0.2895,0.2647,2.740e-1,6.343e-1
ENSG00010002763,GENE2764,16.08,-0.2421,0.2642,3.595e-1,7.209e-1
ENSG00010002764,GENE2765,142.64,-0.5115,0.3143,1.036e-1,3.673e-1
ENSG00010002765,GENE2766,727.87,-0.1418,0.2596,5.849e-1,8.624e-1
ENSG00010002766,GENE2767,2026.16,-0.0125,0.1718,9.422e-1,9.794e-1
ENSG00010002767,GENE2768,1495.41,-0.2627,0.2700,3.307e-1,6.916e-1
ENSG00010002768,GENE2769,7.09,-0.0313,0.1877,8.675e-1,9.620e-1
ENSG00010002769,GENE2770,151.70,0.3824,0.1894,4.344e-2,1.963e-1
ENSG00010002770,GENE2771,256.14,-0.0433,0.3483,9.010e-1,9.723e-1
ENSG00010002771,GENE2772,1894.38,-0.2449,0.3009,4.156e-1,7.625e-1
ENSG00010002772,GENE2773,70.47,0.3690,0.3094,2.330e-1,5.816e-1
ENSG00010002773,GENE2774,63.75,-1.0788,0.2355,4.625e-6,4.256e-5
ENSG00010002774,GENE2775,1047.15,0.0373,0.2962,8.999e-1,9.721e-1
ENSG00010002775,GENE2776,8.15,-0.0634,0.1387,6.477e-1,8.874e-1
ENSG00010002776,GENE2777,35.40,-0.0234,0.2234,9.167e-1,9.768e-1
ENSG00010002777,GENE2778,175.10,1.5225,0.2509,1.310e-9,1.434e-8
ENSG00010002778,GENE2779,27.19,-0.4740,0.1242,1.364e-4,1.113e-3
ENSG00010002779,GENE2780,8.02,-1.2276,0.2115,6.462e-9,6.850e-8
ENSG00010002780,GENE2781,21.87,0.0732,0.1933,7.048e-1,9.162e-1
ENSG00010002781,GENE2782,963.12,-1.8314,0.2301,1.776e-15,2.538e-14
ENSG00010002782,GENE2783,31.80,0.3268,0.2255,1.473e-1,4.500e-1
ENSG00010002783,GENE2784,14.81,-0.0894,0.0851,2.935e-1,6.581e-1
ENSG00010002784,GENE2785,24.63,0.0906,0.2115,6.684e-1,8.984e-1
ENSG00010002785,GENE2786,32.59,-0.2548,0.1440,7.675e-2,3.034e-1
ENSG00010002786,GENE2787,393.50,0.1295,0.2130,5.433e-1,8.450e-1
ENSG00010002787,GENE2788,737.93,0.6037,0.3085,5.034e-2,2.211e-1
ENSG00010002788,GENE2789,1504.90,0.0886,0.1868,6.354e-1,8.853e-1
ENSG00010002789,GENE2790,5.78,-0.0568,0.1232,6.448e-1,8.857e-1
ENSG00010002790,GENE2791,9.12,0.3028,0.1074,4.800e-3,3.083e-2
ENSG00010002791,GENE2792,1938.02,1.3040,0.3613,3.075e-4,2.428e-3
ENSG00010002792,GENE2793,229.11,-0.1663,0.1533,2.779e-1,6.416e-1
ENSG00010002793,GENE2794,721.02,-0.2661,0.2522,2.914e-1,6.563e-1
ENSG00010002794,GENE2795,1051.54,-0.1288,0.1861,4.886e-1,8.092e-1
ENSG00010002795,GENE2796,6.76,-0.2420,0.0750,1.248e-3,9.088e-3
ENSG00010002796,GENE2797,121.99,-0.2301,0.3783,5.430e-1,8.449e-1
ENSG00010002797,GENE2798,1355.63,2.7936,0.1485,1.000e-300,1.471e-299
ENSG00010002798,GENE2799,300.39,-0.2350,0.3950,5.519e-1,8.495e-1
ENSG00010002799,GENE2800,9.02,-0.1883,0.2056,3.597e-1,7.209e-1
ENSG00010002800,GENE2801,1280.39,0.0724,0.2654,7.850e-1,9.471e-1
ENSG00010002801,GENE2802,1958.05,0.2281,0.1867,2.218e-1,5.645e-1
ENSG00010002802,GENE2803,52.26,0.1930,0.2247,3.904e-1,7.489e-1
ENSG00010002803,GENE2804,17.96,2.0987,0.2703,8.438e-15,1.172e-13
ENSG00010002804,GENE2805,38.19,0.0683,0.1648,6.787e-1,9.055e-1
ENSG00010002805,GENE2806,5.89,-0.0971,0.2240,6.646e-1,8.953e-1
ENSG00010002806,GENE2807,857.22,0.1621,0.1395,2.451e-1,5.940e-1
ENSG00010002807,GENE2808,188.95,0.1761,0.1532,2.502e-1,6.013e-1
ENSG00010002808,GENE2809,47.65,-0.1752,0.2558,4.933e-1,8.131e-1
ENSG00010002809,GENE2810,15.10,0.1874,0.2199,3.940e-1,7.514e-1
ENSG00010002810,GENE2811,36.14,0.5342,0.2344,2.270e-2,1.184e-1
ENSG00010002811,GENE2812,4.56,-0.1444,0.1745,4.080e-1,7.577e-1
ENSG00010002812,GENE2813,1222.04,-0.1707,0.2638,5.175e-1,8.316e-1
ENSG00010002813,GENE2814,1293.98,2.0648,0.1889,1.000e-300,1.471e-299
ENSG00010002814,GENE2815,8.34,-0.1593,0.2616,5.426e-1,8.448e-1
ENSG00010002815,GENE2816,157.57,0.2949,0.1417,3.737e-2,1.757e-1
ENSG00010002816,GENE2817,825.80,0.1901,0.3178,5.497e-1,8.483e-1
ENSG00010002817,GENE2818,1361.50,-0.5326,0.2408,2.697e-2,1.349e-1
ENSG00010002818,GENE2819,52.05,-0.6280,0.2346,7.442e-3,4.566e-2
ENSG00010002819,GENE2820,106.97,1.5045,0.2253,2.450e-11,2.849e-10
ENSG00010002820,GENE2821,20.85,-0.0205,0.2405,9.321e-1,9.787e-1
ENSG00010002821,GENE2822,119.58,-0.5781,0.1788,1.224e-3,8.935e-3
ENSG00010002822,GENE2823,497.21,0.1209,0.2920,6.788e-1,9.055e-1
ENSG00010002823,GENE2824,13668.52,3.6278,0.3003,1.000e-300,1.471e-299
ENSG00010002824,GENE2825,19.00,0.0742,0.4041,8.543e-1,9.620e-1
ENSG00010002825,GENE2826,48.80,-0.4338,0.1762,1.378e-2,7.881e-2
ENSG00010002826,GENE2827,30.51,-0.1521,0.2097,4.681e-1,7.973e-1
ENSG00010002827,GENE2828,7.79,-0.0366,0.1420,7.965e-1,9.490e-1
ENSG00010002828,GENE2829,217.14,0.2272,0.1782,2.024e-1,5.331e-1
ENSG00010002829,GENE2830,33.55,0.0262,0.1494,8.607e-1,9.620e-1
ENSG00010002830,GENE2831,665.71,0.3262,0.4291,4.470e-1,7.838e-1
ENSG00010002831,GENE2832,1459.83,0.0443,0.0952,6.419e-1,8.857e-1
ENSG00010002832,GENE2833,11.19,-0.2023,0.1608,2.082e-1,5.440e-1
ENSG00010002833,GENE2834,1009.49,-0.0805,0.2177,7.114e-1,9.192e-1
ENSG00010002834,GENE2835,6251.43,1.7477,0.2524,4.415e-12,5.363e-11
ENSG00010002835,GENE2836,5.64,0.0115,0.1983,9.536e-1,9.851e-1
ENSG00010002836,GENE2837,2810.88,-0.2633,0.1581,9.578e-2,3.530e-1
ENSG00010002837,GENE2838,43.96,-0.0059,0.1681,9.719e-1,9.915e-1
ENSG00010002838,GENE2839,145.51,0.2248,0.2779,4.186e-1,7.644e-1
ENSG00010002839,GENE2840,1460.75,0.2153,0.2755,4.345e-1,7.751e-1
ENSG00010002840,GENE2841,21.82,0.1647,0.1790,3.574e-1,7.176e-1
ENSG00010002841,GENE2842,3960.43,0.2397,0.2859,4.018e-1,7.546e-1
ENSG00010002842,GENE2843,353.40,0.2956,0.3761,4.318e-1,7.732e-1
ENSG00010002843,GENE2844,409.35,-0.1114,0.1801,5.362e-1,8.418e-1
ENSG00010002844,GENE2845,288.08,-0.2430,0.2953,4.106e-1,7.592e-1
ENSG00010002845,GENE2846,1000.85,-0.1413,0.3038,6.419e-1,8.857e-1
ENSG00010002846,GENE2847,152.26,-0.1232,0.1815,4.972e-1,8.160e-1
ENSG00010002847,GENE2848,93.37,-0.0754,0.1560,6.290e-1,8.822e-1
ENSG00010002848,GENE2849,1069.96,-3.1112,0.1939,1.000e-300,1.471e-299
ENSG00010002849,GENE2850,38.06,0.1519,0.3028,6.158e-1,8.769e-1
ENSG00010002850,GENE2851,1233.38,0.1432,0.1256,2.543e-1,6.066e-1
ENSG00010002851,GENE2852,83.04,-0.4458,0.2212,4.391e-2,1.975e-1
ENSG00010002852,GENE2853,599.91,0.5318,0.2240,1.761e-2,9.729e-2
ENSG00010002853,GENE2854,793.08,-0.1249,0.1892,5.093e-1,8.259e-1
ENSG00010002854,GENE2855,108.96,0.5909,0.2799,3.477e-2,1.677e-1
ENSG00010002855,GENE2856,362.94,-0.0473,0.2894,8.702e-1,9.625e-1
ENSG00010002856,GENE2857,1910.33,0.1407,0.2540,5.795e-1,8.615e-1
ENSG00010002857,GENE2858,134.03,0.1738,0.2618,5.068e-1,8.254e-1
ENSG00010002858,GENE2859,3113.65,-0.1359,0.2297,5.540e-1,8.509e-1
ENSG00010002859,GENE2860,4.42,0.5271,0.1393,1.544e-4,1.252e-3
ENSG00010002860,GENE2861,4.62,0.1172,0.1040,2.597e-1,6.134e-1
ENSG00010002861,GENE2862,2153.88,0.0357,0.2584,8.902e-1,9.683e-1
ENSG00010002862,GENE2863,6.97,0.2793,0.1354,3.911e-2,1.816e-1
ENSG00010002863,GENE2864,6.95,-0.4696,0.2578,6.851e-2,2.827e-1
ENSG00010002864,GENE2865,2849.31,-0.2251,0.1630,1.674e-1,4.880e-1
ENSG00010002865,GENE2866,49.50,0.0968,0.1838,5.983e-1,8.685e-1
ENSG00010002866,GENE2867,423.41,-0.1844,0.1983,3.523e-1,7.112e-1
ENSG00010002867,GENE2868,13.83,0.1653,0.2190,4.504e-1,7.861e-1
ENSG00010002868,GENE2869,3014.02,0.4166,0.1454,4.176e-3,2.723e-2
ENSG00010002869,GENE2870,15.63,-0.0182,0.2249,9.356e-1,9.787e-1
ENSG00010002870,GENE2871,12.22,0.7027,0.1999,4.390e-4,3.394e-3
ENSG00010002871,GENE2872,3388.06,-0.3373,0.4100,4.107e-1,7.592e-1
ENSG00010002872,GENE2873,1101.36,-0.3458,0.1402,1.366e-2,7.874e-2
ENSG00010002873,GENE2874,174.18,2.9995,0.1603,1.000e-300,1.471e-299
ENSG00010002874,GENE2875,977.57,-0.0690,0.2867,8.099e-1,9.507e-1
ENSG00010002875,GENE2876,193.89,-0.2591,0.1420,6.813e-2,2.815e-1
ENSG00010002876,GENE2877,1113.50,0.1561,0.2774,5.735e-1,8.612e-1
ENSG00010002877,GENE2878,8.04,0.0532,0.1570,7.347e-1,9.308e-1
ENSG00010002878,GENE2879,145.29,0.2297,0.2174,2.906e-1,6.562e-1
ENSG00010002879,GENE2880,1452.75,-0.4415,0.2694,1.012e-1,3.640e-1
ENSG00010002880,GENE2881,15.25,0.0520,0.1661,7.542e-1,9.374e-1
ENSG00010002881,GENE2882,68.10,3.1727,0.1096,1.000e-300,1.471e-299
ENSG00010002882,GENE2883,62.54,0.0624,0.2599,8.101e-1,9.507e-1
ENSG00010002883,GENE2884,1818.46,0.2712,0.2681,3.118e-1,6.700e-1
ENSG00010002884,GENE2885,33.20,0.0546,0.1983,7.830e-1,9.471e-1
ENSG00010002885,GENE2886,259.34,-0.3774,0.3626,2.979e-1,6.620e-1
ENSG00010002886,GENE2887,14.82,0.0441,0.1934,8.198e-1,9.510e-1
ENSG00010002887,GENE2888,927.54,0.0945,0.2114,6.549e-1,8.905e-1
ENSG00010002888,GENE2889,3869.51,-0.8081,0.3429,1.843e-2,1.009e-1
ENSG00010002889,GENE2890,999.06,-0.0945,0.2787,7.346e-1,9.308e-1
ENSG00010002890,GENE2891,222.91,0.2379,0.1761,1.768e-1,4.968e-1
ENSG00010002891,GENE2892,15.72,-0.3399,0.2448,1.650e-1,4.835e-1
ENSG00010002892,GENE2893,7.80,0.0000,0.2783,1.000e+0,1.000e+0
ENSG00010002893,GENE2894,792.28,-0.3869,0.3732,2.998e-1,6.639e-1
ENSG00010002894,GENE2895,1089.14,0.0759,0.2724,7.806e-1,9.471e-1
ENSG00010002895,GENE2896,136.90,0.2174,0.2233,3.304e-1,6.916e-1
ENSG00010002896,GENE2897,2204.71,0.9142,0.2365,1.110e-4,9.150e-4
ENSG00010002897,GENE2898,22.77,-0.0646,0.1607,6.875e-1,9.083e-1
ENSG00010002898,GENE2899,628.42,-0.3464,0.1033,8.010e-4,5.992e-3
ENSG00010002899,GENE2900,140.62,0.1284,0.2021,5.252e-1,8.354e-1
ENSG00010002900,GENE2901,1942.60,-0.5517,0.1562,4.118e-4,3.200e-3
ENSG00010002901,GENE2902,251.73,-0.2325,0.2742,3.966e-1,7.530e-1
ENSG00010002902,GENE2903,377.43,0.1924,0.2399,4.226e-1,7.661e-1
ENSG00010002903,GENE2904,43.67,-0.3220,0.1531,3.545e-2,1.696e-1
ENSG00010002904,GENE2905,7.11,0.0701,0.1238,5.710e-1,8.609e-1
ENSG00010002905,GENE2906,484.25,0.3499,0.2076,9.190e-2,3.433e-1
ENSG00010002906,GENE2907,259.49,-0.0311,0.2843,9.129e-1,9.753e-1
ENSG00010002907,GENE2908,1445.58,-0.0158,0.1540,9.182e-1,9.771e-1
ENSG00010002908,GENE2909,9.59,-0.3874,0.2258,8.621e-2,3.295e-1
ENSG00010002909,GENE2910,365.23,0.0691,0.1415,6.253e-1,8.811e-1
ENSG00010002910,GENE2911,363.25,-0.0923,0.3258,7.770e-1,9.446e-1
ENSG00010002911,GENE2912,5.47,0.0717,0.2296,7.548e-1,9.374e-1
ENSG00010002912,GENE2913,12.44,0.1734,0.1940,3.715e-1,7.336e-1
ENSG00010002913,GENE2914,144.71,0.1821,0.1585,2.507e-1,6.013e-1
ENSG00010002914,GENE2915,3851.98,0.3450,0.3589,3.364e-1,6.994e-1
ENSG00010002915,GENE2916,16.24,0.3004,0.2046,1.420e-1,4.423e-1
ENSG00010002916,GENE2917,585.06,-0.3286,0.1581,3.767e-2,1.767e-1
ENSG00010002917,GENE2918,9.04,-0.2114,0.2350,3.686e-1,7.313e-1
ENSG00010002918,GENE2919,1316.47,0.0734,0.0950,4.396e-1,7.776e-1
ENSG00010002919,GENE2920,2451.86,-0.4164,0.2689,1.214e-1,3.997e-1
ENSG00010002920,GENE2921,215.43,0.4254,0.2194,5.253e-2,2.287e-1
ENSG00010002921,GENE2922,15.88,-0.0405,0.4171,9.227e-1,9.787e-1
ENSG00010002922,GENE2923,8.96,-0.1827,0.1749,2.963e-1,6.606e-1
ENSG00010002923,GENE2924,538.52,-1.0370,0.1964,1.292e-7,1.287e-6
ENSG00010002924,GENE2925,96.31,-0.4776,0.2282,3.639e-2,1.722e-1
ENSG00010002925,GENE2926,183.01,-2.8098,0.2130,1.000e-300,1.471e-299
ENSG00010002926,GENE2927,1416.24,0.2051,0.2352,3.831e-1,7.439e-1
ENSG00010002927,GENE2928,3372.52,-0.0198,0.2607,9.394e-1,9.787e-1
ENSG00010002928,GENE2929,600.09,0.1512,0.1770,3.929e-1,7.512e-1
ENSG00010002929,GENE2930,18.67,2.3340,0.2137,1.000e-300,1.471e-299
ENSG00010002930,GENE2931,8.33,-2.6311,0.0879,1.000e-300,1.471e-299
ENSG00010002931,GENE2932,12.33,0.4540,0.1922,1.820e-2,1.003e-1
ENSG00010002932,GENE2933,7.06,-0.4079,0.1677,1.499e-2,8.423e-2
ENSG00010002933,GENE2934,64.56,0.2651,0.2347,2.587e-1,6.129e-1
ENSG00010002934,GENE2935,349.85,-0.5784,0.2558,2.375e-2,1.224e-1
ENSG00010002935,GENE2936,11.02,0.0905,0.3513,7.967e-1,9.490e-1
ENSG00010002936,GENE2937,5.29,0.0686,0.3109,8.253e-1,9.525e-1
ENSG00010002937,GENE2938,17.48,-2.8228,0.1201,1.000e-300,1.471e-299
ENSG00010002938,GENE2939,103.30,-0.0793,0.2960,7.888e-1,9.471e-1
ENSG00010002939,GENE2940,36.01,2.8799,0.1979,1.000e-300,1.471e-299
ENSG00010002940,GENE2941,895.29,-0.3808,0.3023,2.078e-1,5.440e-1
ENSG00010002941,GENE2942,1731.78,0.1863,0.4070,6.471e-1,8.874e-1
ENSG00010002942,GENE2943,2295.44,-3.2629,0.4147,3.553e-15,4.957e-14
ENSG00010002943,GENE2944,35.01,0.0146,0.1536,9.242e-1,9.787e-1
ENSG00010002944,GENE2945,4.65,-0.2065,0.2075,3.195e-1,6.784e-1
ENSG00010002945,GENE2946,969.92,0.2666,0.2436,2.738e-1,6.342e-1
ENSG00010002946,GENE2947,1377.24,-0.4954,0.2963,9.458e-2,3.499e-1
ENSG00010002947,GENE2948,472.59,-0.3273,0.0673,1.177e-6,1.121e-5
ENSG00010002948,GENE2949,215.01,-0.4001,0.1905,3.565e-2,1.700e-1
ENSG00010002949,GENE2950,1847.26,-0.3090,0.3828,4.195e-1,7.645e-1
ENSG00010002950,GENE2951,152.74,0.1102,0.2840,6.979e-1,9.132e-1
ENSG00010002951,GENE2952,12.40,0.3805,0.1673,2.300e-2,1.195e-1
ENSG00010002952,GENE2953,8.53,0.4680,0.2486,5.973e-2,2.553e-1
ENSG00010002953,GENE2954,1331.12,-0.0947,0.3559,7.902e-1,9.471e-1
ENSG00010002954,GENE2955,15.31,0.1987,0.2591,4.432e-1,7.799e-1
ENSG00010002955,GENE2956,415.70,-0.3757,0.2617,1.512e-1,4.573e-1
ENSG00010002956,GENE2957,4563.19,0.0759,0.2866,7.910e-1,9.477e-1
ENSG00010002957,GENE2958,451.27,-0.2178,0.1482,1.415e-1,4.413e-1
ENSG00010002958,GENE2959,459.70,-2.5516,0.1468,1.000e-300,1.471e-299
ENSG00010002959,GENE2960,108.55,0.7598,0.2692,4.760e-3,3.064e-2
ENSG00010002960,GENE2961,2688.86,0.2455,0.2085,2.390e-1,5.879e-1
ENSG00010002961,GENE2962,5.22,0.2375,0.1958,2.252e-1,5.698e-1
ENSG00010002962,GENE2963,2803.15,0.2349,0.1856,2.057e-1,5.402e-1
ENSG00010002963,GENE2964,21.01,-2.1521,0.3101,3.934e-12,4.817e-11
ENSG00010002964,GENE2965,4.97,-0.4167,0.1811,2.139e-2,1.132e-1
ENSG00010002965,GENE2966,57.33,-0.3025,0.2057,1.413e-1,4.413e-1
ENSG00010002966,GENE2967,1035.01,-0.0458,0.2306,8.425e-1,9.579e-1
ENSG00010002967,GENE2968,13.15,-0.2896,0.1982,1.440e-1,4.450e-1
ENSG00010002968,GENE2969,37.20,-0.1943,0.1210,1.084e-1,3.763e-1
ENSG00010002969,GENE2970,509.36,-2.5723,0.3564,5.376e-13,6.981e-12
ENSG00010002970,GENE2971,1247.57,0.1683,0.3055,5.818e-1,8.615e-1
ENSG00010002971,GENE2972,542.24,0.3057,0.1173,9.170e-3,5.524e-2
ENSG00010002972,GENE2973,5.31,0.0535,0.2169,8.052e-1,9.490e-1
ENSG00010002973,GENE2974,443.78,0.5330,0.2826,5.926e-2,2.536e-1
ENSG00010002974,GENE2975,5.29,-0.2555,0.2107,2.253e-1,5.698e-1
ENSG00010002975,GENE2976,289.32,-0.2632,0.3351,4.322e-1,7.732e-1
ENSG00010002976,GENE2977,248.83,-0.0257,0.2989,9.315e-1,9.787e-1
ENSG00010002977,GENE2978,13.12,-0.4827,0.2108,2.201e-2,1.160e-1
ENSG00010002978,GENE2979,198.18,0.7868,0.1044,4.841e-14,6.541e-13
ENSG00010002979,GENE2980,1293.98,-0.1028,0.2009,6.088e-1,8.711e-1
ENSG00010002980,GENE2981,95.58,0.1517,0.3040,6.178e-1,8.769e-1
ENSG00010002981,GENE2982,407.47,-0.3514,0.2179,1.069e-1,3.725e-1
ENSG00010002982,GENE2983,6.21,0.1988,0.1615,2.184e-1,5.585e-1
ENSG00010002983,GENE2984,18.80,0.0765,0.2905,7.922e-1,9.477e-1
ENSG00010002984,GENE2985,9.37,-0.3919,0.1124,4.891e-4,3.753e-3
ENSG00010002985,GENE2986,1318.13,0.3315,0.2561,1.955e-1,5.237e-1
ENSG00010002986,GENE2987,141.29,-0.5853,0.2026,3.871e-3,2.562e-2
ENSG00010002987,GENE2988,3261.29,0.1525,0.2471,5.371e-1,8.423e-1
ENSG00010002988,GENE2989,45.87,0.1897,0.2300,4.093e-1,7.581e-1
ENSG00010002989,GENE2990,158.85,-0.3872,0.2842,1.731e-1,4.935e-1
ENSG00010002990,GENE2991,50.95,0.1444,0.2707,5.938e-1,8.672e-1
ENSG00010002991,GENE2992,88.23,-0.3562,0.2075,8.608e-2,3.295e-1
ENSG00010002992,GENE2993,12.68,0.4911,0.1143,1.748e-5,1.556e-4
ENSG00010002993,GENE2994,37.08,-0.3354,0.2450,1.709e-1,4.910e-1
ENSG00010002994,GENE2995,1995.10,0.5248,0.3979,1.872e-1,5.102e-1
ENSG00010002995,GENE2996,1987.40,-0.3522,0.1925,6.733e-2,2.793e-1
ENSG00010002996,GENE2997,39.19,0.1247,0.2122,5.566e-1,8.509e-1
ENSG00010002997,GENE2998,140.52,-0.0883,0.3586,8.054e-1,9.490e-1
ENSG00010002998,GENE2999,21.27,0.2032,0.2119,3.377e-1,6.994e-1
ENSG00010002999,GENE3000,173.80,-0.2659,0.2083,2.018e-1,5.331e-1
