source,set_id,set_name,gene
GO:BP,GOBP0001,"inflammatory response",GENE1375
GO:BP,GOBP0001,"inflammatory response",GENE0891
GO:BP,GOBP0001,"inflammatory response",GENE0798
GO:BP,GOBP0001,"inflammatory response",GENE2185
GO:BP,GOBP0001,"inflammatory response",GENE2408
GO:BP,GOBP0001,"inflammatory response",GENE0624
GO:BP,GOBP0001,"inflammatory response",GENE0870
GO:BP,GOBP0001,"inflammatory response",GENE0802
GO:BP,GOBP0001,"inflammatory response",GENE1902
GO:BP,GOBP0001,"inflammatory response",GENE1436
GO:BP,GOBP0001,"inflammatory response",GENE1204
GO:BP,GOBP0001,"inflammatory response",GENE0824
GO:BP,GOBP0001,"inflammatory response",HIF1A
GO:BP,GOBP0001,"inflammatory response",GENE0626
GO:BP,GOBP0001,"inflammatory response",GENE1420
GO:BP,GOBP0001,"inflammatory response",GENE2677
GO:BP,GOBP0001,"inflammatory response",GENE2873
GO:BP,GOBP0001,"inflammatory response",GENE0945
GO:BP,GOBP0001,"inflammatory response",GENE0356
GO:BP,GOBP0001,"inflammatory response",GENE1866
GO:BP,GOBP0001,"inflammatory response",GENE2796
GO:BP,GOBP0001,"inflammatory response",GENE2513
GO:BP,GOBP0001,"inflammatory response",GENE2234
GO:BP,GOBP0001,"inflammatory response",GENE2344
GO:BP,GOBP0001,"inflammatory response",GENE1347
GO:BP,GOBP0001,"inflammatory response",GENE2235
GO:BP,GOBP0001,"inflammatory response",GENE2515
GO:BP,GOBP0001,"inflammatory response",GENE0762
GO:BP,GOBP0001,"inflammatory response",GENE0340
GO:BP,GOBP0001,"inflammatory response",GENE2674
GO:BP,GOBP0001,"inflammatory response",GENE2943
GO:BP,GOBP0001,"inflammatory response",GENE2603
GO:BP,GOBP0001,"inflammatory response",GENE2871
GO:BP,GOBP0001,"inflammatory response",GENE0556
GO:BP,GOBP0001,"inflammatory response",GENE1565
GO:BP,GOBP0001,"inflammatory response",GENE2985
GO:BP,GOBP0001,"inflammatory response",GENE2110
GO:BP,GOBP0001,"inflammatory response",GENE2456
GO:BP,GOBP0001,"inflammatory response",GENE2568
GO:BP,GOBP0001,"inflammatory response",GENE0187
GO:BP,GOBP0001,"inflammatory response",GENE1231
GO:BP,GOBP0001,"inflammatory response",GENE0283
GO:BP,GOBP0001,"inflammatory response",GENE1672
GO:BP,GOBP0001,"inflammatory response",GENE1809
GO:BP,GOBP0001,"inflammatory response",GENE0431
GO:BP,GOBP0001,"inflammatory response",GENE1800
GO:BP,GOBP0001,"inflammatory response",GENE2773
GO:BP,GOBP0001,"inflammatory response",GENE2619
GO:BP,GOBP0001,"inflammatory response",GENE0487
GO:BP,GOBP0001,"inflammatory response",GENE0462
GO:BP,GOBP0001,"inflammatory response",GENE2826
GO:BP,GOBP0001,"inflammatory response",GENE2194
GO:BP,GOBP0001,"inflammatory response",GENE1291
GO:BP,GOBP0001,"inflammatory response",GENE0795
GO:BP,GOBP0001,"inflammatory response",GENE0154
GO:BP,GOBP0001,"inflammatory response",GENE0825
GO:BP,GOBP0001,"inflammatory response",GENE1794
GO:BP,GOBP0001,"inflammatory response",GENE0079
GO:BP,GOBP0001,"inflammatory response",GENE2948
GO:BP,GOBP0001,"inflammatory response",GENE2653
GO:BP,GOBP0001,"inflammatory response",GENE0046
GO:BP,GOBP0001,"inflammatory response",GENE2001
GO:BP,GOBP0001,"inflammatory response",GENE0937
GO:BP,GOBP0001,"inflammatory response",GENE2301
GO:BP,GOBP0001,"inflammatory response",GENE2065
GO:BP,GOBP0001,"inflammatory response",GENE2729
GO:BP,GOBP0001,"inflammatory response",GENE2971
GO:BP,GOBP0001,"inflammatory response",GENE2315
GO:BP,GOBP0001,"inflammatory response",GENE0761
GO:BP,GOBP0001,"inflammatory response",GENE1145
GO:BP,GOBP0001,"inflammatory response",GENE0570
GO:BP,GOBP0001,"inflammatory response",GENE2511
GO:BP,GOBP0001,"inflammatory response",GENE1265
GO:BP,GOBP0001,"inflammatory response",GENE2051
GO:BP,GOBP0001,"inflammatory response",GENE1102
GO:BP,GOBP0001,"inflammatory response",KRAS
GO:BP,GOBP0001,"inflammatory response",GENE0939
GO:BP,GOBP0001,"inflammatory response",GENE0675
GO:BP,GOBP0001,"inflammatory response",GENE0384
GO:BP,GOBP0001,"inflammatory response",GENE2311
GO:BP,GOBP0001,"inflammatory response",GENE0668
GO:BP,GOBP0001,"inflammatory response",GENE2259
GO:BP,GOBP0001,"inflammatory response",GENE0369
GO:BP,GOBP0001,"inflammatory response",GENE2357
GO:BP,GOBP0001,"inflammatory response",GENE2350
GO:BP,GOBP0001,"inflammatory response",GENE2762
GO:BP,GOBP0001,"inflammatory response",GENE1442
GO:BP,GOBP0001,"inflammatory response",GENE1246
GO:BP,GOBP0001,"inflammatory response",GENE2011
GO:BP,GOBP0001,"inflammatory response",GENE1688
GO:BP,GOBP0001,"inflammatory response",GENE0696
GO:BP,GOBP0001,"inflammatory response",GENE0738
GO:BP,GOBP0001,"inflammatory response",GENE1746
GO:BP,GOBP0001,"inflammatory response",GENE1014
GO:BP,GOBP0001,"inflammatory response",GENE1697
GO:BP,GOBP0001,"inflammatory response",GENE1567
GO:BP,GOBP0001,"inflammatory response",GENE1618
GO:BP,GOBP0001,"inflammatory response",GENE1661
GO:BP,GOBP0001,"inflammatory response",GENE1747
GO:BP,GOBP0001,"inflammatory response",GENE0320
GO:BP,GOBP0001,"inflammatory response",GENE2799
GO:BP,GOBP0001,"inflammatory response",GENE1267
GO:BP,GOBP0001,"inflammatory response",GENE0523
GO:BP,GOBP0001,"inflammatory response",GENE2760
GO:BP,GOBP0001,"inflammatory response",GENE0118
GO:BP,GOBP0001,"inflammatory response",GENE0146
GO:BP,GOBP0001,"inflammatory response",GENE1730
GO:BP,GOBP0001,"inflammatory response",GENE0315
GO:BP,GOBP0001,"inflammatory response",GENE0717
GO:BP,GOBP0001,"inflammatory response",GENE0811
GO:BP,GOBP0001,"inflammatory response",GENE2574
GO:BP,GOBP0001,"inflammatory response",GENE1646
GO:BP,GOBP0001,"inflammatory response",GENE2059
GO:BP,GOBP0001,"inflammatory response",GENE0745
GO:BP,GOBP0001,"inflammatory response",GENE0429
GO:BP,GOBP0001,"inflammatory response",GENE0329
GO:BP,GOBP0001,"inflammatory response",GENE1729
GO:BP,GOBP0001,"inflammatory response",GENE2914
GO:BP,GOBP0001,"inflammatory response",GENE2024
GO:BP,GOBP0001,"inflammatory response",TNF
GO:BP,GOBP0001,"inflammatory response",GENE1154
GO:BP,GOBP0001,"inflammatory response",GENE1984
GO:BP,GOBP0001,"inflammatory response",GENE1594
GO:BP,GOBP0001,"inflammatory response",GENE2745
GO:BP,GOBP0001,"inflammatory response",GENE1481
GO:BP,GOBP0001,"inflammatory response",GENE0543
GO:BP,GOBP0001,"inflammatory response",GENE0814
GO:BP,GOBP0001,"inflammatory response",GENE1868
GO:BP,GOBP0001,"inflammatory response",GENE0062
GO:BP,GOBP0001,"inflammatory response",GENE1001
GO:BP,GOBP0001,"inflammatory response",GENE2652
GO:BP,GOBP0001,"inflammatory response",GENE0915
GO:BP,GOBP0001,"inflammatory response",GENE1992
GO:BP,GOBP0001,"inflammatory response",GENE1321
GO:BP,GOBP0001,"inflammatory response",GENE2503
GO:BP,GOBP0001,"inflammatory response",GENE2909
GO:BP,GOBP0001,"inflammatory response",GENE0618
GO:BP,GOBP0001,"inflammatory response",GENE2480
GO:BP,GOBP0001,"inflammatory response",GENE1080
GO:BP,GOBP0001,"inflammatory response",GENE2615
GO:BP,GOBP0001,"inflammatory response",GENE2629
GO:BP,GOBP0001,"inflammatory response",GENE2575
GO:BP,GOBP0001,"inflammatory response",GENE1663
GO:BP,GOBP0001,"inflammatory response",GENE0177
GO:BP,GOBP0001,"inflammatory response",GENE2795
GO:BP,GOBP0001,"inflammatory response",GENE1640
GO:BP,GOBP0001,"inflammatory response",GENE1317
GO:BP,GOBP0001,"inflammatory response",GENE0775
GO:BP,GOBP0001,"inflammatory response",GENE2868
GO:BP,GOBP0001,"inflammatory response",GENE0261
GO:BP,GOBP0001,"inflammatory response",GENE2404
GO:BP,GOBP0001,"inflammatory response",GENE0677
GO:BP,GOBP0001,"inflammatory response",GENE2116
GO:BP,GOBP0001,"inflammatory response",GENE1088
GO:BP,GOBP0001,"inflammatory response",GENE0420
GO:BP,GOBP0001,"inflammatory response",GENE1971
GO:BP,GOBP0001,"inflammatory response",GENE1647
GO:BP,GOBP0001,"inflammatory response",GENE0218
GO:BP,GOBP0001,"inflammatory response",GENE1692
GO:BP,GOBP0001,"inflammatory response",GENE2327
GO:BP,GOBP0001,"inflammatory response",GENE2221
GO:BP,GOBP0001,"inflammatory response",GENE0671
GO:BP,GOBP0001,"inflammatory response",GENE2443
GO:BP,GOBP0001,"inflammatory response",GENE1209
GO:BP,GOBP0001,"inflammatory response",GENE0275
GO:BP,GOBP0001,"inflammatory response",GENE2000
GO:BP,GOBP0001,"inflammatory response",GENE0705
GO:BP,GOBP0001,"inflammatory response",GENE1564
GO:BP,GOBP0001,"inflammatory response",GENE2450
GO:BP,GOBP0001,"inflammatory response",GENE1383
GO:BP,GOBP0001,"inflammatory response",GENE0517
GO:BP,GOBP0001,"inflammatory response",GENE1421
GO:BP,GOBP0001,"inflammatory response",GENE1928
GO:BP,GOBP0001,"inflammatory response",GENE0606
GO:BP,GOBP0001,"inflammatory response",GENE1207
GO:BP,GOBP0001,"inflammatory response",GENE0968
GO:BP,GOBP0001,"inflammatory response",GENE1249
GO:BP,GOBP0001,"inflammatory response",GENE0816
GO:BP,GOBP0001,"inflammatory response",GENE2224
GO:BP,GOBP0001,"inflammatory response",GENE2679
GO:BP,GOBP0001,"inflammatory response",GENE2951
GO:BP,GOBP0001,"inflammatory response",GENE0243
GO:BP,GOBP0001,"inflammatory response",GENE1082
GO:BP,GOBP0001,"inflammatory response",GENE1366
GO:BP,GOBP0001,"inflammatory response",GENE0794
GO:BP,GOBP0001,"inflammatory response",GENE0856
GO:BP,GOBP0001,"inflammatory response",INS
GO:BP,GOBP0001,"inflammatory response",GENE1483
GO:BP,GOBP0001,"inflammatory response",GENE2175
GO:BP,GOBP0001,"inflammatory response",GENE0836
GO:BP,GOBP0001,"inflammatory response",GENE1427
GO:BP,GOBP0001,"inflammatory response",GENE1852
GO:BP,GOBP0001,"inflammatory response",GENE1295
GO:BP,GOBP0001,"inflammatory response",GENE1486
GO:BP,GOBP0001,"inflammatory response",GENE0339
GO:BP,GOBP0002,"cell cycle",GENE1174
GO:BP,GOBP0002,"cell cycle",GENE2484
GO:BP,GOBP0002,"cell cycle",GENE0466
GO:BP,GOBP0002,"cell cycle",GENE1660
GO:BP,GOBP0002,"cell cycle",GENE2820
GO:BP,GOBP0002,"cell cycle",GENE2197
GO:BP,GOBP0002,"cell cycle",GENE0285
GO:BP,GOBP0002,"cell cycle",GENE2546
GO:BP,GOBP0002,"cell cycle",GENE0373
GO:BP,GOBP0002,"cell cycle",GENE0220
GO:BP,GOBP0002,"cell cycle",GENE0882
GO:BP,GOBP0002,"cell cycle",GENE0066
GO:BP,GOBP0002,"cell cycle",GENE2680
GO:BP,GOBP0002,"cell cycle",GENE0056
GO:BP,GOBP0002,"cell cycle",GENE0774
GO:BP,GOBP0002,"cell cycle",GENE2341
GO:BP,GOBP0002,"cell cycle",GENE1502
GO:BP,GOBP0002,"cell cycle",GENE2687
GO:BP,GOBP0002,"cell cycle",GENE1707
GO:BP,GOBP0002,"cell cycle",GENE0352
GO:BP,GOBP0002,"cell cycle",GENE2816
GO:BP,GOBP0002,"cell cycle",GENE1167
GO:BP,GOBP0002,"cell cycle",GENE1230
GO:BP,GOBP0002,"cell cycle",GENE0556
GO:BP,GOBP0002,"cell cycle",GENE0041
GO:BP,GOBP0002,"cell cycle",GENE0967
GO:BP,GOBP0002,"cell cycle",GENE2841
GO:BP,GOBP0002,"cell cycle",GENE1092
GO:BP,GOBP0002,"cell cycle",GENE0883
GO:BP,GOBP0002,"cell cycle",GENE1033
GO:BP,GOBP0002,"cell cycle",GENE1805
GO:BP,GOBP0002,"cell cycle",GENE0439
GO:BP,GOBP0002,"cell cycle",GENE0448
GO:BP,GOBP0002,"cell cycle",GENE0494
GO:BP,GOBP0002,"cell cycle",GENE1727
GO:BP,GOBP0002,"cell cycle",GENE2160
GO:BP,GOBP0002,"cell cycle",GENE1591
GO:BP,GOBP0002,"cell cycle",GENE2173
GO:BP,GOBP0002,"cell cycle",GENE0789
GO:BP,GOBP0002,"cell cycle",GENE2637
GO:BP,GOBP0002,"cell cycle",GENE2018
GO:BP,GOBP0002,"cell cycle",GENE1668
GO:BP,GOBP0002,"cell cycle",GENE2964
GO:BP,GOBP0002,"cell cycle",GENE0205
GO:BP,GOBP0002,"cell cycle",GENE2163
GO:BP,GOBP0002,"cell cycle",GENE0929
GO:BP,GOBP0002,"cell cycle",GENE1117
GO:BP,GOBP0002,"cell cycle",GENE1006
GO:BP,GOBP0002,"cell cycle",GENE1863
GO:BP,GOBP0002,"cell cycle",GENE2760
GO:BP,GOBP0002,"cell cycle",GENE1882
GO:BP,GOBP0002,"cell cycle",GENE1253
GO:BP,GOBP0002,"cell cycle",FOS
GO:BP,GOBP0002,"cell cycle",GENE1094
GO:BP,GOBP0002,"cell cycle",GENE2357
GO:BP,GOBP0002,"cell cycle",GENE0587
GO:BP,GOBP0002,"cell cycle",GENE0397
GO:BP,GOBP0002,"cell cycle",GENE0834
GO:BP,GOBP0002,"cell cycle",GENE0778
GO:BP,GOBP0002,"cell cycle",GENE1347
GO:BP,GOBP0002,"cell cycle",GENE2615
GO:BP,GOBP0002,"cell cycle",GENE1683
GO:BP,GOBP0002,"cell cycle",GENE2099
GO:BP,GOBP0002,"cell cycle",GENE0776
GO:BP,GOBP0002,"cell cycle",GENE0600
GO:BP,GOBP0002,"cell cycle",GENE1968
GO:BP,GOBP0002,"cell cycle",GENE2762
GO:BP,GOBP0002,"cell cycle",GENE0237
GO:BP,GOBP0002,"cell cycle",GENE2589
GO:BP,GOBP0002,"cell cycle",GENE2071
GO:BP,GOBP0002,"cell cycle",GENE2545
GO:BP,GOBP0002,"cell cycle",GENE2002
GO:BP,GOBP0002,"cell cycle",GENE1053
GO:BP,GOBP0002,"cell cycle",GENE1310
GO:BP,GOBP0002,"cell cycle",GENE0509
GO:BP,GOBP0002,"cell cycle",GENE2929
GO:BP,GOBP0002,"cell cycle",GENE1320
GO:BP,GOBP0002,"cell cycle",GENE0808
GO:BP,GOBP0002,"cell cycle",GENE1180
GO:BP,GOBP0002,"cell cycle",GENE0615
GO:BP,GOBP0002,"cell cycle",GENE2675
GO:BP,GOBP0002,"cell cycle",GENE1278
GO:BP,GOBP0002,"cell cycle",GENE1985
GO:BP,GOBP0002,"cell cycle",GENE1928
GO:BP,GOBP0002,"cell cycle",GENE0214
GO:BP,GOBP0002,"cell cycle",GENE0584
GO:BP,GOBP0002,"cell cycle",GENE0926
GO:BP,GOBP0002,"cell cycle",GENE2610
GO:BP,GOBP0002,"cell cycle",GENE1733
GO:BP,GOBP0002,"cell cycle",GENE0748
GO:BP,GOBP0002,"cell cycle",GENE0261
GO:BP,GOBP0002,"cell cycle",GENE0643
GO:BP,GOBP0002,"cell cycle",GENE0821
GO:BP,GOBP0002,"cell cycle",GENE2115
GO:BP,GOBP0002,"cell cycle",GENE1700
GO:BP,GOBP0002,"cell cycle",GENE2438
GO:BP,GOBP0002,"cell cycle",GENE2799
GO:BP,GOBP0002,"cell cycle",GENE0228
GO:BP,GOBP0002,"cell cycle",GENE0460
GO:BP,GOBP0002,"cell cycle",GENE1229
GO:BP,GOBP0002,"cell cycle",GENE1247
GO:BP,GOBP0002,"cell cycle",GENE0792
GO:BP,GOBP0002,"cell cycle",GENE0657
GO:BP,GOBP0002,"cell cycle",GENE2446
GO:BP,GOBP0002,"cell cycle",GENE1018
GO:BP,GOBP0002,"cell cycle",GENE0363
GO:BP,GOBP0002,"cell cycle",GENE2481
GO:BP,GOBP0002,"cell cycle",GENE1472
GO:BP,GOBP0002,"cell cycle",GENE1522
GO:BP,GOBP0002,"cell cycle",GENE1646
GO:BP,GOBP0002,"cell cycle",GENE2804
GO:BP,GOBP0002,"cell cycle",GENE2908
GO:BP,GOBP0002,"cell cycle",GENE1248
GO:BP,GOBP0002,"cell cycle",GENE0878
GO:BP,GOBP0002,"cell cycle",GENE2681
GO:BP,GOBP0002,"cell cycle",GENE2861
GO:BP,GOBP0002,"cell cycle",GENE2254
GO:BP,GOBP0002,"cell cycle",GENE1885
GO:BP,GOBP0002,"cell cycle",GENE0034
GO:BP,GOBP0002,"cell cycle",GENE0461
GO:BP,GOBP0002,"cell cycle",GENE0359
GO:BP,GOBP0002,"cell cycle",GENE2904
GO:BP,GOBP0002,"cell cycle",GENE1442
GO:BP,GOBP0002,"cell cycle",GENE1178
GO:BP,GOBP0002,"cell cycle",GENE2989
GO:BP,GOBP0002,"cell cycle",GENE0553
GO:BP,GOBP0002,"cell cycle",GENE1258
GO:BP,GOBP0002,"cell cycle",GENE0951
GO:BP,GOBP0002,"cell cycle",GENE1003
GO:BP,GOBP0002,"cell cycle",GENE2294
GO:BP,GOBP0002,"cell cycle",GENE1666
GO:BP,GOBP0002,"cell cycle",GENE1170
GO:BP,GOBP0002,"cell cycle",GENE2933
GO:BP,GOBP0002,"cell cycle",GENE0591
GO:BP,GOBP0002,"cell cycle",GENE2465
GO:BP,GOBP0002,"cell cycle",GENE0422
GO:BP,GOBP0002,"cell cycle",GENE1450
GO:BP,GOBP0002,"cell cycle",GENE2913
GO:BP,GOBP0002,"cell cycle",GENE0942
GO:BP,GOBP0002,"cell cycle",GENE2039
GO:BP,GOBP0002,"cell cycle",GENE0040
GO:BP,GOBP0002,"cell cycle",GENE0941
GO:BP,GOBP0002,"cell cycle",GENE2554
GO:BP,GOBP0002,"cell cycle",GENE0773
GO:BP,GOBP0002,"cell cycle",GENE0758
GO:BP,GOBP0002,"cell cycle",GENE1548
GO:BP,GOBP0002,"cell cycle",GENE0447
GO:BP,GOBP0002,"cell cycle",GENE1955
GO:BP,GOBP0002,"cell cycle",GENE2333
GO:BP,GOBP0002,"cell cycle",GENE2919
GO:BP,GOBP0002,"cell cycle",GENE2329
GO:BP,GOBP0002,"cell cycle",GENE0350
GO:BP,GOBP0002,"cell cycle",GENE2377
GO:BP,GOBP0002,"cell cycle",GENE1305
GO:BP,GOBP0002,"cell cycle",GENE0376
GO:BP,GOBP0002,"cell cycle",GENE1975
GO:BP,GOBP0002,"cell cycle",GENE2081
GO:BP,GOBP0002,"cell cycle",GENE1043
GO:BP,GOBP0002,"cell cycle",GENE0327
GO:BP,GOBP0002,"cell cycle",GENE2383
GO:BP,GOBP0002,"cell cycle",GENE0051
GO:BP,GOBP0002,"cell cycle",GENE1068
GO:BP,GOBP0002,"cell cycle",GENE2864
GO:BP,GOBP0002,"cell cycle",GENE0911
GO:BP,GOBP0002,"cell cycle",GENE0619
GO:BP,GOBP0002,"cell cycle",GENE1904
GO:BP,GOBP0002,"cell cycle",GENE2397
GO:BP,GOBP0002,"cell cycle",GENE0351
GO:BP,GOBP0002,"cell cycle",GENE2069
GO:BP,GOBP0002,"cell cycle",GENE0487
GO:BP,GOBP0002,"cell cycle",GENE2806
GO:BP,GOBP0002,"cell cycle",GENE1284
GO:BP,GOBP0002,"cell cycle",GENE2880
GO:BP,GOBP0002,"cell cycle",GENE1381
GO:BP,GOBP0002,"cell cycle",GENE2581
GO:BP,GOBP0002,"cell cycle",GENE1424
GO:BP,GOBP0002,"cell cycle",GENE2874
GO:BP,GOBP0002,"cell cycle",GENE0170
GO:BP,GOBP0002,"cell cycle",GENE2381
GO:BP,GOBP0002,"cell cycle",GENE1313
GO:BP,GOBP0002,"cell cycle",GENE0920
GO:BP,GOBP0002,"cell cycle",GENE2921
GO:BP,GOBP0002,"cell cycle",GENE2948
GO:BP,GOBP0002,"cell cycle",GENE0200
GO:BP,GOBP0002,"cell cycle",GENE0697
GO:BP,GOBP0002,"cell cycle",GENE0540
GO:BP,GOBP0002,"cell cycle",GENE2994
GO:BP,GOBP0002,"cell cycle",GENE2495
GO:BP,GOBP0002,"cell cycle",GENE1412
GO:BP,GOBP0002,"cell cycle",GENE1506
GO:BP,GOBP0002,"cell cycle",GENE1468
GO:BP,GOBP0002,"cell cycle",GENE1608
GO:BP,GOBP0002,"cell cycle",GENE0183
GO:BP,GOBP0002,"cell cycle",GENE1994
GO:BP,GOBP0002,"cell cycle",GENE2118
GO:BP,GOBP0002,"cell cycle",GENE1210
GO:BP,GOBP0002,"cell cycle",GENE0232
GO:BP,GOBP0002,"cell cycle",GENE1104
GO:BP,GOBP0002,"cell cycle",GENE2291
GO:BP,GOBP0002,"cell cycle",GENE2865
GO:BP,GOBP0002,"cell cycle",GENE1575
GO:BP,GOBP0002,"cell cycle",GENE0522
GO:BP,GOBP0002,"cell cycle",GENE0567
GO:BP,GOBP0002,"cell cycle",GENE0287
GO:BP,GOBP0002,"cell cycle",GENE1903
GO:BP,GOBP0002,"cell cycle",GENE2276
GO:BP,GOBP0002,"cell cycle",GENE2695
GO:BP,GOBP0002,"cell cycle",GENE1519
GO:BP,GOBP0002,"cell cycle",GENE0746
GO:BP,GOBP0002,"cell cycle",GENE1908
GO:BP,GOBP0002,"cell cycle",GENE0335
GO:BP,GOBP0002,"cell cycle",GENE2903
GO:BP,GOBP0002,"cell cycle",GENE1028
GO:BP,GOBP0002,"cell cycle",GENE2444
GO:BP,GOBP0002,"cell cycle",GENE0144
GO:BP,GOBP0002,"cell cycle",GENE1382
GO:BP,GOBP0002,"cell cycle",GENE1531
GO:BP,GOBP0002,"cell cycle",GENE0638
GO:BP,GOBP0002,"cell cycle",GENE1402
GO:BP,GOBP0002,"cell cycle",GENE1830
GO:BP,GOBP0002,"cell cycle",GENE2619
GO:BP,GOBP0002,"cell cycle",GENE0569
GO:BP,GOBP0002,"cell cycle",GENE0250
GO:BP,GOBP0002,"cell cycle",GENE2958
GO:BP,GOBP0002,"cell cycle",GENE2769
GO:BP,GOBP0002,"cell cycle",GENE1358
GO:BP,GOBP0002,"cell cycle",CDKN1A
GO:BP,GOBP0002,"cell cycle",GENE1503
GO:BP,GOBP0002,"cell cycle",GENE1893
GO:BP,GOBP0002,"cell cycle",GENE1469
GO:BP,GOBP0002,"cell cycle",GENE0172
GO:BP,GOBP0002,"cell cycle",GENE2373
GO:BP,GOBP0002,"cell cycle",GENE2092
GO:BP,GOBP0002,"cell cycle",GENE1558
GO:BP,GOBP0002,"cell cycle",GENE0925
GO:BP,GOBP0002,"cell cycle",GENE0664
GO:BP,GOBP0002,"cell cycle",GENE1179
GO:BP,GOBP0002,"cell cycle",GENE1294
GO:BP,GOBP0002,"cell cycle",GENE0360
GO:BP,GOBP0002,"cell cycle",GENE0142
GO:BP,GOBP0002,"cell cycle",GENE1925
GO:BP,GOBP0002,"cell cycle",GENE1151
GO:BP,GOBP0002,"cell cycle",GENE0856
GO:BP,GOBP0002,"cell cycle",GENE0913
GO:BP,GOBP0002,"cell cycle",GENE1915
GO:BP,GOBP0002,"cell cycle",GENE1403
GO:BP,GOBP0002,"cell cycle",GENE1766
GO:BP,GOBP0002,"cell cycle",GENE0430
GO:BP,GOBP0002,"cell cycle",GENE2457
GO:BP,GOBP0002,"cell cycle",GENE1773
GO:BP,GOBP0002,"cell cycle",GENE0078
GO:BP,GOBP0002,"cell cycle",GENE0371
GO:BP,GOBP0002,"cell cycle",GENE0278
GO:BP,GOBP0002,"cell cycle",GENE0862
GO:BP,GOBP0002,"cell cycle",GENE0059
GO:BP,GOBP0002,"cell cycle",GENE0254
GO:BP,GOBP0002,"cell cycle",GENE0510
GO:BP,GOBP0002,"cell cycle",GENE0393
GO:BP,GOBP0002,"cell cycle",GENE1735
GO:BP,GOBP0002,"cell cycle",GENE2206
GO:BP,GOBP0002,"cell cycle",GENE1682
GO:BP,GOBP0002,"cell cycle",GENE1867
GO:BP,GOBP0002,"cell cycle",GENE1121
GO:BP,GOBP0002,"cell cycle",GENE1474
GO:BP,GOBP0002,"cell cycle",GENE2103
GO:BP,GOBP0002,"cell cycle",GENE0332
GO:BP,GOBP0002,"cell cycle",GENE1956
GO:BP,GOBP0002,"cell cycle",GENE2119
GO:BP,GOBP0002,"cell cycle",GENE2945
GO:BP,GOBP0002,"cell cycle",GENE2897
GO:BP,GOBP0002,"cell cycle",GENE0230
GO:BP,GOBP0002,"cell cycle",GENE0634
GO:BP,GOBP0002,"cell cycle",GENE1782
GO:BP,GOBP0002,"cell cycle",GENE2207
GO:BP,GOBP0002,"cell cycle",GENE1740
GO:BP,GOBP0003,"apoptotic process",GENE0395
GO:BP,GOBP0003,"apoptotic process",GENE1254
GO:BP,GOBP0003,"apoptotic process",GENE0836
GO:BP,GOBP0003,"apoptotic process",GENE1938
GO:BP,GOBP0003,"apoptotic process",GENE2713
GO:BP,GOBP0003,"apoptotic process",GENE2577
GO:BP,GOBP0003,"apoptotic process",GENE0637
GO:BP,GOBP0003,"apoptotic process",GENE1432
GO:BP,GOBP0003,"apoptotic process",GENE0557
GO:BP,GOBP0003,"apoptotic process",GENE1773
GO:BP,GOBP0003,"apoptotic process",GENE2931
GO:BP,GOBP0003,"apoptotic process",GENE1556
GO:BP,GOBP0003,"apoptotic process",GENE1337
GO:BP,GOBP0003,"apoptotic process",GENE0411
GO:BP,GOBP0003,"apoptotic process",GENE1820
GO:BP,GOBP0003,"apoptotic process",GENE0823
GO:BP,GOBP0003,"apoptotic process",GENE1372
GO:BP,GOBP0003,"apoptotic process",GENE1375
GO:BP,GOBP0003,"apoptotic process",GENE0764
GO:BP,GOBP0003,"apoptotic process",GENE0031
GO:BP,GOBP0003,"apoptotic process",GENE0813
GO:BP,GOBP0003,"apoptotic process",GENE0812
GO:BP,GOBP0003,"apoptotic process",GENE0192
GO:BP,GOBP0003,"apoptotic process",GENE1202
GO:BP,GOBP0003,"apoptotic process",GENE0123
GO:BP,GOBP0003,"apoptotic process",GENE0435
GO:BP,GOBP0003,"apoptotic process",GENE2590
GO:BP,GOBP0003,"apoptotic process",GENE2800
GO:BP,GOBP0003,"apoptotic process",GENE0216
GO:BP,GOBP0003,"apoptotic process",GENE0844
GO:BP,GOBP0003,"apoptotic process",GENE0551
GO:BP,GOBP0003,"apoptotic process",GENE1798
GO:BP,GOBP0003,"apoptotic process",GENE1259
GO:BP,GOBP0003,"apoptotic process",GENE0898
GO:BP,GOBP0003,"apoptotic process",GENE2777
GO:BP,GOBP0003,"apoptotic process",MYC
GO:BP,GOBP0003,"apoptotic process",GENE2675
GO:BP,GOBP0003,"apoptotic process",GENE2878
GO:BP,GOBP0003,"apoptotic process",GENE1958
GO:BP,GOBP0003,"apoptotic process",GENE0553
GO:BP,GOBP0003,"apoptotic process",GENE2207
GO:BP,GOBP0003,"apoptotic process",GENE0176
GO:BP,GOBP0003,"apoptotic process",GENE0828
GO:BP,GOBP0003,"apoptotic process",PTEN
GO:BP,GOBP0003,"apoptotic process",GENE2734
GO:BP,GOBP0003,"apoptotic process",GENE1197
GO:BP,GOBP0003,"apoptotic process",GENE0246
GO:BP,GOBP0003,"apoptotic process",GENE2447
GO:BP,GOBP0003,"apoptotic process",GENE2536
GO:BP,GOBP0003,"apoptotic process",GENE0386
GO:BP,GOBP0003,"apoptotic process",GENE0542
GO:BP,GOBP0003,"apoptotic process",GENE0710
GO:BP,GOBP0003,"apoptotic process",GENE2716
GO:BP,GOBP0003,"apoptotic process",GENE1046
GO:BP,GOBP0003,"apoptotic process",GENE0560
GO:BP,GOBP0003,"apoptotic process",GENE2201
GO:BP,GOBP0003,"apoptotic process",GENE0291
GO:BP,GOBP0003,"apoptotic process",GENE2873
GO:BP,GOBP0003,"apoptotic process",GENE0348
GO:BP,GOBP0003,"apoptotic process",GENE2454
GO:BP,GOBP0003,"apoptotic process",GENE0128
GO:BP,GOBP0003,"apoptotic process",GENE2456
GO:BP,GOBP0003,"apoptotic process",GENE1473
GO:BP,GOBP0003,"apoptotic process",GENE0549
GO:BP,GOBP0003,"apoptotic process",ACTB
GO:BP,GOBP0003,"apoptotic process",GENE0672
GO:BP,GOBP0003,"apoptotic process",GENE2457
GO:BP,GOBP0003,"apoptotic process",GENE0808
GO:BP,GOBP0003,"apoptotic process",GENE1371
GO:BP,GOBP0003,"apoptotic process",GENE2379
GO:BP,GOBP0003,"apoptotic process",GENE2847
GO:BP,GOBP0003,"apoptotic process",GENE1471
GO:BP,GOBP0003,"apoptotic process",GENE0752
GO:BP,GOBP0003,"apoptotic process",GENE1611
GO:BP,GOBP0003,"apoptotic process",GENE0667
GO:BP,GOBP0003,"apoptotic process",GENE0247
GO:BP,GOBP0003,"apoptotic process",GENE1537
GO:BP,GOBP0003,"apoptotic process",GENE1419
GO:BP,GOBP0003,"apoptotic process",GENE2219
GO:BP,GOBP0003,"apoptotic process",GENE2177
GO:BP,GOBP0003,"apoptotic process",GENE1964
GO:BP,GOBP0003,"apoptotic process",GENE1137
GO:BP,GOBP0003,"apoptotic process",GENE0847
GO:BP,GOBP0003,"apoptotic process",GENE2420
GO:BP,GOBP0003,"apoptotic process",GENE1707
GO:BP,GOBP0003,"apoptotic process",GENE2786
GO:BP,GOBP0003,"apoptotic process",GENE2886
GO:BP,GOBP0003,"apoptotic process",GENE0995
GO:BP,GOBP0003,"apoptotic process",GENE2227
GO:BP,GOBP0003,"apoptotic process",GENE0624
GO:BP,GOBP0003,"apoptotic process",GENE0138
GO:BP,GOBP0003,"apoptotic process",GENE0494
GO:BP,GOBP0003,"apoptotic process",GENE0965
GO:BP,GOBP0003,"apoptotic process",GENE0229
GO:BP,GOBP0003,"apoptotic process",GENE2599
GO:BP,GOBP0003,"apoptotic process",GENE1234
GO:BP,GOBP0003,"apoptotic process",GENE1196
GO:BP,GOBP0003,"apoptotic process",GENE0443
GO:BP,GOBP0003,"apoptotic process",GENE0753
GO:BP,GOBP0003,"apoptotic process",GENE0914
GO:BP,GOBP0003,"apoptotic process",GENE2513
GO:BP,GOBP0003,"apoptotic process",GENE0415
GO:BP,GOBP0003,"apoptotic process",GENE0109
GO:BP,GOBP0003,"apoptotic process",GENE2425
GO:BP,GOBP0003,"apoptotic process",GENE2899
GO:BP,GOBP0003,"apoptotic process",GENE2423
GO:BP,GOBP0003,"apoptotic process",GENE1094
GO:BP,GOBP0003,"apoptotic process",GENE2473
GO:BP,GOBP0003,"apoptotic process",GENE1961
GO:BP,GOBP0003,"apoptotic process",GENE0071
GO:BP,GOBP0003,"apoptotic process",GENE2551
GO:BP,GOBP0003,"apoptotic process",GENE1181
GO:BP,GOBP0003,"apoptotic process",GENE2628
GO:BP,GOBP0003,"apoptotic process",GENE2373
GO:BP,GOBP0003,"apoptotic process",GENE0433
GO:BP,GOBP0003,"apoptotic process",GENE0961
GO:BP,GOBP0003,"apoptotic process",GENE2388
GO:BP,GOBP0003,"apoptotic process",GENE1903
GO:BP,GOBP0003,"apoptotic process",GENE2889
GO:BP,GOBP0003,"apoptotic process",GENE2264
GO:BP,GOBP0003,"apoptotic process",GENE0359
GO:BP,GOBP0003,"apoptotic process",GENE1249
GO:BP,GOBP0003,"apoptotic process",GENE2399
GO:BP,GOBP0003,"apoptotic process",GENE2702
GO:BP,GOBP0003,"apoptotic process",GENE0139
GO:BP,GOBP0003,"apoptotic process",GENE1999
GO:BP,GOBP0003,"apoptotic process",GENE0382
GO:BP,GOBP0003,"apoptotic process",GENE0038
GO:BP,GOBP0003,"apoptotic process",GENE0575
GO:BP,GOBP0003,"apoptotic process",GENE0729
GO:BP,GOBP0003,"apoptotic process",GENE1264
GO:BP,GOBP0003,"apoptotic process",GENE2531
GO:BP,GOBP0003,"apoptotic process",GENE0705
GO:BP,GOBP0003,"apoptotic process",GENE1285
GO:BP,GOBP0003,"apoptotic process",GENE0655
GO:BP,GOBP0003,"apoptotic process",GENE0709
GO:BP,GOBP0003,"apoptotic process",GENE1271
GO:BP,GOBP0003,"apoptotic process",GENE2045
GO:BP,GOBP0003,"apoptotic process",GENE1424
GO:BP,GOBP0003,"apoptotic process",GENE1577
GO:BP,GOBP0003,"apoptotic process",GENE1025
GO:BP,GOBP0003,"apoptotic process",GENE1059
GO:BP,GOBP0003,"apoptotic process",FOXP3
GO:BP,GOBP0003,"apoptotic process",GENE0254
GO:BP,GOBP0003,"apoptotic process",GENE2459
GO:BP,GOBP0003,"apoptotic process",GENE2733
GO:BP,GOBP0003,"apoptotic process",GENE0878
GO:BP,GOBP0004,"immune response",GENE1778
GO:BP,GOBP0004,"immune response",GENE2979
GO:BP,GOBP0004,"immune response",GENE0513
GO:BP,GOBP0004,"immune response",GENE1407
GO:BP,GOBP0004,"immune response",GENE2307
GO:BP,GOBP0004,"immune response",GENE2869
GO:BP,GOBP0004,"immune response",GENE1464
GO:BP,GOBP0004,"immune response",GENE0761
GO:BP,GOBP0004,"immune response",GENE2685
GO:BP,GOBP0004,"immune response",GENE0589
GO:BP,GOBP0004,"immune response",GENE1598
GO:BP,GOBP0004,"immune response",GENE0447
GO:BP,GOBP0004,"immune response",GENE0833
GO:BP,GOBP0004,"immune response",GENE0400
GO:BP,GOBP0004,"immune response",GENE2262
GO:BP,GOBP0004,"immune response",GENE2369
GO:BP,GOBP0004,"immune response",GENE0365
GO:BP,GOBP0004,"immune response",GENE1692
GO:BP,GOBP0004,"immune response",GENE0793
GO:BP,GOBP0004,"immune response",GENE0132
GO:BP,GOBP0004,"immune response",GENE2950
GO:BP,GOBP0004,"immune response",GENE2802
GO:BP,GOBP0004,"immune response",GENE0525
GO:BP,GOBP0004,"immune response",GENE2970
GO:BP,GOBP0004,"immune response",GENE2318
GO:BP,GOBP0004,"immune response",GENE2452
GO:BP,GOBP0004,"immune response",GENE1630
GO:BP,GOBP0004,"immune response",GENE2617
GO:BP,GOBP0004,"immune response",GENE0686
GO:BP,GOBP0004,"immune response",GENE1667
GO:BP,GOBP0004,"immune response",GENE2477
GO:BP,GOBP0004,"immune response",GENE1235
GO:BP,GOBP0004,"immune response",GENE1257
GO:BP,GOBP0004,"immune response",GENE2265
GO:BP,GOBP0004,"immune response",GENE1168
GO:BP,GOBP0004,"immune response",GENE1210
GO:BP,GOBP0004,"immune response",GENE0887
GO:BP,GOBP0004,"immune response",GENE2421
GO:BP,GOBP0004,"immune response",GENE0875
GO:BP,GOBP0004,"immune response",GENE1248
GO:BP,GOBP0004,"immune response",GENE2739
GO:BP,GOBP0004,"immune response",GENE2123
GO:BP,GOBP0004,"immune response",GENE2966
GO:BP,GOBP0004,"immune response",GENE1203
GO:BP,GOBP0004,"immune response",GENE0654
GO:BP,GOBP0004,"immune response",GENE2589
GO:BP,GOBP0004,"immune response",GENE2441
GO:BP,GOBP0004,"immune response",GENE0820
GO:BP,GOBP0004,"immune response",GENE2652
GO:BP,GOBP0004,"immune response",GENE1025
GO:BP,GOBP0004,"immune response",GENE1671
GO:BP,GOBP0004,"immune response",GENE1470
GO:BP,GOBP0004,"immune response",GENE2407
GO:BP,GOBP0004,"immune response",GENE2581
GO:BP,GOBP0004,"immune response",GENE2207
GO:BP,GOBP0004,"immune response",GENE0354
GO:BP,GOBP0004,"immune response",GENE0362
GO:BP,GOBP0004,"immune response",GENE0032
GO:BP,GOBP0004,"immune response",GENE0898
GO:BP,GOBP0004,"immune response",GENE0715
GO:BP,GOBP0004,"immune response",GENE1895
GO:BP,GOBP0004,"immune response",GENE1479
GO:BP,GOBP0004,"immune response",GENE1950
GO:BP,GOBP0004,"immune response",GENE0558
GO:BP,GOBP0004,"immune response",GENE2292
GO:BP,GOBP0004,"immune response",GENE0487
GO:BP,GOBP0004,"immune response",GENE0436
GO:BP,GOBP0004,"immune response",GENE0080
GO:BP,GOBP0004,"immune response",GENE0983
GO:BP,GOBP0004,"immune response",GENE1419
GO:BP,GOBP0004,"immune response",GENE0599
GO:BP,GOBP0004,"immune response",GENE0972
GO:BP,GOBP0004,"immune response",GENE1618
GO:BP,GOBP0004,"immune response",GENE1222
GO:BP,GOBP0004,"immune response",GENE1204
GO:BP,GOBP0004,"immune response",GENE1307
GO:BP,GOBP0004,"immune response",GENE2174
GO:BP,GOBP0004,"immune response",GENE2657
GO:BP,GOBP0004,"immune response",GENE1215
GO:BP,GOBP0004,"immune response",GENE1474
GO:BP,GOBP0004,"immune response",GENE0736
GO:BP,GOBP0004,"immune response",GENE2992
GO:BP,GOBP0004,"immune response",GENE0042
GO:BP,GOBP0004,"immune response",GENE2963
GO:BP,GOBP0004,"immune response",GENE0177
GO:BP,GOBP0004,"immune response",GENE1786
GO:BP,GOBP0004,"immune response",GENE2202
GO:BP,GOBP0004,"immune response",GENE2128
GO:BP,GOBP0004,"immune response",GENE1614
GO:BP,GOBP0004,"immune response",GENE0410
GO:BP,GOBP0004,"immune response",GENE0219
GO:BP,GOBP0004,"immune response",GENE1056
GO:BP,GOBP0004,"immune response",GENE0568
GO:BP,GOBP0004,"immune response",GENE1579
GO:BP,GOBP0004,"immune response",GENE1902
GO:BP,GOBP0004,"immune response",GENE1583
GO:BP,GOBP0004,"immune response",GENE0884
GO:BP,GOBP0004,"immune response",GENE1556
GO:BP,GOBP0004,"immune response",GENE2232
GO:BP,GOBP0004,"immune response",GENE1521
GO:BP,GOBP0004,"immune response",GENE2268
GO:BP,GOBP0004,"immune response",GENE2170
GO:BP,GOBP0004,"immune response",GENE2476
GO:BP,GOBP0004,"immune response",GENE2023
GO:BP,GOBP0004,"immune response",GENE0700
GO:BP,GOBP0004,"immune response",GENE1408
GO:BP,GOBP0004,"immune response",GENE2451
GO:BP,GOBP0004,"immune response",GENE0583
GO:BP,GOBP0004,"immune response",GENE1664
GO:BP,GOBP0004,"immune response",GENE2967
GO:BP,GOBP0004,"immune response",GENE1162
GO:BP,GOBP0004,"immune response",GENE0100
GO:BP,GOBP0004,"immune response",GENE2988
GO:BP,GOBP0004,"immune response",GENE1751
GO:BP,GOBP0004,"immune response",GENE2646
GO:BP,GOBP0004,"immune response",GENE1238
GO:BP,GOBP0004,"immune response",GENE2787
GO:BP,GOBP0004,"immune response",GENE2717
GO:BP,GOBP0004,"immune response",GENE0304
GO:BP,GOBP0004,"immune response",GENE0969
GO:BP,GOBP0004,"immune response",GENE0950
GO:BP,GOBP0004,"immune response",GENE2499
GO:BP,GOBP0004,"immune response",GENE2647
GO:BP,GOBP0004,"immune response",GENE2093
GO:BP,GOBP0004,"immune response",GENE2936
GO:BP,GOBP0004,"immune response",GENE1099
GO:BP,GOBP0004,"immune response",GENE1133
GO:BP,GOBP0004,"immune response",GENE0111
GO:BP,GOBP0004,"immune response",GENE2276
GO:BP,GOBP0004,"immune response",GENE0176
GO:BP,GOBP0004,"immune response",GENE0674
GO:BP,GOBP0004,"immune response",GENE1681
GO:BP,GOBP0004,"immune response",GENE2063
GO:BP,GOBP0004,"immune response",GENE0885
GO:BP,GOBP0004,"immune response",GENE1392
GO:BP,GOBP0004,"immune response",GENE2486
GO:BP,GOBP0004,"immune response",GENE2938
GO:BP,GOBP0004,"immune response",GENE2828
GO:BP,GOBP0004,"immune response",GENE2186
GO:BP,GOBP0004,"immune response",GENE0800
GO:BP,GOBP0004,"immune response",GENE2049
GO:BP,GOBP0004,"immune response",GENE0424
GO:BP,GOBP0004,"immune response",GENE1448
GO:BP,GOBP0004,"immune response",GENE1066
GO:BP,GOBP0004,"immune response",GENE1769
GO:BP,GOBP0004,"immune response",GENE2562
GO:BP,GOBP0004,"immune response",GENE0906
GO:BP,GOBP0004,"immune response",GENE2533
GO:BP,GOBP0004,"immune response",GENE1863
GO:BP,GOBP0004,"immune response",GENE2312
GO:BP,GOBP0004,"immune response",GENE0891
GO:BP,GOBP0004,"immune response",GENE2710
GO:BP,GOBP0004,"immune response",GENE2289
GO:BP,GOBP0004,"immune response",GENE0685
GO:BP,GOBP0004,"immune response",GENE0346
GO:BP,GOBP0004,"immune response",GENE0235
GO:BP,GOBP0004,"immune response",GENE2413
GO:BP,GOBP0004,"immune response",GENE2033
GO:BP,GOBP0004,"immune response",GENE2366
GO:BP,GOBP0004,"immune response",GENE1887
GO:BP,GOBP0004,"immune response",GENE1589
GO:BP,GOBP0004,"immune response",GENE1703
GO:BP,GOBP0004,"immune response",GENE2001
GO:BP,GOBP0004,"immune response",GENE0930
GO:BP,GOBP0004,"immune response",GENE0278
GO:BP,GOBP0004,"immune response",GENE1389
GO:BP,GOBP0004,"immune response",GENE2443
GO:BP,GOBP0004,"immune response",GENE0971
GO:BP,GOBP0004,"immune response",GENE0315
GO:BP,GOBP0004,"immune response",GENE0348
GO:BP,GOBP0004,"immune response",GENE1943
GO:BP,GOBP0004,"immune response",GENE1906
GO:BP,GOBP0004,"immune response",GENE2444
GO:BP,GOBP0004,"immune response",GENE0632
GO:BP,GOBP0004,"immune response",GENE1456
GO:BP,GOBP0004,"immune response",GENE1500
GO:BP,GOBP0004,"immune response",GENE2440
GO:BP,GOBP0004,"immune response",GENE1010
GO:BP,GOBP0004,"immune response",GENE0355
GO:BP,GOBP0004,"immune response",GENE1557
GO:BP,GOBP0004,"immune response",GENE2491
GO:BP,GOBP0004,"immune response",GENE2094
GO:BP,GOBP0004,"immune response",GENE2408
GO:BP,GOBP0004,"immune response",GENE0098
GO:BP,GOBP0004,"immune response",GENE1931
GO:BP,GOBP0004,"immune response",GENE1660
GO:BP,GOBP0004,"immune response",GENE1808
GO:BP,GOBP0004,"immune response",GENE0328
GO:BP,GOBP0004,"immune response",GENE1035
GO:BP,GOBP0004,"immune response",GENE0554
GO:BP,GOBP0004,"immune response",GENE1907
GO:BP,GOBP0004,"immune response",GENE0060
GO:BP,GOBP0004,"immune response",GENE1658
GO:BP,GOBP0004,"immune response",GENE2649
GO:BP,GOBP0004,"immune response",GENE3000
GO:BP,GOBP0004,"immune response",GENE2308
GO:BP,GOBP0004,"immune response",GENE1623
GO:BP,GOBP0004,"immune response",GENE0212
GO:BP,GOBP0004,"immune response",GENE0610
GO:BP,GOBP0004,"immune response",GENE0751
GO:BP,GOBP0004,"immune response",GENE0246
GO:BP,GOBP0004,"immune response",GENE1989
GO:BP,GOBP0004,"immune response",GENE1723
GO:BP,GOBP0004,"immune response",GENE1353
GO:BP,GOBP0004,"immune response",GENE1363
GO:BP,GOBP0004,"immune response",GENE2428
GO:BP,GOBP0004,"immune response",GENE1001
GO:BP,GOBP0004,"immune response",GENE1165
GO:BP,GOBP0004,"immune response",GENE1935
GO:BP,GOBP0004,"immune response",GENE2720
GO:BP,GOBP0004,"immune response",GENE2160
GO:BP,GOBP0005,"angiogenesis",GENE0715
GO:BP,GOBP0005,"angiogenesis",GENE2253
GO:BP,GOBP0005,"angiogenesis",GENE1652
GO:BP,GOBP0005,"angiogenesis",GENE0220
GO:BP,GOBP0005,"angiogenesis",GENE2185
GO:BP,GOBP0005,"angiogenesis",GENE2680
GO:BP,GOBP0005,"angiogenesis",GENE0482
GO:BP,GOBP0005,"angiogenesis",GENE0340
GO:BP,GOBP0005,"angiogenesis",GENE0208
GO:BP,GOBP0005,"angiogenesis",GENE2804
GO:BP,GOBP0005,"angiogenesis",GENE1372
GO:BP,GOBP0005,"angiogenesis",GENE0673
GO:BP,GOBP0005,"angiogenesis",GENE1923
GO:BP,GOBP0005,"angiogenesis",GENE0652
GO:BP,GOBP0005,"angiogenesis",GENE1782
GO:BP,GOBP0005,"angiogenesis",GENE1408
GO:BP,GOBP0005,"angiogenesis",GENE0333
GO:BP,GOBP0005,"angiogenesis",GENE2761
GO:BP,GOBP0005,"angiogenesis",GENE1995
GO:BP,GOBP0005,"angiogenesis",GENE0735
GO:BP,GOBP0005,"angiogenesis",GENE1024
GO:BP,GOBP0005,"angiogenesis",GENE1939
GO:BP,GOBP0005,"angiogenesis",GENE1163
GO:BP,GOBP0005,"angiogenesis",GENE2563
GO:BP,GOBP0005,"angiogenesis",GENE0326
GO:BP,GOBP0005,"angiogenesis",GENE1944
GO:BP,GOBP0005,"angiogenesis",GENE0707
GO:BP,GOBP0005,"angiogenesis",GENE2193
GO:BP,GOBP0005,"angiogenesis",GENE0589
GO:BP,GOBP0005,"angiogenesis",GENE0371
GO:BP,GOBP0005,"angiogenesis",GENE1643
GO:BP,GOBP0005,"angiogenesis",GENE1133
GO:BP,GOBP0005,"angiogenesis",GENE2677
GO:BP,GOBP0005,"angiogenesis",GENE0770
GO:BP,GOBP0005,"angiogenesis",GENE0894
GO:BP,GOBP0005,"angiogenesis",GENE1420
GO:BP,GOBP0005,"angiogenesis",GENE1080
GO:BP,GOBP0005,"angiogenesis",GENE1818
GO:BP,GOBP0005,"angiogenesis",GENE1433
GO:BP,GOBP0005,"angiogenesis",GENE0824
GO:BP,GOBP0005,"angiogenesis",CCND1
GO:BP,GOBP0005,"angiogenesis",GENE0919
GO:BP,GOBP0005,"angiogenesis",GENE0968
GO:BP,GOBP0005,"angiogenesis",GENE1417
GO:BP,GOBP0005,"angiogenesis",GENE2780
GO:BP,GOBP0005,"angiogenesis",GENE1279
GO:BP,GOBP0005,"angiogenesis",GENE1804
GO:BP,GOBP0005,"angiogenesis",GENE2311
GO:BP,GOBP0005,"angiogenesis",GENE0974
GO:BP,GOBP0005,"angiogenesis",GENE1167
GO:BP,GOBP0005,"angiogenesis",GENE0729
GO:BP,GOBP0005,"angiogenesis",GENE0596
GO:BP,GOBP0005,"angiogenesis",GENE0343
GO:BP,GOBP0005,"angiogenesis",GENE2740
GO:BP,GOBP0005,"angiogenesis",GENE2425
GO:BP,GOBP0005,"angiogenesis",GENE0917
GO:BP,GOBP0005,"angiogenesis",GENE2573
GO:BP,GOBP0005,"angiogenesis",GENE2312
GO:BP,GOBP0005,"angiogenesis",GENE1583
GO:BP,GOBP0005,"angiogenesis",GENE1510
GO:BP,GOBP0005,"angiogenesis",GENE1575
GO:BP,GOBP0005,"angiogenesis",GENE2884
GO:BP,GOBP0005,"angiogenesis",GENE0279
GO:BP,GOBP0005,"angiogenesis",GENE0528
GO:BP,GOBP0005,"angiogenesis",GAPDH
GO:BP,GOBP0005,"angiogenesis",GENE0440
GO:BP,GOBP0005,"angiogenesis",GENE0245
GO:BP,GOBP0005,"angiogenesis",GENE2857
GO:BP,GOBP0005,"angiogenesis",GENE1896
GO:BP,GOBP0005,"angiogenesis",GENE0957
GO:BP,GOBP0005,"angiogenesis",GENE1597
GO:BP,GOBP0005,"angiogenesis",GENE2125
GO:BP,GOBP0005,"angiogenesis",GENE2881
GO:BP,GOBP0005,"angiogenesis",GENE1740
GO:BP,GOBP0005,"angiogenesis",GENE2339
GO:BP,GOBP0005,"angiogenesis",GENE2883
GO:BP,GOBP0005,"angiogenesis",GENE0751
GO:BP,GOBP0005,"angiogenesis",GENE2833
GO:BP,GOBP0005,"angiogenesis",GENE0361
GO:BP,GOBP0005,"angiogenesis",GENE0809
GO:BP,GOBP0005,"angiogenesis",GENE1956
GO:BP,GOBP0005,"angiogenesis",GENE0961
GO:BP,GOBP0005,"angiogenesis",GENE2928
GO:BP,GOBP0005,"angiogenesis",GENE2357
GO:BP,GOBP0005,"angiogenesis",GENE1783
GO:BP,GOBP0005,"angiogenesis",GENE2471
GO:BP,GOBP0005,"angiogenesis",GENE1552
GO:BP,GOBP0005,"angiogenesis",GENE1266
GO:BP,GOBP0005,"angiogenesis",GENE1362
GO:BP,GOBP0005,"angiogenesis",GENE1567
GO:BP,GOBP0005,"angiogenesis",GENE0722
GO:BP,GOBP0005,"angiogenesis",GENE1055
GO:BP,GOBP0005,"angiogenesis",GENE2372
GO:BP,GOBP0005,"angiogenesis",GENE1573
GO:BP,GOBP0005,"angiogenesis",GENE0193
GO:BP,GOBP0005,"angiogenesis",GENE2397
GO:BP,GOBP0005,"angiogenesis",GENE0599
GO:BP,GOBP0005,"angiogenesis",GENE1115
GO:BP,GOBP0005,"angiogenesis",GENE1453
GO:BP,GOBP0005,"angiogenesis",GENE1647
GO:BP,GOBP0005,"angiogenesis",GENE0462
GO:BP,GOBP0005,"angiogenesis",GENE0633
GO:BP,GOBP0005,"angiogenesis",GENE2823
GO:BP,GOBP0005,"angiogenesis",GENE0127
GO:BP,GOBP0005,"angiogenesis",GENE2481
GO:BP,GOBP0005,"angiogenesis",GENE2629
GO:BP,GOBP0005,"angiogenesis",GENE2792
GO:BP,GOBP0005,"angiogenesis",GENE2600
GO:BP,GOBP0005,"angiogenesis",GENE0631
GO:BP,GOBP0005,"angiogenesis",GENE2617
GO:BP,GOBP0005,"angiogenesis",GENE1150
GO:BP,GOBP0005,"angiogenesis",GENE2168
GO:BP,GOBP0005,"angiogenesis",GENE1168
GO:BP,GOBP0005,"angiogenesis",GENE1211
GO:BP,GOBP0005,"angiogenesis",GENE1916
GO:BP,GOBP0005,"angiogenesis",GENE0619
GO:BP,GOBP0005,"angiogenesis",GENE2321
GO:BP,GOBP0005,"angiogenesis",GENE2461
GO:BP,GOBP0005,"angiogenesis",GENE0958
GO:BP,GOBP0005,"angiogenesis",GENE1848
GO:BP,GOBP0005,"angiogenesis",GENE0063
GO:BP,GOBP0005,"angiogenesis",GENE2657
GO:BP,GOBP0005,"angiogenesis",GENE0614
GO:BP,GOBP0005,"angiogenesis",GENE2149
GO:BP,GOBP0005,"angiogenesis",GENE0979
GO:BP,GOBP0005,"angiogenesis",GENE2781
GO:BP,GOBP0005,"angiogenesis",GENE2033
GO:BP,GOBP0005,"angiogenesis",GENE1257
GO:BP,GOBP0005,"angiogenesis",GENE2132
GO:BP,GOBP0005,"angiogenesis",GENE0312
GO:BP,GOBP0005,"angiogenesis",GENE1833
GO:BP,GOBP0005,"angiogenesis",GENE1370
GO:BP,GOBP0005,"angiogenesis",GENE2908
GO:BP,GOBP0005,"angiogenesis",GENE0121
GO:BP,GOBP0005,"angiogenesis",GENE1865
GO:BP,GOBP0005,"angiogenesis",GENE0119
GO:BP,GOBP0005,"angiogenesis",GENE0393
GO:BP,GOBP0005,"angiogenesis",GENE2318
GO:BP,GOBP0005,"angiogenesis",GENE1624
GO:BP,GOBP0005,"angiogenesis",GENE2267
GO:BP,GOBP0005,"angiogenesis",GENE1376
GO:BP,GOBP0005,"angiogenesis",GENE2893
GO:BP,GOBP0005,"angiogenesis",GENE2078
GO:BP,GOBP0005,"angiogenesis",GENE0247
GO:BP,GOBP0005,"angiogenesis",GENE0728
GO:BP,GOBP0005,"angiogenesis",GENE2559
GO:BP,GOBP0005,"angiogenesis",GENE0176
GO:BP,GOBP0005,"angiogenesis",GENE2863
GO:BP,GOBP0005,"angiogenesis",GENE1672
GO:BP,GOBP0005,"angiogenesis",GENE1042
GO:BP,GOBP0005,"angiogenesis",GENE2252
GO:BP,GOBP0005,"angiogenesis",GENE2353
GO:BP,GOBP0005,"angiogenesis",GENE2141
GO:BP,GOBP0005,"angiogenesis",GENE0710
GO:BP,GOBP0005,"angiogenesis",GENE0726
GO:BP,GOBP0005,"angiogenesis",GENE2122
GO:BP,GOBP0005,"angiogenesis",GENE0395
GO:BP,GOBP0005,"angiogenesis",GENE2294
GO:BP,GOBP0005,"angiogenesis",GENE1531
GO:BP,GOBP0005,"angiogenesis",GENE0099
GO:BP,GOBP0005,"angiogenesis",GENE2653
GO:BP,GOBP0005,"angiogenesis",GENE2797
GO:BP,GOBP0005,"angiogenesis",GENE1284
GO:BP,GOBP0005,"angiogenesis",GENE1761
GO:BP,GOBP0005,"angiogenesis",GENE1492
GO:BP,GOBP0005,"angiogenesis",GENE2148
GO:BP,GOBP0005,"angiogenesis",GENE2069
GO:BP,GOBP0005,"angiogenesis",GENE1825
GO:BP,GOBP0005,"angiogenesis",GENE0666
GO:BP,GOBP0005,"angiogenesis",GENE0688
GO:BP,GOBP0005,"angiogenesis",GENE0980
GO:BP,GOBP0005,"angiogenesis",GENE1623
GO:BP,GOBP0005,"angiogenesis",GENE0888
GO:BP,GOBP0005,"angiogenesis",GENE1272
GO:BP,GOBP0005,"angiogenesis",GENE0899
GO:BP,GOBP0005,"angiogenesis",GENE0132
GO:BP,GOBP0005,"angiogenesis",GENE0254
GO:BP,GOBP0005,"angiogenesis",GENE2102
GO:BP,GOBP0005,"angiogenesis",GENE2668
GO:BP,GOBP0005,"angiogenesis",GENE1246
GO:BP,GOBP0005,"angiogenesis",GENE2179
GO:BP,GOBP0005,"angiogenesis",GENE0166
GO:BP,GOBP0005,"angiogenesis",GENE2218
GO:BP,GOBP0005,"angiogenesis",GENE1425
GO:BP,GOBP0005,"angiogenesis",GENE0747
GO:BP,GOBP0005,"angiogenesis",GENE2966
GO:BP,GOBP0005,"angiogenesis",GENE2410
GO:BP,GOBP0005,"angiogenesis",GENE2331
GO:BP,GOBP0005,"angiogenesis",GENE2693
GO:BP,GOBP0005,"angiogenesis",GENE0804
GO:BP,GOBP0005,"angiogenesis",GENE1122
GO:BP,GOBP0005,"angiogenesis",GENE1121
GO:BP,GOBP0005,"angiogenesis",GENE2921
GO:BP,GOBP0005,"angiogenesis",GENE1068
GO:BP,GOBP0005,"angiogenesis",GENE0267
GO:BP,GOBP0005,"angiogenesis",GENE0061
GO:BP,GOBP0005,"angiogenesis",GENE1431
GO:BP,GOBP0005,"angiogenesis",GENE1088
GO:BP,GOBP0005,"angiogenesis",GENE0419
GO:BP,GOBP0005,"angiogenesis",GENE1023
GO:BP,GOBP0005,"angiogenesis",GENE0266
GO:BP,GOBP0005,"angiogenesis",GENE1958
GO:BP,GOBP0005,"angiogenesis",GENE1282
GO:BP,GOBP0005,"angiogenesis",GENE2756
GO:BP,GOBP0005,"angiogenesis",GENE2351
GO:BP,GOBP0005,"angiogenesis",GENE2793
GO:BP,GOBP0005,"angiogenesis",GENE2184
GO:BP,GOBP0005,"angiogenesis",GENE0611
GO:BP,GOBP0006,"DNA repair",GENE0066
GO:BP,GOBP0006,"DNA repair",GENE2820
GO:BP,GOBP0006,"DNA repair",GENE1222
GO:BP,GOBP0006,"DNA repair",GENE2931
GO:BP,GOBP0006,"DNA repair",CCND1
GO:BP,GOBP0006,"DNA repair",GENE2873
GO:BP,GOBP0006,"DNA repair",GENE2310
GO:BP,GOBP0006,"DNA repair",GENE0771
GO:BP,GOBP0006,"DNA repair",GENE0571
GO:BP,GOBP0006,"DNA repair",GENE0803
GO:BP,GOBP0006,"DNA repair",GENE0353
GO:BP,GOBP0006,"DNA repair",GENE1935
GO:BP,GOBP0006,"DNA repair",GENE0401
GO:BP,GOBP0006,"DNA repair",GENE0899
GO:BP,GOBP0006,"DNA repair",GENE1167
GO:BP,GOBP0006,"DNA repair",GENE0612
GO:BP,GOBP0006,"DNA repair",GENE1533
GO:BP,GOBP0006,"DNA repair",GENE0854
GO:BP,GOBP0006,"DNA repair",GENE1353
GO:BP,GOBP0006,"DNA repair",GENE0190
GO:BP,GOBP0006,"DNA repair",GENE0698
GO:BP,GOBP0006,"DNA repair",GENE2930
GO:BP,GOBP0006,"DNA repair",GENE0199
GO:BP,GOBP0006,"DNA repair",GENE1531
GO:BP,GOBP0006,"DNA repair",GENE1771
GO:BP,GOBP0006,"DNA repair",GENE1393
GO:BP,GOBP0006,"DNA repair",GENE1163
GO:BP,GOBP0006,"DNA repair",GENE0894
GO:BP,GOBP0006,"DNA repair",GENE0249
GO:BP,GOBP0006,"DNA repair",GENE1392
GO:BP,GOBP0006,"DNA repair",GENE0909
GO:BP,GOBP0006,"DNA repair",GENE2516
GO:BP,GOBP0006,"DNA repair",GENE1352
GO:BP,GOBP0006,"DNA repair",GENE2804
GO:BP,GOBP0006,"DNA repair",GENE2484
GO:BP,GOBP0006,"DNA repair",GENE0774
GO:BP,GOBP0006,"DNA repair",GENE2033
GO:BP,GOBP0006,"DNA repair",GENE2563
GO:BP,GOBP0006,"DNA repair",GENE2718
GO:BP,GOBP0006,"DNA repair",GENE1004
GO:BP,GOBP0006,"DNA repair",GENE0984
GO:BP,GOBP0006,"DNA repair",GENE0672
GO:BP,GOBP0006,"DNA repair",GENE2594
GO:BP,GOBP0006,"DNA repair",GENE1145
GO:BP,GOBP0006,"DNA repair",GENE1417
GO:BP,GOBP0006,"DNA repair",GENE0735
GO:BP,GOBP0006,"DNA repair",GENE2847
GO:BP,GOBP0006,"DNA repair",GENE1621
GO:BP,GOBP0006,"DNA repair",GENE0873
GO:BP,GOBP0006,"DNA repair",GENE0055
GO:BP,GOBP0006,"DNA repair",GENE1620
GO:BP,GOBP0006,"DNA repair",GENE0547
GO:BP,GOBP0006,"DNA repair",GENE1558
GO:BP,GOBP0006,"DNA repair",GENE1684
GO:BP,GOBP0006,"DNA repair",GENE1161
GO:BP,GOBP0006,"DNA repair",GENE2765
GO:BP,GOBP0006,"DNA repair",GENE2579
GO:BP,GOBP0006,"DNA repair",GENE1488
GO:BP,GOBP0006,"DNA repair",GENE0215
GO:BP,GOBP0006,"DNA repair",GENE2140
GO:BP,GOBP0006,"DNA repair",GENE1833
GO:BP,GOBP0006,"DNA repair",GENE0209
GO:BP,GOBP0006,"DNA repair",GENE2462
GO:BP,GOBP0006,"DNA repair",GENE0490
GO:BP,GOBP0006,"DNA repair",GENE1660
GO:BP,GOBP0006,"DNA repair",GENE2163
GO:BP,GOBP0006,"DNA repair",CXCL10
GO:BP,GOBP0006,"DNA repair",GENE2094
GO:BP,GOBP0006,"DNA repair",GENE1288
GO:BP,GOBP0006,"DNA repair",GENE2575
GO:BP,GOBP0006,"DNA repair",GENE0781
GO:BP,GOBP0006,"DNA repair",GENE0918
GO:BP,GOBP0006,"DNA repair",GENE1749
GO:BP,GOBP0006,"DNA repair",GENE2779
GO:BP,GOBP0006,"DNA repair",GENE2749
GO:BP,GOBP0006,"DNA repair",GENE2964
GO:BP,GOBP0006,"DNA repair",GENE2940
GO:BP,GOBP0006,"DNA repair",GENE1356
GO:BP,GOBP0006,"DNA repair",GENE1502
GO:BP,GOBP0006,"DNA repair",GENE2213
GO:BP,GOBP0006,"DNA repair",GENE1674
GO:BP,GOBP0006,"DNA repair",GENE1512
GO:BP,GOBP0006,"DNA repair",GENE1193
GO:BP,GOBP0006,"DNA repair",GENE1105
GO:BP,GOBP0006,"DNA repair",GENE1425
GO:BP,GOBP0006,"DNA repair",GENE1422
GO:BP,GOBP0006,"DNA repair",GENE2693
GO:BP,GOBP0006,"DNA repair",GENE2465
GO:BP,GOBP0006,"DNA repair",GENE2216
GO:BP,GOBP0006,"DNA repair",GENE2546
GO:BP,GOBP0006,"DNA repair",GENE1169
GO:BP,GOBP0006,"DNA repair",GENE0269
GO:BP,GOBP0006,"DNA repair",GENE1057
GO:BP,GOBP0006,"DNA repair",KRAS
GO:BP,GOBP0006,"DNA repair",GENE2653
GO:BP,GOBP0006,"DNA repair",GENE0134
GO:BP,GOBP0006,"DNA repair",GENE2875
GO:BP,GOBP0006,"DNA repair",GENE1887
GO:BP,GOBP0006,"DNA repair",GENE1844
GO:BP,GOBP0006,"DNA repair",GENE2502
GO:BP,GOBP0006,"DNA repair",GENE1184
GO:BP,GOBP0006,"DNA repair",GENE1424
GO:BP,GOBP0006,"DNA repair",GENE2978
GO:BP,GOBP0006,"DNA repair",GENE2641
GO:BP,GOBP0006,"DNA repair",GENE0910
GO:BP,GOBP0006,"DNA repair",GENE1988
GO:BP,GOBP0006,"DNA repair",GENE1498
GO:BP,GOBP0006,"DNA repair",GENE2944
GO:BP,GOBP0006,"DNA repair",GENE2171
GO:BP,GOBP0006,"DNA repair",GENE2679
GO:BP,GOBP0006,"DNA repair",GENE2906
GO:BP,GOBP0006,"DNA repair",GENE0169
GO:BP,GOBP0006,"DNA repair",GENE2879
GO:BP,GOBP0006,"DNA repair",GENE0127
GO:BP,GOBP0006,"DNA repair",GENE1665
GO:BP,GOBP0006,"DNA repair",GENE1647
GO:BP,GOBP0006,"DNA repair",GENE1101
GO:BP,GOBP0006,"DNA repair",GENE2455
GO:BP,GOBP0006,"DNA repair",GENE1628
GO:BP,GOBP0006,"DNA repair",GENE1091
GO:BP,GOBP0006,"DNA repair",GENE2983
GO:BP,GOBP0006,"DNA repair",GENE2869
GO:BP,GOBP0006,"DNA repair",GENE2436
GO:BP,GOBP0006,"DNA repair",GENE0365
GO:BP,GOBP0006,"DNA repair",GENE2990
GO:BP,GOBP0006,"DNA repair",GENE0928
GO:BP,GOBP0006,"DNA repair",GENE1658
GO:BP,GOBP0006,"DNA repair",GENE1675
GO:BP,GOBP0006,"DNA repair",GENE0955
GO:BP,GOBP0006,"DNA repair",GENE1235
GO:BP,GOBP0006,"DNA repair",GENE2522
GO:BP,GOBP0006,"DNA repair",GENE2269
GO:BP,GOBP0006,"DNA repair",GENE2646
GO:BP,GOBP0006,"DNA repair",GENE2126
GO:BP,GOBP0006,"DNA repair",NFKB1
GO:BP,GOBP0006,"DNA repair",GENE2989
GO:BP,GOBP0006,"DNA repair",GENE1552
GO:BP,GOBP0006,"DNA repair",GENE1127
GO:BP,GOBP0006,"DNA repair",GENE1588
GO:BP,GOBP0006,"DNA repair",GENE0257
GO:BP,GOBP0006,"DNA repair",GENE2551
GO:BP,GOBP0006,"DNA repair",GENE0669
GO:BP,GOBP0006,"DNA repair",GENE2168
GO:BP,GOBP0006,"DNA repair",GENE0110
GO:BP,GOBP0006,"DNA repair",GENE0525
GO:BP,GOBP0006,"DNA repair",GENE0319
GO:BP,GOBP0006,"DNA repair",GENE2699
GO:BP,GOBP0006,"DNA repair",GENE1277
GO:BP,GOBP0006,"DNA repair",GENE1779
GO:BP,GOBP0006,"DNA repair",GENE2794
GO:BP,GOBP0006,"DNA repair",GENE1872
GO:BP,GOBP0006,"DNA repair",GENE2441
GO:BP,GOBP0006,"DNA repair",GENE1260
GO:BP,GOBP0006,"DNA repair",GENE0243
GO:BP,GOBP0006,"DNA repair",GENE2242
GO:BP,GOBP0006,"DNA repair",GENE1430
GO:BP,GOBP0006,"DNA repair",GENE1447
GO:BP,GOBP0006,"DNA repair",GENE2611
GO:BP,GOBP0006,"DNA repair",GENE2138
GO:BP,GOBP0006,"DNA repair",GENE1331
GO:BP,GOBP0006,"DNA repair",GENE2712
GO:BP,GOBP0006,"DNA repair",GENE0562
GO:BP,GOBP0006,"DNA repair",GENE1571
GO:BP,GOBP0006,"DNA repair",GENE0261
GO:BP,GOBP0006,"DNA repair",GENE2283
GO:BP,GOBP0006,"DNA repair",GENE2842
GO:BP,GOBP0006,"DNA repair",GENE0229
GO:BP,GOBP0006,"DNA repair",GENE0434
GO:BP,GOBP0006,"DNA repair",GENE1669
GO:BP,GOBP0006,"DNA repair",GENE0531
GO:BP,GOBP0006,"DNA repair",GENE1904
GO:BP,GOBP0006,"DNA repair",GENE0697
GO:BP,GOBP0006,"DNA repair",GENE0037
GO:BP,GOBP0006,"DNA repair",GENE1928
GO:BP,GOBP0006,"DNA repair",GENE0489
GO:BP,GOBP0006,"DNA repair",GENE2892
GO:BP,GOBP0006,"DNA repair",GENE1652
GO:BP,GOBP0006,"DNA repair",GENE2844
GO:BP,GOBP0006,"DNA repair",GENE0133
GO:BP,GOBP0006,"DNA repair",GENE0569
GO:BP,GOBP0006,"DNA repair",GENE2490
GO:BP,GOBP0006,"DNA repair",GENE2554
GO:BP,GOBP0006,"DNA repair",GENE2565
GO:BP,GOBP0006,"DNA repair",GENE2001
GO:BP,GOBP0006,"DNA repair",GENE2792
GO:BP,GOBP0006,"DNA repair",GENE1426
GO:BP,GOBP0006,"DNA repair",GENE2962
GO:BP,GOBP0006,"DNA repair",GENE1223
GO:BP,GOBP0006,"DNA repair",GENE0198
GO:BP,GOBP0006,"DNA repair",GENE1476
GO:BP,GOBP0006,"DNA repair",GENE1116
GO:BP,GOBP0006,"DNA repair",GENE2480
GO:BP,GOBP0006,"DNA repair",GENE2692
GO:BP,GOBP0006,"DNA repair",GENE2981
GO:BP,GOBP0006,"DNA repair",GENE1870
GO:BP,GOBP0006,"DNA repair",GENE0232
GO:BP,GOBP0006,"DNA repair",GENE1115
GO:BP,GOBP0006,"DNA repair",GENE0369
GO:BP,GOBP0006,"DNA repair",GENE1017
GO:BP,GOBP0006,"DNA repair",GENE0649
GO:BP,GOBP0006,"DNA repair",GENE2156
GO:BP,GOBP0006,"DNA repair",GENE0308
GO:BP,GOBP0006,"DNA repair",GENE1218
GO:BP,GOBP0006,"DNA repair",GENE2929
GO:BP,GOBP0006,"DNA repair",GENE1995
GO:BP,GOBP0006,"DNA repair",GENE0354
GO:BP,GOBP0006,"DNA repair",GENE1406
GO:BP,GOBP0006,"DNA repair",GENE0083
GO:BP,GOBP0006,"DNA repair",GENE0105
GO:BP,GOBP0006,"DNA repair",GENE1549
GO:BP,GOBP0006,"DNA repair",GENE2829
GO:BP,GOBP0006,"DNA repair",GENE0433
GO:BP,GOBP0006,"DNA repair",GENE0100
GO:BP,GOBP0006,"DNA repair",GENE1765
GO:BP,GOBP0006,"DNA repair",GENE2011
GO:BP,GOBP0006,"DNA repair",GENE0728
GO:BP,GOBP0006,"DNA repair",GENE0609
GO:BP,GOBP0006,"DNA repair",GENE2130
GO:BP,GOBP0006,"DNA repair",GENE0715
GO:BP,GOBP0006,"DNA repair",GENE0196
GO:BP,GOBP0006,"DNA repair",GENE0487
GO:BP,GOBP0006,"DNA repair",GENE1312
GO:BP,GOBP0006,"DNA repair",GENE2630
GO:BP,GOBP0006,"DNA repair",GENE2029
GO:BP,GOBP0006,"DNA repair",GENE2880
GO:BP,GOBP0006,"DNA repair",GENE0806
GO:BP,GOBP0006,"DNA repair",GENE0048
GO:BP,GOBP0006,"DNA repair",GENE0838
GO:BP,GOBP0006,"DNA repair",GENE1262
GO:BP,GOBP0006,"DNA repair",GENE2995
GO:BP,GOBP0006,"DNA repair",GENE2035
GO:BP,GOBP0006,"DNA repair",GENE2881
GO:BP,GOBP0006,"DNA repair",GENE1357
GO:BP,GOBP0006,"DNA repair",GENE1215
GO:BP,GOBP0006,"DNA repair",GENE2338
GO:BP,GOBP0006,"DNA repair",GENE1391
GO:BP,GOBP0006,"DNA repair",GENE0287
GO:BP,GOBP0006,"DNA repair",GENE0787
GO:BP,GOBP0006,"DNA repair",GENE2186
GO:BP,GOBP0006,"DNA repair",GENE0834
GO:BP,GOBP0006,"DNA repair",GENE2046
GO:BP,GOBP0006,"DNA repair",GENE2368
GO:BP,GOBP0006,"DNA repair",GENE0305
GO:BP,GOBP0006,"DNA repair",GENE2198
GO:BP,GOBP0006,"DNA repair",GENE0351
GO:BP,GOBP0006,"DNA repair",GENE2711
GO:BP,GOBP0006,"DNA repair",GENE2076
GO:BP,GOBP0006,"DNA repair",GENE2976
GO:BP,GOBP0006,"DNA repair",GENE1443
GO:BP,GOBP0006,"DNA repair",GENE2651
GO:BP,GOBP0006,"DNA repair",GENE2982
GO:BP,GOBP0006,"DNA repair",GENE2144
GO:BP,GOBP0006,"DNA repair",GENE2255
GO:BP,GOBP0006,"DNA repair",GENE2039
GO:BP,GOBP0006,"DNA repair",GENE1133
GO:BP,GOBP0006,"DNA repair",GENE0942
GO:BP,GOBP0006,"DNA repair",GENE0557
GO:BP,GOBP0006,"DNA repair",GENE2552
GO:BP,GOBP0006,"DNA repair",GENE0839
GO:BP,GOBP0006,"DNA repair",GENE0723
GO:BP,GOBP0006,"DNA repair",GENE0300
GO:BP,GOBP0006,"DNA repair",GENE0381
GO:BP,GOBP0006,"DNA repair",GENE2485
GO:BP,GOBP0006,"DNA repair",GENE1805
GO:BP,GOBP0006,"DNA repair",GENE0139
GO:BP,GOBP0006,"DNA repair",GENE0900
GO:BP,GOBP0006,"DNA repair",GENE0954
GO:BP,GOBP0006,"DNA repair",GENE0370
GO:BP,GOBP0006,"DNA repair",GENE1206
GO:BP,GOBP0006,"DNA repair",GENE2704
GO:BP,GOBP0006,"DNA repair",GENE1503
GO:BP,GOBP0006,"DNA repair",GENE0464
GO:BP,GOBP0006,"DNA repair",GENE0736
GO:BP,GOBP0006,"DNA repair",GENE0986
GO:BP,GOBP0006,"DNA repair",GENE2876
GO:BP,GOBP0006,"DNA repair",GENE0072
GO:BP,GOBP0006,"DNA repair",GENE0277
GO:BP,GOBP0006,"DNA repair",GENE1739
GO:BP,GOBP0006,"DNA repair",GENE2724
GO:BP,GOBP0006,"DNA repair",GENE1582
GO:BP,GOBP0006,"DNA repair",GENE1126
GO:BP,GOBP0006,"DNA repair",GENE1066
GO:BP,GOBP0006,"DNA repair",GENE1181
GO:BP,GOBP0006,"DNA repair",GENE1788
GO:BP,GOBP0006,"DNA repair",GENE2916
GO:BP,GOBP0006,"DNA repair",GENE2932
GO:BP,GOBP0006,"DNA repair",GENE1614
GO:BP,GOBP0006,"DNA repair",GENE0952
GO:BP,GOBP0007,"T cell activation",GENE2853
GO:BP,GOBP0007,"T cell activation",GENE2185
GO:BP,GOBP0007,"T cell activation",GENE2563
GO:BP,GOBP0007,"T cell activation",GENE1657
GO:BP,GOBP0007,"T cell activation",GENE1375
GO:BP,GOBP0007,"T cell activation",GENE0673
GO:BP,GOBP0007,"T cell activation",GENE0923
GO:BP,GOBP0007,"T cell activation",GENE1368
GO:BP,GOBP0007,"T cell activation",GENE2607
GO:BP,GOBP0007,"T cell activation",GENE1795
GO:BP,GOBP0007,"T cell activation",GENE2344
GO:BP,GOBP0007,"T cell activation",GENE1530
GO:BP,GOBP0007,"T cell activation",GENE2233
GO:BP,GOBP0007,"T cell activation",GENE2690
GO:BP,GOBP0007,"T cell activation",GENE0665
GO:BP,GOBP0007,"T cell activation",GENE2375
GO:BP,GOBP0007,"T cell activation",GENE2779
GO:BP,GOBP0007,"T cell activation",GENE2577
GO:BP,GOBP0007,"T cell activation",GENE0831
GO:BP,GOBP0007,"T cell activation",GENE0031
GO:BP,GOBP0007,"T cell activation",GENE1436
GO:BP,GOBP0007,"T cell activation",GENE0988
GO:BP,GOBP0007,"T cell activation",GENE2467
GO:BP,GOBP0007,"T cell activation",GENE0055
GO:BP,GOBP0007,"T cell activation",GENE2578
GO:BP,GOBP0007,"T cell activation",GENE2581
GO:BP,GOBP0007,"T cell activation",GENE2299
GO:BP,GOBP0007,"T cell activation",GENE2860
GO:BP,GOBP0007,"T cell activation",GENE0464
GO:BP,GOBP0007,"T cell activation",GENE0459
GO:BP,GOBP0007,"T cell activation",GENE2982
GO:BP,GOBP0007,"T cell activation",GENE0928
GO:BP,GOBP0007,"T cell activation",GENE0496
GO:BP,GOBP0007,"T cell activation",GENE1405
GO:BP,GOBP0007,"T cell activation",GENE1369
GO:BP,GOBP0007,"T cell activation",GENE2460
GO:BP,GOBP0007,"T cell activation",GENE2036
GO:BP,GOBP0007,"T cell activation",GENE0671
GO:BP,GOBP0007,"T cell activation",GENE0339
GO:BP,GOBP0007,"T cell activation",GENE2186
GO:BP,GOBP0007,"T cell activation",GENE0265
GO:BP,GOBP0007,"T cell activation",GENE0421
GO:BP,GOBP0007,"T cell activation",GENE1472
GO:BP,GOBP0007,"T cell activation",GENE1251
GO:BP,GOBP0007,"T cell activation",GENE0476
GO:BP,GOBP0007,"T cell activation",GENE0437
GO:BP,GOBP0007,"T cell activation",GENE0812
GO:BP,GOBP0007,"T cell activation",GENE1256
GO:BP,GOBP0007,"T cell activation",GENE0199
GO:BP,GOBP0007,"T cell activation",GENE1296
GO:BP,GOBP0007,"T cell activation",GENE2026
GO:BP,GOBP0007,"T cell activation",GENE2479
GO:BP,GOBP0007,"T cell activation",GENE1824
GO:BP,GOBP0007,"T cell activation",GENE1346
GO:BP,GOBP0007,"T cell activation",GENE2332
GO:BP,GOBP0007,"T cell activation",GENE1508
GO:BP,GOBP0007,"T cell activation",GENE2389
GO:BP,GOBP0007,"T cell activation",GENE2659
GO:BP,GOBP0007,"T cell activation",GENE2464
GO:BP,GOBP0007,"T cell activation",GENE1145
GO:BP,GOBP0007,"T cell activation",GENE2200
GO:BP,GOBP0007,"T cell activation",GENE0454
GO:BP,GOBP0007,"T cell activation",GENE2789
GO:BP,GOBP0007,"T cell activation",GENE2203
GO:BP,GOBP0007,"T cell activation",GENE1629
GO:BP,GOBP0007,"T cell activation",GENE0809
GO:BP,GOBP0007,"T cell activation",GENE1377
GO:BP,GOBP0007,"T cell activation",GENE1862
GO:BP,GOBP0007,"T cell activation",GENE2509
GO:BP,GOBP0007,"T cell activation",GENE2694
GO:BP,GOBP0007,"T cell activation",GENE0603
GO:BP,GOBP0007,"T cell activation",GENE2069
GO:BP,GOBP0007,"T cell activation",GENE1996
GO:BP,GOBP0007,"T cell activation",GENE0627
GO:BP,GOBP0007,"T cell activation",GENE0140
GO:BP,GOBP0007,"T cell activation",GENE1041
GO:BP,GOBP0007,"T cell activation",GENE1841
GO:BP,GOBP0007,"T cell activation",GENE0107
GO:BP,GOBP0007,"T cell activation",GENE0631
GO:BP,GOBP0007,"T cell activation",GENE1744
GO:BP,GOBP0007,"T cell activation",GENE2930
GO:BP,GOBP0007,"T cell activation",GENE2849
GO:BP,GOBP0007,"T cell activation",GENE2064
GO:BP,GOBP0007,"T cell activation",GENE2935
GO:BP,GOBP0007,"T cell activation",GENE0426
GO:BP,GOBP0007,"T cell activation",GENE1998
GO:BP,GOBP0007,"T cell activation",GENE0920
GO:BP,GOBP0007,"T cell activation",GENE1686
GO:BP,GOBP0007,"T cell activation",GENE2147
GO:BP,GOBP0007,"T cell activation",GENE1484
GO:BP,GOBP0007,"T cell activation",GENE0905
GO:BP,GOBP0007,"T cell activation",GENE2096
GO:BP,GOBP0007,"T cell activation",GENE1762
GO:BP,GOBP0007,"T cell activation",GENE0098
GO:BP,GOBP0007,"T cell activation",GENE1827
GO:BP,GOBP0007,"T cell activation",GENE1587
GO:BP,GOBP0007,"T cell activation",GENE1621
GO:BP,GOBP0007,"T cell activation",GENE0234
GO:BP,GOBP0007,"T cell activation",GENE1014
GO:BP,GOBP0007,"T cell activation",GENE2092
GO:BP,GOBP0007,"T cell activation",GENE2768
GO:BP,GOBP0007,"T cell activation",GENE2938
GO:BP,GOBP0007,"T cell activation",GENE2530
GO:BP,GOBP0007,"T cell activation",GENE0443
GO:BP,GOBP0007,"T cell activation",GENE0180
GO:BP,GOBP0007,"T cell activation",GENE2359
GO:BP,GOBP0007,"T cell activation",GENE1674
GO:BP,GOBP0007,"T cell activation",GENE2146
GO:BP,GOBP0007,"T cell activation",GENE1163
GO:BP,GOBP0007,"T cell activation",GENE0695
GO:BP,GOBP0007,"T cell activation",GAPDH
GO:BP,GOBP0007,"T cell activation",GENE0616
GO:BP,GOBP0007,"T cell activation",GENE1985
GO:BP,GOBP0007,"T cell activation",GENE2516
GO:BP,GOBP0007,"T cell activation",GENE1610
GO:BP,GOBP0007,"T cell activation",GENE1637
GO:BP,GOBP0007,"T cell activation",GENE2603
GO:BP,GOBP0007,"T cell activation",GENE0733
GO:BP,GOBP0007,"T cell activation",GENE1242
GO:BP,GOBP0007,"T cell activation",GENE0300
GO:BP,GOBP0007,"T cell activation",KRAS
GO:BP,GOBP0007,"T cell activation",GENE1419
GO:BP,GOBP0007,"T cell activation",GENE1655
GO:BP,GOBP0007,"T cell activation",GENE2955
GO:BP,GOBP0007,"T cell activation",GENE2490
GO:BP,GOBP0007,"T cell activation",GENE1509
GO:BP,GOBP0007,"T cell activation",GENE2104
GO:BP,GOBP0007,"T cell activation",GENE2475
GO:BP,GOBP0007,"T cell activation",GENE1200
GO:BP,GOBP0007,"T cell activation",GENE1122
GO:BP,GOBP0007,"T cell activation",GENE2224
GO:BP,GOBP0007,"T cell activation",GENE2978
GO:BP,GOBP0007,"T cell activation",GENE2738
GO:BP,GOBP0007,"T cell activation",GENE0879
GO:BP,GOBP0007,"T cell activation",GENE0811
GO:BP,GOBP0007,"T cell activation",GENE1820
GO:BP,GOBP0007,"T cell activation",GENE0518
GO:BP,GOBP0007,"T cell activation",GENE0762
GO:BP,GOBP0007,"T cell activation",GENE2875
GO:BP,GOBP0007,"T cell activation",GENE1978
GO:BP,GOBP0007,"T cell activation",GENE1920
GO:BP,GOBP0007,"T cell activation",GENE1273
GO:BP,GOBP0007,"T cell activation",GENE2330
GO:BP,GOBP0007,"T cell activation",GENE2305
GO:BP,GOBP0007,"T cell activation",GENE2448
GO:BP,GOBP0007,"T cell activation",GENE0519
GO:BP,GOBP0007,"T cell activation",GENE0756
GO:BP,GOBP0007,"T cell activation",GENE0242
GO:BP,GOBP0007,"T cell activation",GENE1838
GO:BP,GOBP0007,"T cell activation",GENE1012
GO:BP,GOBP0007,"T cell activation",GENE0279
GO:BP,GOBP0007,"T cell activation",GENE0346
GO:BP,GOBP0007,"T cell activation",GENE1627
GO:BP,GOBP0007,"T cell activation",GENE1218
GO:BP,GOBP0007,"T cell activation",GENE0480
GO:BP,GOBP0007,"T cell activation",GENE2257
GO:BP,GOBP0007,"T cell activation",GENE2140
GO:BP,GOBP0007,"T cell activation",GENE0063
GO:BP,GOBP0007,"T cell activation",GENE2410
GO:BP,GOBP0007,"T cell activation",GENE2408
GO:BP,GOBP0007,"T cell activation",GENE1515
GO:BP,GOBP0007,"T cell activation",GENE2637
GO:BP,GOBP0007,"T cell activation",GENE2871
GO:BP,GOBP0007,"T cell activation",GENE2087
GO:BP,GOBP0007,"T cell activation",GENE2564
GO:BP,GOBP0007,"T cell activation",GENE2059
GO:BP,GOBP0007,"T cell activation",GENE1533
GO:BP,GOBP0007,"T cell activation",GENE2927
GO:BP,GOBP0007,"T cell activation",GENE0970
GO:BP,GOBP0007,"T cell activation",GENE0342
GO:BP,GOBP0007,"T cell activation",GENE1305
GO:BP,GOBP0007,"T cell activation",GENE2711
GO:BP,GOBP0007,"T cell activation",GENE2342
GO:BP,GOBP0007,"T cell activation",GENE1800
GO:BP,GOBP0007,"T cell activation",GENE1194
GO:BP,GOBP0007,"T cell activation",GENE2485
GO:BP,GOBP0007,"T cell activation",GENE1703
GO:BP,GOBP0007,"T cell activation",GENE1764
GO:BP,GOBP0007,"T cell activation",GENE0354
GO:BP,GOBP0007,"T cell activation",GENE0832
GO:BP,GOBP0007,"T cell activation",GENE0610
GO:BP,GOBP0007,"T cell activation",GENE0764
GO:BP,GOBP0007,"T cell activation",GENE0638
GO:BP,GOBP0007,"T cell activation",GENE2635
GO:BP,GOBP0007,"T cell activation",GENE2304
GO:BP,GOBP0007,"T cell activation",GENE2041
GO:BP,GOBP0007,"T cell activation",GENE1759
GO:BP,GOBP0007,"T cell activation",GENE1480
GO:BP,GOBP0007,"T cell activation",GENE0336
GO:BP,GOBP0007,"T cell activation",GENE1829
GO:BP,GOBP0007,"T cell activation",GENE0724
GO:BP,GOBP0007,"T cell activation",GENE2814
GO:BP,GOBP0007,"T cell activation",GENE2074
GO:BP,GOBP0007,"T cell activation",GENE0422
GO:BP,GOBP0007,"T cell activation",GENE1151
GO:BP,GOBP0007,"T cell activation",GENE2851
GO:BP,GOBP0007,"T cell activation",GENE1149
GO:BP,GOBP0007,"T cell activation",GENE2268
GO:BP,GOBP0007,"T cell activation",GENE2312
GO:BP,GOBP0007,"T cell activation",GENE0525
GO:BP,GOBP0007,"T cell activation",GENE0993
GO:BP,GOBP0007,"T cell activation",GENE0935
GO:BP,GOBP0007,"T cell activation",GENE2713
GO:BP,GOBP0007,"T cell activation",GENE1945
GO:BP,GOBP0007,"T cell activation",GENE1641
GO:BP,GOBP0007,"T cell activation",GENE2119
GO:BP,GOBP0007,"T cell activation",GENE0425
GO:BP,GOBP0007,"T cell activation",GENE0378
GO:BP,GOBP0007,"T cell activation",GENE2132
GO:BP,GOBP0007,"T cell activation",GENE1210
GO:BP,GOBP0008,"response to hypoxia",GENE1104
GO:BP,GOBP0008,"response to hypoxia",GENE0684
GO:BP,GOBP0008,"response to hypoxia",GENE0753
GO:BP,GOBP0008,"response to hypoxia",GENE1412
GO:BP,GOBP0008,"response to hypoxia",GENE0194
GO:BP,GOBP0008,"response to hypoxia",GENE2233
GO:BP,GOBP0008,"response to hypoxia",GENE0070
GO:BP,GOBP0008,"response to hypoxia",GENE2038
GO:BP,GOBP0008,"response to hypoxia",GENE0953
GO:BP,GOBP0008,"response to hypoxia",GENE1248
GO:BP,GOBP0008,"response to hypoxia",GENE1944
GO:BP,GOBP0008,"response to hypoxia",GENE2235
GO:BP,GOBP0008,"response to hypoxia",GENE0404
GO:BP,GOBP0008,"response to hypoxia",GENE1010
GO:BP,GOBP0008,"response to hypoxia",GENE0217
GO:BP,GOBP0008,"response to hypoxia",GENE1477
GO:BP,GOBP0008,"response to hypoxia",GENE1288
GO:BP,GOBP0008,"response to hypoxia",GENE1451
GO:BP,GOBP0008,"response to hypoxia",GENE0642
GO:BP,GOBP0008,"response to hypoxia",GENE2177
GO:BP,GOBP0008,"response to hypoxia",GENE2899
GO:BP,GOBP0008,"response to hypoxia",GENE0092
GO:BP,GOBP0008,"response to hypoxia",GENE0699
GO:BP,GOBP0008,"response to hypoxia",GENE1638
GO:BP,GOBP0008,"response to hypoxia",GENE1644
GO:BP,GOBP0008,"response to hypoxia",GENE1024
GO:BP,GOBP0008,"response to hypoxia",GENE0975
GO:BP,GOBP0008,"response to hypoxia",GENE1374
GO:BP,GOBP0008,"response to hypoxia",GENE1081
GO:BP,GOBP0008,"response to hypoxia",GENE0831
GO:BP,GOBP0008,"response to hypoxia",GENE2897
GO:BP,GOBP0008,"response to hypoxia",GENE1881
GO:BP,GOBP0008,"response to hypoxia",GENE0395
GO:BP,GOBP0008,"response to hypoxia",GENE2617
GO:BP,GOBP0008,"response to hypoxia",GENE0889
GO:BP,GOBP0008,"response to hypoxia",GENE2388
GO:BP,GOBP0008,"response to hypoxia",GENE1759
GO:BP,GOBP0008,"response to hypoxia",GENE1170
GO:BP,GOBP0008,"response to hypoxia",GENE0153
GO:BP,GOBP0008,"response to hypoxia",GENE1739
GO:BP,GOBP0008,"response to hypoxia",GENE2435
GO:BP,GOBP0008,"response to hypoxia",GENE2964
GO:BP,GOBP0008,"response to hypoxia",GENE1730
GO:BP,GOBP0008,"response to hypoxia",GENE0997
GO:BP,GOBP0008,"response to hypoxia",GENE2580
GO:BP,GOBP0008,"response to hypoxia",CD8A
GO:BP,GOBP0008,"response to hypoxia",GENE2532
GO:BP,GOBP0008,"response to hypoxia",GENE2481
GO:BP,GOBP0008,"response to hypoxia",GENE0840
GO:BP,GOBP0008,"response to hypoxia",GENE0925
GO:BP,GOBP0008,"response to hypoxia",GENE0216
GO:BP,GOBP0008,"response to hypoxia",GENE0091
GO:BP,GOBP0008,"response to hypoxia",FOS
GO:BP,GOBP0008,"response to hypoxia",GENE1890
GO:BP,GOBP0008,"response to hypoxia",GENE2829
GO:BP,GOBP0008,"response to hypoxia",GENE2818
GO:BP,GOBP0008,"response to hypoxia",GENE0238
GO:BP,GOBP0008,"response to hypoxia",GENE0934
GO:BP,GOBP0008,"response to hypoxia",GENE1971
GO:BP,GOBP0008,"response to hypoxia",GENE2808
GO:BP,GOBP0008,"response to hypoxia",GENE2941
GO:BP,GOBP0008,"response to hypoxia",GENE1678
GO:BP,GOBP0008,"response to hypoxia",GENE0220
GO:BP,GOBP0008,"response to hypoxia",GENE0449
GO:BP,GOBP0008,"response to hypoxia",GENE1637
GO:BP,GOBP0008,"response to hypoxia",GENE1496
GO:BP,GOBP0008,"response to hypoxia",GENE2961
GO:BP,GOBP0008,"response to hypoxia",GENE1503
GO:BP,GOBP0008,"response to hypoxia",GENE2888
GO:BP,GOBP0008,"response to hypoxia",GENE2563
GO:BP,GOBP0008,"response to hypoxia",GENE1456
GO:BP,GOBP0008,"response to hypoxia",GENE1079
GO:BP,GOBP0008,"response to hypoxia",GENE1828
GO:BP,GOBP0008,"response to hypoxia",GENE1621
GO:BP,GOBP0008,"response to hypoxia",GENE1182
GO:BP,GOBP0008,"response to hypoxia",GENE1646
GO:BP,GOBP0008,"response to hypoxia",GENE1648
GO:BP,GOBP0008,"response to hypoxia",GENE2047
GO:BP,GOBP0008,"response to hypoxia",CXCL10
GO:BP,GOBP0008,"response to hypoxia",GENE2340
GO:BP,GOBP0008,"response to hypoxia",GENE2478
GO:BP,GOBP0008,"response to hypoxia",GENE0815
GO:BP,GOBP0008,"response to hypoxia",GENE2946
GO:BP,GOBP0008,"response to hypoxia",GENE1303
GO:BP,GOBP0008,"response to hypoxia",GENE0994
GO:BP,GOBP0008,"response to hypoxia",GENE1574
GO:BP,GOBP0008,"response to hypoxia",GENE1455
GO:BP,GOBP0008,"response to hypoxia",GENE1447
GO:BP,GOBP0008,"response to hypoxia",GENE1184
GO:BP,GOBP0008,"response to hypoxia",GENE0136
GO:BP,GOBP0008,"response to hypoxia",GENE2722
GO:BP,GOBP0008,"response to hypoxia",GENE0371
GO:BP,GOBP0008,"response to hypoxia",GENE2406
GO:BP,GOBP0008,"response to hypoxia",GENE2257
GO:BP,GOBP0008,"response to hypoxia",GENE1752
GO:BP,GOBP0008,"response to hypoxia",GENE0451
GO:BP,GOBP0008,"response to hypoxia",GENE2982
GO:BP,GOBP0008,"response to hypoxia",GENE1221
GO:BP,GOBP0008,"response to hypoxia",GENE0271
GO:BP,GOBP0008,"response to hypoxia",GENE1241
GO:BP,GOBP0008,"response to hypoxia",GENE0571
GO:BP,GOBP0008,"response to hypoxia",GENE0806
GO:BP,GOBP0008,"response to hypoxia",GENE2073
GO:BP,GOBP0008,"response to hypoxia",GENE1427
GO:BP,GOBP0008,"response to hypoxia",GENE1917
GO:BP,GOBP0008,"response to hypoxia",GENE0230
GO:BP,GOBP0008,"response to hypoxia",GENE0052
GO:BP,GOBP0008,"response to hypoxia",GENE1536
GO:BP,GOBP0008,"response to hypoxia",GENE2151
GO:BP,GOBP0008,"response to hypoxia",GENE0413
GO:BP,GOBP0008,"response to hypoxia",GENE2319
GO:BP,GOBP0008,"response to hypoxia",GENE0591
GO:BP,GOBP0008,"response to hypoxia",GENE2849
GO:BP,GOBP0008,"response to hypoxia",GENE2667
GO:BP,GOBP0008,"response to hypoxia",GENE1354
GO:BP,GOBP0008,"response to hypoxia",GENE0117
GO:BP,GOBP0008,"response to hypoxia",GENE1481
GO:BP,GOBP0008,"response to hypoxia",GENE0794
GO:BP,GOBP0008,"response to hypoxia",GENE1312
GO:BP,GOBP0008,"response to hypoxia",GENE0783
GO:BP,GOBP0008,"response to hypoxia",GENE1078
GO:BP,GOBP0008,"response to hypoxia",GENE1028
GO:BP,GOBP0008,"response to hypoxia",GENE2140
GO:BP,GOBP0008,"response to hypoxia",GENE2787
GO:BP,GOBP0008,"response to hypoxia",GENE2137
GO:BP,GOBP0008,"response to hypoxia",GENE0680
GO:BP,GOBP0008,"response to hypoxia",GENE2909
GO:BP,GOBP0008,"response to hypoxia",GENE0203
GO:BP,GOBP0008,"response to hypoxia",GENE2966
GO:BP,GOBP0008,"response to hypoxia",GENE0140
GO:BP,GOBP0008,"response to hypoxia",GENE0316
GO:BP,GOBP0008,"response to hypoxia",GENE0967
GO:BP,GOBP0008,"response to hypoxia",GENE1041
GO:BP,GOBP0008,"response to hypoxia",GENE1453
GO:BP,GOBP0008,"response to hypoxia",GENE0881
GO:BP,GOBP0008,"response to hypoxia",GENE2701
GO:BP,GOBP0008,"response to hypoxia",GENE0337
GO:BP,GOBP0008,"response to hypoxia",GENE0731
GO:BP,GOBP0008,"response to hypoxia",GENE2637
GO:BP,GOBP0008,"response to hypoxia",GENE1145
GO:BP,GOBP0008,"response to hypoxia",GENE1304
GO:BP,GOBP0008,"response to hypoxia",GENE1737
GO:BP,GOBP0008,"response to hypoxia",GENE0553
GO:BP,GOBP0008,"response to hypoxia",GENE2318
GO:BP,GOBP0008,"response to hypoxia",GENE0837
GO:BP,GOBP0008,"response to hypoxia",GENE1468
GO:BP,GOBP0008,"response to hypoxia",GENE0657
GO:BP,GOBP0008,"response to hypoxia",GENE1835
GO:BP,GOBP0008,"response to hypoxia",GENE0644
GO:BP,GOBP0008,"response to hypoxia",GENE2959
GO:BP,GOBP0008,"response to hypoxia",GENE1089
GO:BP,GOBP0008,"response to hypoxia",GENE2525
GO:BP,GOBP0008,"response to hypoxia",GENE0037
GO:BP,GOBP0008,"response to hypoxia",GENE1050
GO:BP,GOBP0008,"response to hypoxia",GENE2471
GO:BP,GOBP0008,"response to hypoxia",GENE0838
GO:BP,GOBP0008,"response to hypoxia",GENE2916
GO:BP,GOBP0008,"response to hypoxia",GENE0718
GO:BP,GOBP0008,"response to hypoxia",GENE0693
GO:BP,GOBP0008,"response to hypoxia",GENE2312
GO:BP,GOBP0008,"response to hypoxia",GENE1872
GO:BP,GOBP0008,"response to hypoxia",GENE0500
GO:BP,GOBP0008,"response to hypoxia",GENE0722
GO:BP,GOBP0008,"response to hypoxia",GENE1056
GO:BP,GOBP0008,"response to hypoxia",GENE2742
GO:BP,GOBP0008,"response to hypoxia",GENE0415
GO:BP,GOBP0008,"response to hypoxia",GENE0676
GO:BP,GOBP0008,"response to hypoxia",GENE1220
GO:BP,GOBP0008,"response to hypoxia",GENE0123
GO:BP,GOBP0008,"response to hypoxia",GENE1358
GO:BP,GOBP0008,"response to hypoxia",GENE0491
GO:BP,GOBP0008,"response to hypoxia",GENE2225
GO:BP,GOBP0008,"response to hypoxia",GENE1704
GO:BP,GOBP0008,"response to hypoxia",GENE2894
GO:BP,GOBP0008,"response to hypoxia",GENE1887
GO:BP,GOBP0008,"response to hypoxia",GENE1339
GO:BP,GOBP0008,"response to hypoxia",GENE1380
GO:BP,GOBP0008,"response to hypoxia",GENE0291
GO:BP,GOBP0008,"response to hypoxia",GENE0031
GO:BP,GOBP0008,"response to hypoxia",GENE1419
GO:BP,GOBP0008,"response to hypoxia",GENE2248
GO:BP,GOBP0008,"response to hypoxia",GENE2662
GO:BP,GOBP0008,"response to hypoxia",GENE1555
GO:BP,GOBP0008,"response to hypoxia",GENE2502
GO:BP,GOBP0008,"response to hypoxia",GENE2573
GO:BP,GOBP0008,"response to hypoxia",GENE1594
GO:BP,GOBP0008,"response to hypoxia",GENE1829
GO:BP,GOBP0008,"response to hypoxia",GENE2816
GO:BP,GOBP0008,"response to hypoxia",GENE1073
GO:BP,GOBP0008,"response to hypoxia",GENE2889
GO:BP,GOBP0008,"response to hypoxia",GENE2881
GO:BP,GOBP0008,"response to hypoxia",GENE0703
GO:BP,GOBP0008,"response to hypoxia",GENE2174
GO:BP,GOBP0008,"response to hypoxia",GENE1625
GO:BP,GOBP0008,"response to hypoxia",GENE0890
GO:BP,GOBP0008,"response to hypoxia",GENE2803
GO:BP,GOBP0008,"response to hypoxia",GENE1448
GO:BP,GOBP0008,"response to hypoxia",GENE2792
GO:BP,GOBP0008,"response to hypoxia",GENE2111
GO:BP,GOBP0008,"response to hypoxia",GENE2470
GO:BP,GOBP0008,"response to hypoxia",GENE0629
GO:BP,GOBP0008,"response to hypoxia",GENE2809
GO:BP,GOBP0008,"response to hypoxia",GENE2287
GO:BP,GOBP0008,"response to hypoxia",GENE0746
GO:BP,GOBP0008,"response to hypoxia",GENE1401
GO:BP,GOBP0008,"response to hypoxia",GENE1623
GO:BP,GOBP0008,"response to hypoxia",GENE1691
GO:BP,GOBP0008,"response to hypoxia",GENE0920
GO:BP,GOBP0008,"response to hypoxia",GENE2801
GO:BP,GOBP0008,"response to hypoxia",GENE0755
GO:BP,GOBP0008,"response to hypoxia",GENE1992
GO:BP,GOBP0008,"response to hypoxia",GENE1610
GO:BP,GOBP0008,"response to hypoxia",GENE1285
GO:BP,GOBP0008,"response to hypoxia",GENE1428
GO:BP,GOBP0008,"response to hypoxia",GENE2545
GO:BP,GOBP0008,"response to hypoxia",GENE1259
GO:BP,GOBP0008,"response to hypoxia",GENE2375
GO:BP,GOBP0008,"response to hypoxia",GENE0172
GO:BP,GOBP0008,"response to hypoxia",GENE0723
GO:BP,GOBP0008,"response to hypoxia",GENE1972
GO:BP,GOBP0008,"response to hypoxia",GENE1465
GO:BP,GOBP0008,"response to hypoxia",GENE1463
GO:BP,GOBP0008,"response to hypoxia",GENE2269
GO:BP,GOBP0008,"response to hypoxia",GENE2414
GO:BP,GOBP0008,"response to hypoxia",GENE2819
GO:BP,GOBP0008,"response to hypoxia",GENE1306
GO:BP,GOBP0008,"response to hypoxia",GENE1346
GO:BP,GOBP0008,"response to hypoxia",GENE2749
GO:BP,GOBP0008,"response to hypoxia",GENE2509
GO:BP,GOBP0008,"response to hypoxia",GENE0406
GO:BP,GOBP0008,"response to hypoxia",GENE2099
GO:BP,GOBP0008,"response to hypoxia",GENE0263
GO:BP,GOBP0008,"response to hypoxia",GENE0658
GO:BP,GOBP0008,"response to hypoxia",GENE1904
GO:BP,GOBP0008,"response to hypoxia",GENE1677
GO:BP,GOBP0008,"response to hypoxia",GENE2259
GO:BP,GOBP0008,"response to hypoxia",GENE0796
GO:BP,GOBP0008,"response to hypoxia",GENE2112
GO:BP,GOBP0008,"response to hypoxia",GENE1544
GO:BP,GOBP0008,"response to hypoxia",GENE0485
GO:BP,GOBP0008,"response to hypoxia",GENE2590
GO:BP,GOBP0008,"response to hypoxia",GENE1067
GO:BP,GOBP0008,"response to hypoxia",GENE2551
GO:BP,GOBP0008,"response to hypoxia",GENE0993
GO:BP,GOBP0008,"response to hypoxia",GENE1159
GO:BP,GOBP0008,"response to hypoxia",GENE1929
GO:BP,GOBP0008,"response to hypoxia",GENE1834
GO:BP,GOBP0008,"response to hypoxia",GENE1851
GO:BP,GOBP0008,"response to hypoxia",GENE0596
GO:BP,GOBP0008,"response to hypoxia",GENE0447
GO:BP,GOBP0008,"response to hypoxia",GENE2543
GO:BP,GOBP0008,"response to hypoxia",GENE2053
GO:BP,GOBP0008,"response to hypoxia",GENE2342
GO:BP,GOBP0008,"response to hypoxia",GENE2813
GO:BP,GOBP0008,"response to hypoxia",GENE1690
GO:BP,GOBP0008,"response to hypoxia",GENE2745
GO:BP,GOBP0008,"response to hypoxia",GENE2643
GO:BP,GOBP0008,"response to hypoxia",GENE0229
GO:BP,GOBP0008,"response to hypoxia",GENE2326
GO:BP,GOBP0008,"response to hypoxia",GENE0515
GO:BP,GOBP0008,"response to hypoxia",GENE2009
GO:BP,GOBP0008,"response to hypoxia",GENE1743
GO:BP,GOBP0008,"response to hypoxia",GENE0369
GO:BP,GOBP0008,"response to hypoxia",BAX
GO:BP,GOBP0008,"response to hypoxia",GENE0814
GO:BP,GOBP0008,"response to hypoxia",GENE0727
GO:BP,GOBP0008,"response to hypoxia",GENE1237
GO:BP,GOBP0008,"response to hypoxia",GENE0534
GO:BP,GOBP0008,"response to hypoxia",GENE2304
GO:BP,GOBP0008,"response to hypoxia",GENE0931
GO:BP,GOBP0008,"response to hypoxia",GENE2004
GO:BP,GOBP0008,"response to hypoxia",GENE2057
GO:BP,GOBP0008,"response to hypoxia",GENE2252
GO:BP,GOBP0008,"response to hypoxia",GENE0284
GO:BP,GOBP0009,"cytokine production",GENE0771
GO:BP,GOBP0009,"cytokine production",GENE1421
GO:BP,GOBP0009,"cytokine production",GENE1786
GO:BP,GOBP0009,"cytokine production",GENE2754
GO:BP,GOBP0009,"cytokine production",GENE1167
GO:BP,GOBP0009,"cytokine production",GENE2193
GO:BP,GOBP0009,"cytokine production",GENE1859
GO:BP,GOBP0009,"cytokine production",GENE1350
GO:BP,GOBP0009,"cytokine production",GENE0753
GO:BP,GOBP0009,"cytokine production",GENE1583
GO:BP,GOBP0009,"cytokine production",GENE2127
GO:BP,GOBP0009,"cytokine production",GENE2964
GO:BP,GOBP0009,"cytokine production",GENE0571
GO:BP,GOBP0009,"cytokine production",GENE1565
GO:BP,GOBP0009,"cytokine production",GENE2860
GO:BP,GOBP0009,"cytokine production",GENE0612
GO:BP,GOBP0009,"cytokine production",GENE2619
GO:BP,GOBP0009,"cytokine production",GENE1243
GO:BP,GOBP0009,"cytokine production",GENE2298
GO:BP,GOBP0009,"cytokine production",GENE0550
GO:BP,GOBP0009,"cytokine production",GENE1375
GO:BP,GOBP0009,"cytokine production",GENE1480
GO:BP,GOBP0009,"cytokine production",GENE2170
GO:BP,GOBP0009,"cytokine production",GENE2690
GO:BP,GOBP0009,"cytokine production",GENE1010
GO:BP,GOBP0009,"cytokine production",GENE1288
GO:BP,GOBP0009,"cytokine production",GENE0118
GO:BP,GOBP0009,"cytokine production",GENE0653
GO:BP,GOBP0009,"cytokine production",GENE0187
GO:BP,GOBP0009,"cytokine production",GENE2824
GO:BP,GOBP0009,"cytokine production",GENE1212
GO:BP,GOBP0009,"cytokine production",GENE2461
GO:BP,GOBP0009,"cytokine production",GENE0824
GO:BP,GOBP0009,"cytokine production",GENE2581
GO:BP,GOBP0009,"cytokine production",GENE2722
GO:BP,GOBP0009,"cytokine production",GENE2457
GO:BP,GOBP0009,"cytokine production",GENE2562
GO:BP,GOBP0009,"cytokine production",GENE2899
GO:BP,GOBP0009,"cytokine production",GENE2018
GO:BP,GOBP0009,"cytokine production",GENE2729
GO:BP,GOBP0009,"cytokine production",GENE0195
GO:BP,GOBP0009,"cytokine production",GENE0244
GO:BP,GOBP0009,"cytokine production",GENE2651
GO:BP,GOBP0009,"cytokine production",GENE0643
GO:BP,GOBP0009,"cytokine production",GENE0682
GO:BP,GOBP0009,"cytokine production",GENE0630
GO:BP,GOBP0009,"cytokine production",GENE2762
GO:BP,GOBP0009,"cytokine production",GENE2705
GO:BP,GOBP0009,"cytokine production",GENE1124
GO:BP,GOBP0009,"cytokine production",GENE1789
GO:BP,GOBP0009,"cytokine production",GENE2378
GO:BP,GOBP0009,"cytokine production",GENE0366
GO:BP,GOBP0009,"cytokine production",GENE0357
GO:BP,GOBP0009,"cytokine production",GENE2714
GO:BP,GOBP0009,"cytokine production",GENE1503
GO:BP,GOBP0009,"cytokine production",GENE2973
GO:BP,GOBP0009,"cytokine production",GENE0439
GO:BP,GOBP0009,"cytokine production",GENE0847
GO:BP,GOBP0009,"cytokine production",GENE0851
GO:BP,GOBP0009,"cytokine production",GENE1518
GO:BP,GOBP0009,"cytokine production",GENE1359
GO:BP,GOBP0009,"cytokine production",GENE1021
GO:BP,GOBP0009,"cytokine production",GENE2978
GO:BP,GOBP0009,"cytokine production",GENE2109
GO:BP,GOBP0009,"cytokine production",GENE1357
GO:BP,GOBP0009,"cytokine production",GENE0503
GO:BP,GOBP0009,"cytokine production",GENE1333
GO:BP,GOBP0009,"cytokine production",GENE1275
GO:BP,GOBP0009,"cytokine production",GENE0813
GO:BP,GOBP0009,"cytokine production",GENE2578
GO:BP,GOBP0009,"cytokine production",GENE0894
GO:BP,GOBP0009,"cytokine production",GENE2433
GO:BP,GOBP0009,"cytokine production",GENE1433
GO:BP,GOBP0009,"cytokine production",GENE0429
GO:BP,GOBP0009,"cytokine production",GENE2808
GO:BP,GOBP0009,"cytokine production",GENE0259
GO:BP,GOBP0009,"cytokine production",GENE1313
GO:BP,GOBP0009,"cytokine production",GENE2231
GO:BP,GOBP0009,"cytokine production",GENE2359
GO:BP,GOBP0009,"cytokine production",GENE1907
GO:BP,GOBP0009,"cytokine production",GENE2712
GO:BP,GOBP0009,"cytokine production",GENE1015
GO:BP,GOBP0009,"cytokine production",GENE2962
GO:BP,GOBP0009,"cytokine production",GENE2404
GO:BP,GOBP0009,"cytokine production",GENE0629
GO:BP,GOBP0009,"cytokine production",GENE0177
GO:BP,GOBP0009,"cytokine production",GENE0739
GO:BP,GOBP0009,"cytokine production",GENE1805
GO:BP,GOBP0009,"cytokine production",GENE1072
GO:BP,GOBP0009,"cytokine production",GENE1733
GO:BP,GOBP0009,"cytokine production",GENE1609
GO:BP,GOBP0009,"cytokine production",GENE2012
GO:BP,GOBP0009,"cytokine production",GENE0660
GO:BP,GOBP0009,"cytokine production",GENE0194
GO:BP,GOBP0009,"cytokine production",GENE2447
GO:BP,GOBP0009,"cytokine production",GENE2979
GO:BP,GOBP0009,"cytokine production",GENE2544
GO:BP,GOBP0009,"cytokine production",GENE1905
GO:BP,GOBP0009,"cytokine production",GENE2597
GO:BP,GOBP0009,"cytokine production",GENE0121
GO:BP,GOBP0009,"cytokine production",GENE2221
GO:BP,GOBP0009,"cytokine production",GENE2446
GO:BP,GOBP0009,"cytokine production",STAT1
GO:BP,GOBP0009,"cytokine production",GENE1336
GO:BP,GOBP0009,"cytokine production",GENE1056
GO:BP,GOBP0009,"cytokine production",GENE2351
GO:BP,GOBP0009,"cytokine production",GENE1628
GO:BP,GOBP0009,"cytokine production",GENE2864
GO:BP,GOBP0009,"cytokine production",GENE0809
GO:BP,GOBP0009,"cytokine production",GENE1825
GO:BP,GOBP0009,"cytokine production",GENE1002
GO:BP,GOBP0009,"cytokine production",GENE1043
GO:BP,GOBP0009,"cytokine production",GENE1809
GO:BP,GOBP0009,"cytokine production",GENE2658
GO:BP,GOBP0009,"cytokine production",GENE2968
GO:BP,GOBP0009,"cytokine production",GENE2777
GO:BP,GOBP0009,"cytokine production",GENE2934
GO:BP,GOBP0009,"cytokine production",GENE1761
GO:BP,GOBP0009,"cytokine production",GENE1945
GO:BP,GOBP0009,"cytokine production",GENE0236
GO:BP,GOBP0009,"cytokine production",GENE1622
GO:BP,GOBP0009,"cytokine production",GENE1557
GO:BP,GOBP0009,"cytokine production",GENE1014
GO:BP,GOBP0009,"cytokine production",GENE1700
GO:BP,GOBP0009,"cytokine production",GENE0183
GO:BP,GOBP0009,"cytokine production",GENE1984
GO:BP,GOBP0009,"cytokine production",GENE2157
GO:BP,GOBP0009,"cytokine production",GENE2214
GO:BP,GOBP0009,"cytokine production",GENE0695
GO:BP,GOBP0009,"cytokine production",GENE0633
GO:BP,GOBP0009,"cytokine production",GENE1406
GO:BP,GOBP0009,"cytokine production",GENE0548
GO:BP,GOBP0009,"cytokine production",GENE2069
GO:BP,GOBP0009,"cytokine production",GENE2577
GO:BP,GOBP0009,"cytokine production",GENE1951
GO:BP,GOBP0009,"cytokine production",GENE0387
GO:BP,GOBP0009,"cytokine production",GENE2434
GO:BP,GOBP0009,"cytokine production",GENE2495
GO:BP,GOBP0009,"cytokine production",GENE1233
GO:BP,GOBP0009,"cytokine production",GENE1152
GO:BP,GOBP0009,"cytokine production",GENE1018
GO:BP,GOBP0009,"cytokine production",GENE0190
GO:BP,GOBP0009,"cytokine production",GENE0256
GO:BP,GOBP0009,"cytokine production",GENE2326
GO:BP,GOBP0009,"cytokine production",GENE0476
GO:BP,GOBP0009,"cytokine production",GENE1299
GO:BP,GOBP0009,"cytokine production",GENE1732
GO:BP,GOBP0009,"cytokine production",GENE2622
GO:BP,GOBP0009,"cytokine production",GENE1264
GO:BP,GOBP0009,"cytokine production",GENE0872
GO:BP,GOBP0009,"cytokine production",GENE0976
GO:BP,GOBP0009,"cytokine production",GENE1314
GO:BP,GOBP0009,"cytokine production",GENE1240
GO:BP,GOBP0009,"cytokine production",GENE2349
GO:BP,GOBP0009,"cytokine production",GENE0356
GO:BP,GOBP0009,"cytokine production",GENE0502
GO:BP,GOBP0009,"cytokine production",GENE1222
GO:BP,GOBP0009,"cytokine production",GENE2222
GO:BP,GOBP0009,"cytokine production",GENE1601
GO:BP,GOBP0009,"cytokine production",GENE1271
GO:BP,GOBP0009,"cytokine production",GENE0733
GO:BP,GOBP0009,"cytokine production",GENE2036
GO:BP,GOBP0009,"cytokine production",GENE0515
GO:BP,GOBP0009,"cytokine production",GENE1729
GO:BP,GOBP0009,"cytokine production",GENE2897
GO:BP,GOBP0009,"cytokine production",GENE0422
GO:BP,GOBP0009,"cytokine production",GENE1038
GO:BP,GOBP0009,"cytokine production",GENE1473
GO:BP,GOBP0009,"cytokine production",VEGFA
GO:BP,GOBP0009,"cytokine production",GENE2819
GO:BP,GOBP0009,"cytokine production",GENE2418
GO:BP,GOBP0009,"cytokine production",GENE1734
GO:BP,GOBP0009,"cytokine production",GENE1413
GO:BP,GOBP0009,"cytokine production",GENE0598
GO:BP,GOBP0009,"cytokine production",GENE2511
GO:BP,GOBP0009,"cytokine production",GENE0875
GO:BP,GOBP0009,"cytokine production",GENE0518
GO:BP,GOBP0009,"cytokine production",GENE1338
GO:BP,GOBP0009,"cytokine production",GENE2713
GO:BP,GOBP0009,"cytokine production",GENE1914
GO:BP,GOBP0009,"cytokine production",GENE0348
GO:BP,GOBP0009,"cytokine production",GENE1544
GO:BP,GOBP0009,"cytokine production",GENE1846
GO:BP,GOBP0009,"cytokine production",GENE1192
GO:BP,GOBP0009,"cytokine production",MKI67
GO:BP,GOBP0009,"cytokine production",GENE1037
GO:BP,GOBP0009,"cytokine production",GENE2894
GO:BP,GOBP0009,"cytokine production",GENE0463
GO:BP,GOBP0009,"cytokine production",GENE1069
GO:BP,GOBP0009,"cytokine production",GENE2718
GO:BP,GOBP0010,"extracellular matrix organization",GENE0394
GO:BP,GOBP0010,"extracellular matrix organization",GENE2970
GO:BP,GOBP0010,"extracellular matrix organization",GENE0824
GO:BP,GOBP0010,"extracellular matrix organization",GENE2622
GO:BP,GOBP0010,"extracellular matrix organization",GENE1723
GO:BP,GOBP0010,"extracellular matrix organization",GENE0942
GO:BP,GOBP0010,"extracellular matrix organization",GENE1510
GO:BP,GOBP0010,"extracellular matrix organization",GENE0555
GO:BP,GOBP0010,"extracellular matrix organization",GENE2233
GO:BP,GOBP0010,"extracellular matrix organization",GENE1171
GO:BP,GOBP0010,"extracellular matrix organization",GENE1091
GO:BP,GOBP0010,"extracellular matrix organization",GENE0558
GO:BP,GOBP0010,"extracellular matrix organization",GENE1835
GO:BP,GOBP0010,"extracellular matrix organization",GENE2506
GO:BP,GOBP0010,"extracellular matrix organization",GENE2389
GO:BP,GOBP0010,"extracellular matrix organization",GENE0039
GO:BP,GOBP0010,"extracellular matrix organization",GENE1083
GO:BP,GOBP0010,"extracellular matrix organization",GENE1863
GO:BP,GOBP0010,"extracellular matrix organization",GENE1827
GO:BP,GOBP0010,"extracellular matrix organization",GENE1773
GO:BP,GOBP0010,"extracellular matrix organization",GENE0610
GO:BP,GOBP0010,"extracellular matrix organization",GENE2349
GO:BP,GOBP0010,"extracellular matrix organization",GENE2078
GO:BP,GOBP0010,"extracellular matrix organization",GENE1235
GO:BP,GOBP0010,"extracellular matrix organization",GENE1535
GO:BP,GOBP0010,"extracellular matrix organization",GENE1542
GO:BP,GOBP0010,"extracellular matrix organization",GENE0307
GO:BP,GOBP0010,"extracellular matrix organization",GENE1569
GO:BP,GOBP0010,"extracellular matrix organization",GENE1020
GO:BP,GOBP0010,"extracellular matrix organization",GENE0964
GO:BP,GOBP0010,"extracellular matrix organization",GENE1644
GO:BP,GOBP0010,"extracellular matrix organization",GENE1068
GO:BP,GOBP0010,"extracellular matrix organization",GENE0115
GO:BP,GOBP0010,"extracellular matrix organization",GENE0657
GO:BP,GOBP0010,"extracellular matrix organization",GENE1410
GO:BP,GOBP0010,"extracellular matrix organization",GENE1536
GO:BP,GOBP0010,"extracellular matrix organization",GENE1330
GO:BP,GOBP0010,"extracellular matrix organization",GENE1918
GO:BP,GOBP0010,"extracellular matrix organization",GENE0239
GO:BP,GOBP0010,"extracellular matrix organization",GENE2504
GO:BP,GOBP0010,"extracellular matrix organization",GENE1939
GO:BP,GOBP0010,"extracellular matrix organization",GENE1344
GO:BP,GOBP0010,"extracellular matrix organization",GENE0505
GO:BP,GOBP0010,"extracellular matrix organization",FOS
GO:BP,GOBP0010,"extracellular matrix organization",GENE2935
GO:BP,GOBP0010,"extracellular matrix organization",GENE0978
GO:BP,GOBP0010,"extracellular matrix organization",GENE2073
GO:BP,GOBP0010,"extracellular matrix organization",GENE0659
GO:BP,GOBP0010,"extracellular matrix organization",GENE2908
GO:BP,GOBP0010,"extracellular matrix organization",GENE2344
GO:BP,GOBP0010,"extracellular matrix organization",GENE1372
GO:BP,GOBP0010,"extracellular matrix organization",GENE1836
GO:BP,GOBP0010,"extracellular matrix organization",GENE2825
GO:BP,GOBP0010,"extracellular matrix organization",GENE0105
GO:BP,GOBP0010,"extracellular matrix organization",GENE2709
GO:BP,GOBP0010,"extracellular matrix organization",GENE0622
GO:BP,GOBP0010,"extracellular matrix organization",GENE1331
GO:BP,GOBP0010,"extracellular matrix organization",GENE2290
GO:BP,GOBP0010,"extracellular matrix organization",GENE1187
GO:BP,GOBP0010,"extracellular matrix organization",GENE1005
GO:BP,GOBP0010,"extracellular matrix organization",GENE1826
GO:BP,GOBP0010,"extracellular matrix organization",GENE2064
GO:BP,GOBP0010,"extracellular matrix organization",GENE2540
GO:BP,GOBP0010,"extracellular matrix organization",GENE0612
GO:BP,GOBP0010,"extracellular matrix organization",GENE0378
GO:BP,GOBP0010,"extracellular matrix organization",GENE1262
GO:BP,GOBP0010,"extracellular matrix organization",GENE0325
GO:BP,GOBP0010,"extracellular matrix organization",GENE2585
GO:BP,GOBP0010,"extracellular matrix organization",GENE1114
GO:BP,GOBP0010,"extracellular matrix organization",GENE0357
GO:BP,GOBP0010,"extracellular matrix organization",KRAS
GO:BP,GOBP0010,"extracellular matrix organization",GENE2879
GO:BP,GOBP0010,"extracellular matrix organization",GENE2161
GO:BP,GOBP0010,"extracellular matrix organization",GENE0680
GO:BP,GOBP0010,"extracellular matrix organization",GENE1888
GO:BP,GOBP0010,"extracellular matrix organization",GENE0488
GO:BP,GOBP0010,"extracellular matrix organization",GENE0708
GO:BP,GOBP0010,"extracellular matrix organization",GENE2725
GO:BP,GOBP0010,"extracellular matrix organization",GENE0487
GO:BP,GOBP0010,"extracellular matrix organization",GENE1776
GO:BP,GOBP0010,"extracellular matrix organization",GENE1180
GO:BP,GOBP0010,"extracellular matrix organization",GENE0788
GO:BP,GOBP0010,"extracellular matrix organization",BCL2
GO:BP,GOBP0010,"extracellular matrix organization",GENE1046
GO:BP,GOBP0010,"extracellular matrix organization",GENE2934
GO:BP,GOBP0010,"extracellular matrix organization",GENE1817
GO:BP,GOBP0010,"extracellular matrix organization",GENE0482
GO:BP,GOBP0010,"extracellular matrix organization",GENE2111
GO:BP,GOBP0010,"extracellular matrix organization",GENE0124
GO:BP,GOBP0010,"extracellular matrix organization",GENE2013
GO:BP,GOBP0010,"extracellular matrix organization",GENE0637
GO:BP,GOBP0010,"extracellular matrix organization",GENE2341
GO:BP,GOBP0010,"extracellular matrix organization",GENE2815
GO:BP,GOBP0010,"extracellular matrix organization",GENE0539
GO:BP,GOBP0010,"extracellular matrix organization",GENE1999
GO:BP,GOBP0010,"extracellular matrix organization",GENE0681
GO:BP,GOBP0010,"extracellular matrix organization",GENE2824
GO:BP,GOBP0010,"extracellular matrix organization",GENE0292
GO:BP,GOBP0010,"extracellular matrix organization",GENE2944
GO:BP,GOBP0010,"extracellular matrix organization",GENE1649
GO:BP,GOBP0010,"extracellular matrix organization",GENE2539
GO:BP,GOBP0010,"extracellular matrix organization",GENE0822
GO:BP,GOBP0010,"extracellular matrix organization",GENE0955
GO:BP,GOBP0010,"extracellular matrix organization",GENE2327
GO:BP,GOBP0010,"extracellular matrix organization",GENE0711
GO:BP,GOBP0010,"extracellular matrix organization",GENE0741
GO:BP,GOBP0010,"extracellular matrix organization",GENE1384
GO:BP,GOBP0010,"extracellular matrix organization",GENE0937
GO:BP,GOBP0010,"extracellular matrix organization",GENE1207
GO:BP,GOBP0010,"extracellular matrix organization",GENE0849
GO:BP,GOBP0010,"extracellular matrix organization",GENE1520
GO:BP,GOBP0010,"extracellular matrix organization",GENE2794
GO:BP,GOBP0010,"extracellular matrix organization",GENE2278
GO:BP,GOBP0010,"extracellular matrix organization",GENE0673
GO:BP,GOBP0010,"extracellular matrix organization",GENE1109
GO:BP,GOBP0010,"extracellular matrix organization",GENE1389
GO:BP,GOBP0010,"extracellular matrix organization",GENE1240
GO:BP,GOBP0010,"extracellular matrix organization",GENE1685
GO:BP,GOBP0010,"extracellular matrix organization",GENE2012
GO:BP,GOBP0010,"extracellular matrix organization",GENE2261
GO:BP,GOBP0010,"extracellular matrix organization",GENE0368
GO:BP,GOBP0010,"extracellular matrix organization",GENE2142
GO:BP,GOBP0010,"extracellular matrix organization",GENE0617
GO:BP,GOBP0010,"extracellular matrix organization",GENE0915
GO:BP,GOBP0010,"extracellular matrix organization",GENE2718
GO:BP,GOBP0010,"extracellular matrix organization",GENE1626
GO:BP,GOBP0010,"extracellular matrix organization",GENE1543
GO:BP,GOBP0010,"extracellular matrix organization",GENE1094
GO:BP,GOBP0010,"extracellular matrix organization",GENE0330
GO:BP,GOBP0010,"extracellular matrix organization",GENE1192
GO:BP,GOBP0010,"extracellular matrix organization",GENE2468
GO:BP,GOBP0010,"extracellular matrix organization",GENE2016
GO:BP,GOBP0010,"extracellular matrix organization",GENE2783
GO:BP,GOBP0010,"extracellular matrix organization",GENE2698
GO:BP,GOBP0010,"extracellular matrix organization",GENE1965
GO:BP,GOBP0010,"extracellular matrix organization",GENE2228
GO:BP,GOBP0010,"extracellular matrix organization",GENE0250
GO:BP,GOBP0010,"extracellular matrix organization",GENE1711
GO:BP,GOBP0010,"extracellular matrix organization",GENE1522
GO:BP,GOBP0010,"extracellular matrix organization",GENE1226
GO:BP,GOBP0010,"extracellular matrix organization",GENE2311
GO:BP,GOBP0010,"extracellular matrix organization",GENE1286
GO:BP,GOBP0010,"extracellular matrix organization",GENE1861
GO:BP,GOBP0010,"extracellular matrix organization",GENE0422
GO:BP,GOBP0010,"extracellular matrix organization",GENE0473
GO:BP,GOBP0010,"extracellular matrix organization",GENE0409
GO:BP,GOBP0010,"extracellular matrix organization",GENE2911
GO:BP,GOBP0010,"extracellular matrix organization",GENE0161
GO:BP,GOBP0010,"extracellular matrix organization",GENE0713
GO:BP,GOBP0010,"extracellular matrix organization",GENE0525
GO:BP,GOBP0010,"extracellular matrix organization",GENE1048
GO:BP,GOBP0010,"extracellular matrix organization",GENE0629
GO:BP,GOBP0010,"extracellular matrix organization",GENE2584
GO:BP,GOBP0010,"extracellular matrix organization",GENE2593
GO:BP,GOBP0010,"extracellular matrix organization",GENE2627
GO:BP,GOBP0010,"extracellular matrix organization",GENE0730
GO:BP,GOBP0010,"extracellular matrix organization",GENE2751
GO:BP,GOBP0010,"extracellular matrix organization",GENE1022
GO:BP,GOBP0010,"extracellular matrix organization",GENE0623
GO:BP,GOBP0010,"extracellular matrix organization",GENE2168
GO:BP,GOBP0010,"extracellular matrix organization",GENE1130
GO:BP,GOBP0010,"extracellular matrix organization",GENE1627
GO:BP,GOBP0010,"extracellular matrix organization",GENE0300
GO:BP,GOBP0010,"extracellular matrix organization",GENE1906
GO:BP,GOBP0010,"extracellular matrix organization",GENE2832
GO:BP,GOBP0010,"extracellular matrix organization",GENE2399
GO:BP,GOBP0010,"extracellular matrix organization",GENE2082
KEGG,KEGG0011,"Cytokine-cytokine receptor interaction",GENE2612
KEGG,KEGG0011,"Cytokine-cytokine receptor interaction",GENE2560
KEGG,KEGG0011,"Cytokine-cytokine receptor interaction",GENE2960
KEGG,KEGG0011,"Cytokine-cytokine receptor interaction",GENE1672
KEGG,KEGG0011,"Cytokine-cytokine receptor interaction",GENE1424
KEGG,KEGG0011,"Cytokine-cytokine receptor interaction",GENE0378
KEGG,KEGG0011,"Cytokine-cytokine receptor interaction",GENE0670
KEGG,KEGG0011,"Cytokine-cytokine receptor interaction",GENE1357
KEGG,KEGG0011,"Cytokine-cytokine receptor interaction",GENE0794
KEGG,KEGG0011,"Cytokine-cytokine receptor interaction",GENE0889
KEGG,KEGG0011,"Cytokine-cytokine receptor interaction",GENE0208
KEGG,KEGG0011,"Cytokine-cytokine receptor interaction",GENE2014
KEGG,KEGG0011,"Cytokine-cytokine receptor interaction",GENE1782
KEGG,KEGG0011,"Cytokine-cytokine receptor interaction",GENE2703
KEGG,KEGG0011,"Cytokine-cytokine receptor interaction",GENE1058
KEGG,KEGG0011,"Cytokine-cytokine receptor interaction",GENE0106
KEGG,KEGG0011,"Cytokine-cytokine receptor interaction",GENE0070
KEGG,KEGG0011,"Cytokine-cytokine receptor interaction",GENE1172
KEGG,KEGG0011,"Cytokine-cytokine receptor interaction",GENE1429
KEGG,KEGG0011,"Cytokine-cytokine receptor interaction",GENE1743
KEGG,KEGG0011,"Cytokine-cytokine receptor interaction",GENE0835
KEGG,KEGG0011,"Cytokine-cytokine receptor interaction",BCL2
KEGG,KEGG0011,"Cytokine-cytokine receptor interaction",GENE2928
KEGG,KEGG0011,"Cytokine-cytokine receptor interaction",GENE1000
KEGG,KEGG0011,"Cytokine-cytokine receptor interaction",GENE2937
KEGG,KEGG0011,"Cytokine-cytokine receptor interaction",GENE1285
KEGG,KEGG0011,"Cytokine-cytokine receptor interaction",GENE1112
KEGG,KEGG0011,"Cytokine-cytokine receptor interaction",GENE1549
KEGG,KEGG0011,"Cytokine-cytokine receptor interaction",GENE2693
KEGG,KEGG0011,"Cytokine-cytokine receptor interaction",GENE2282
KEGG,KEGG0011,"Cytokine-cytokine receptor interaction",GENE2461
KEGG,KEGG0011,"Cytokine-cytokine receptor interaction",GENE0185
KEGG,KEGG0011,"Cytokine-cytokine receptor interaction",GENE1606
KEGG,KEGG0011,"Cytokine-cytokine receptor interaction",GENE1262
KEGG,KEGG0011,"Cytokine-cytokine receptor interaction",GENE1890
KEGG,KEGG0011,"Cytokine-cytokine receptor interaction",GENE0942
KEGG,KEGG0011,"Cytokine-cytokine receptor interaction",GENE2250
KEGG,KEGG0011,"Cytokine-cytokine receptor interaction",GENE0576
KEGG,KEGG0011,"Cytokine-cytokine receptor interaction",GENE1267
KEGG,KEGG0011,"Cytokine-cytokine receptor interaction",GENE0496
KEGG,KEGG0011,"Cytokine-cytokine receptor interaction",GENE0322
KEGG,KEGG0011,"Cytokine-cytokine receptor interaction",GENE2972
KEGG,KEGG0011,"Cytokine-cytokine receptor interaction",GENE0103
KEGG,KEGG0011,"Cytokine-cytokine receptor interaction",GENE0541
KEGG,KEGG0011,"Cytokine-cytokine receptor interaction",GENE2217
KEGG,KEGG0011,"Cytokine-cytokine receptor interaction",GENE1952
KEGG,KEGG0011,"Cytokine-cytokine receptor interaction",GENE0990
KEGG,KEGG0011,"Cytokine-cytokine receptor interaction",GENE0873
KEGG,KEGG0011,"Cytokine-cytokine receptor interaction",GENE1667
KEGG,KEGG0011,"Cytokine-cytokine receptor interaction",GENE2800
KEGG,KEGG0011,"Cytokine-cytokine receptor interaction",GENE2357
KEGG,KEGG0011,"Cytokine-cytokine receptor interaction",GENE0803
KEGG,KEGG0011,"Cytokine-cytokine receptor interaction",GENE0844
KEGG,KEGG0011,"Cytokine-cytokine receptor interaction",GENE0762
KEGG,KEGG0011,"Cytokine-cytokine receptor interaction",GENE1555
KEGG,KEGG0011,"Cytokine-cytokine receptor interaction",GENE0814
KEGG,KEGG0011,"Cytokine-cytokine receptor interaction",GENE1220
KEGG,KEGG0011,"Cytokine-cytokine receptor interaction",GENE0799
KEGG,KEGG0011,"Cytokine-cytokine receptor interaction",GENE1003
KEGG,KEGG0011,"Cytokine-cytokine receptor interaction",GENE1714
KEGG,KEGG0011,"Cytokine-cytokine receptor interaction",GENE0776
KEGG,KEGG0011,"Cytokine-cytokine receptor interaction",GENE0908
KEGG,KEGG0011,"Cytokine-cytokine receptor interaction",GENE0244
KEGG,KEGG0011,"Cytokine-cytokine receptor interaction",GENE0418
KEGG,KEGG0011,"Cytokine-cytokine receptor interaction",GENE1375
KEGG,KEGG0011,"Cytokine-cytokine receptor interaction",GENE1984
KEGG,KEGG0011,"Cytokine-cytokine receptor interaction",GENE2733
KEGG,KEGG0011,"Cytokine-cytokine receptor interaction",GENE2788
KEGG,KEGG0011,"Cytokine-cytokine receptor interaction",GENE2799
KEGG,KEGG0011,"Cytokine-cytokine receptor interaction",GENE0321
KEGG,KEGG0011,"Cytokine-cytokine receptor interaction",GENE0696
KEGG,KEGG0011,"Cytokine-cytokine receptor interaction",GENE0831
KEGG,KEGG0011,"Cytokine-cytokine receptor interaction",GENE0199
KEGG,KEGG0011,"Cytokine-cytokine receptor interaction",GENE2210
KEGG,KEGG0011,"Cytokine-cytokine receptor interaction",GENE2353
KEGG,KEGG0011,"Cytokine-cytokine receptor interaction",GENE0361
KEGG,KEGG0011,"Cytokine-cytokine receptor interaction",GENE2330
KEGG,KEGG0011,"Cytokine-cytokine receptor interaction",GENE0838
KEGG,KEGG0011,"Cytokine-cytokine receptor interaction",TNF
KEGG,KEGG0011,"Cytokine-cytokine receptor interaction",GENE2867
KEGG,KEGG0011,"Cytokine-cytokine receptor interaction",GENE2018
KEGG,KEGG0011,"Cytokine-cytokine receptor interaction",GENE1077
KEGG,KEGG0011,"Cytokine-cytokine receptor interaction",GENE2903
KEGG,KEGG0011,"Cytokine-cytokine receptor interaction",GENE1104
KEGG,KEGG0011,"Cytokine-cytokine receptor interaction",GENE0575
KEGG,KEGG0011,"Cytokine-cytokine receptor interaction",GENE2197
KEGG,KEGG0011,"Cytokine-cytokine receptor interaction",GENE1524
KEGG,KEGG0011,"Cytokine-cytokine receptor interaction",GENE0427
KEGG,KEGG0011,"Cytokine-cytokine receptor interaction",GENE2081
KEGG,KEGG0011,"Cytokine-cytokine receptor interaction",GENE0538
KEGG,KEGG0012,"p53 signaling pathway",GENE0953
KEGG,KEGG0012,"p53 signaling pathway",GENE1576
KEGG,KEGG0012,"p53 signaling pathway",GENE0894
KEGG,KEGG0012,"p53 signaling pathway",GENE2690
KEGG,KEGG0012,"p53 signaling pathway",GENE1374
KEGG,KEGG0012,"p53 signaling pathway",GENE0764
KEGG,KEGG0012,"p53 signaling pathway",GENE1866
KEGG,KEGG0012,"p53 signaling pathway",GENE2641
KEGG,KEGG0012,"p53 signaling pathway",GENE2619
KEGG,KEGG0012,"p53 signaling pathway",GENE2235
KEGG,KEGG0012,"p53 signaling pathway",GENE2663
KEGG,KEGG0012,"p53 signaling pathway",GENE1941
KEGG,KEGG0012,"p53 signaling pathway",GENE2639
KEGG,KEGG0012,"p53 signaling pathway",GENE0843
KEGG,KEGG0012,"p53 signaling pathway",GENE2607
KEGG,KEGG0012,"p53 signaling pathway",GENE1404
KEGG,KEGG0012,"p53 signaling pathway",GENE2652
KEGG,KEGG0012,"p53 signaling pathway",GENE2251
KEGG,KEGG0012,"p53 signaling pathway",GENE0874
KEGG,KEGG0012,"p53 signaling pathway",GENE1154
KEGG,KEGG0012,"p53 signaling pathway",GENE1640
KEGG,KEGG0012,"p53 signaling pathway",GENE1632
KEGG,KEGG0012,"p53 signaling pathway",GENE2778
KEGG,KEGG0012,"p53 signaling pathway",GENE1038
KEGG,KEGG0012,"p53 signaling pathway",GENE0374
KEGG,KEGG0012,"p53 signaling pathway",GENE0255
KEGG,KEGG0012,"p53 signaling pathway",GENE1223
KEGG,KEGG0012,"p53 signaling pathway",GENE2177
KEGG,KEGG0012,"p53 signaling pathway",GENE1754
KEGG,KEGG0012,"p53 signaling pathway",GENE1641
KEGG,KEGG0012,"p53 signaling pathway",GENE2547
KEGG,KEGG0012,"p53 signaling pathway",GENE0450
KEGG,KEGG0012,"p53 signaling pathway",GENE2159
KEGG,KEGG0012,"p53 signaling pathway",GENE2463
KEGG,KEGG0012,"p53 signaling pathway",GENE2773
KEGG,KEGG0012,"p53 signaling pathway",GENE0800
KEGG,KEGG0012,"p53 signaling pathway",GENE0031
KEGG,KEGG0012,"p53 signaling pathway",GENE0760
KEGG,KEGG0012,"p53 signaling pathway",GENE2621
KEGG,KEGG0012,"p53 signaling pathway",GENE2199
KEGG,KEGG0012,"p53 signaling pathway",GENE0986
KEGG,KEGG0012,"p53 signaling pathway",GENE2142
KEGG,KEGG0012,"p53 signaling pathway",GENE2595
KEGG,KEGG0012,"p53 signaling pathway",GENE0536
KEGG,KEGG0012,"p53 signaling pathway",GENE2540
KEGG,KEGG0012,"p53 signaling pathway",GENE0188
KEGG,KEGG0012,"p53 signaling pathway",GENE0676
KEGG,KEGG0012,"p53 signaling pathway",GENE1607
KEGG,KEGG0012,"p53 signaling pathway",GENE2182
KEGG,KEGG0012,"p53 signaling pathway",GENE0368
KEGG,KEGG0012,"p53 signaling pathway",GENE2925
KEGG,KEGG0012,"p53 signaling pathway",GENE0497
KEGG,KEGG0012,"p53 signaling pathway",GENE1750
KEGG,KEGG0012,"p53 signaling pathway",GENE2415
KEGG,KEGG0012,"p53 signaling pathway",GENE1338
KEGG,KEGG0012,"p53 signaling pathway",GENE0491
KEGG,KEGG0012,"p53 signaling pathway",GENE1368
KEGG,KEGG0012,"p53 signaling pathway",GENE0963
KEGG,KEGG0012,"p53 signaling pathway",GENE0573
KEGG,KEGG0012,"p53 signaling pathway",GENE1499
KEGG,KEGG0012,"p53 signaling pathway",GENE1673
KEGG,KEGG0012,"p53 signaling pathway",GENE0350
KEGG,KEGG0012,"p53 signaling pathway",GENE2517
KEGG,KEGG0012,"p53 signaling pathway",GENE1758
KEGG,KEGG0012,"p53 signaling pathway",GENE0478
KEGG,KEGG0012,"p53 signaling pathway",GENE1604
KEGG,KEGG0012,"p53 signaling pathway",GENE1224
KEGG,KEGG0012,"p53 signaling pathway",GENE1524
KEGG,KEGG0012,"p53 signaling pathway",GENE0796
KEGG,KEGG0012,"p53 signaling pathway",GENE1796
KEGG,KEGG0012,"p53 signaling pathway",GENE1902
KEGG,KEGG0012,"p53 signaling pathway",GENE1998
KEGG,KEGG0012,"p53 signaling pathway",GENE2840
KEGG,KEGG0012,"p53 signaling pathway",VEGFA
KEGG,KEGG0012,"p53 signaling pathway",GENE2051
KEGG,KEGG0012,"p53 signaling pathway",GENE2946
KEGG,KEGG0012,"p53 signaling pathway",GENE0056
KEGG,KEGG0012,"p53 signaling pathway",GENE0938
KEGG,KEGG0012,"p53 signaling pathway",GENE2836
KEGG,KEGG0012,"p53 signaling pathway",GENE0283
KEGG,KEGG0012,"p53 signaling pathway",GENE1198
KEGG,KEGG0012,"p53 signaling pathway",GENE2662
KEGG,KEGG0012,"p53 signaling pathway",GENE0826
KEGG,KEGG0012,"p53 signaling pathway",GENE1994
KEGG,KEGG0012,"p53 signaling pathway",GENE1925
KEGG,KEGG0012,"p53 signaling pathway",GENE0631
KEGG,KEGG0012,"p53 signaling pathway",GENE2572
KEGG,KEGG0012,"p53 signaling pathway",GENE2577
KEGG,KEGG0012,"p53 signaling pathway",GENE1611
KEGG,KEGG0012,"p53 signaling pathway",GENE2921
KEGG,KEGG0012,"p53 signaling pathway",GENE1781
KEGG,KEGG0012,"p53 signaling pathway",GENE1196
KEGG,KEGG0012,"p53 signaling pathway",GENE2956
KEGG,KEGG0012,"p53 signaling pathway",GENE1786
KEGG,KEGG0012,"p53 signaling pathway",GENE0428
KEGG,KEGG0012,"p53 signaling pathway",GENE2886
KEGG,KEGG0012,"p53 signaling pathway",GENE0761
KEGG,KEGG0012,"p53 signaling pathway",GENE1400
KEGG,KEGG0012,"p53 signaling pathway",GENE1805
KEGG,KEGG0012,"p53 signaling pathway",GENE1558
KEGG,KEGG0012,"p53 signaling pathway",GENE0730
KEGG,KEGG0012,"p53 signaling pathway",GENE0313
KEGG,KEGG0012,"p53 signaling pathway",GENE0632
KEGG,KEGG0012,"p53 signaling pathway",GENE2787
KEGG,KEGG0012,"p53 signaling pathway",GENE1732
KEGG,KEGG0012,"p53 signaling pathway",GENE1717
KEGG,KEGG0012,"p53 signaling pathway",GENE2212
KEGG,KEGG0012,"p53 signaling pathway",GENE1433
KEGG,KEGG0012,"p53 signaling pathway",GENE1299
KEGG,KEGG0012,"p53 signaling pathway",GENE0513
KEGG,KEGG0012,"p53 signaling pathway",GENE1584
KEGG,KEGG0012,"p53 signaling pathway",GENE2491
KEGG,KEGG0012,"p53 signaling pathway",GENE0713
KEGG,KEGG0012,"p53 signaling pathway",GENE1007
KEGG,KEGG0012,"p53 signaling pathway",GENE2992
KEGG,KEGG0012,"p53 signaling pathway",GENE0507
KEGG,KEGG0012,"p53 signaling pathway",GENE2329
KEGG,KEGG0012,"p53 signaling pathway",GENE1518
KEGG,KEGG0012,"p53 signaling pathway",GENE1185
KEGG,KEGG0012,"p53 signaling pathway",GENE1569
KEGG,KEGG0012,"p53 signaling pathway",GENE2487
KEGG,KEGG0012,"p53 signaling pathway",GENE2021
KEGG,KEGG0012,"p53 signaling pathway",GENE2792
KEGG,KEGG0012,"p53 signaling pathway",GENE1775
KEGG,KEGG0012,"p53 signaling pathway",GENE0660
KEGG,KEGG0012,"p53 signaling pathway",GENE1206
KEGG,KEGG0012,"p53 signaling pathway",GENE0254
KEGG,KEGG0012,"p53 signaling pathway",GENE0330
KEGG,KEGG0012,"p53 signaling pathway",GENE2468
KEGG,KEGG0012,"p53 signaling pathway",GENE0284
KEGG,KEGG0012,"p53 signaling pathway",GENE2028
KEGG,KEGG0012,"p53 signaling pathway",GENE1072
KEGG,KEGG0012,"p53 signaling pathway",GENE1954
KEGG,KEGG0012,"p53 signaling pathway",GENE2275
KEGG,KEGG0012,"p53 signaling pathway",GENE0208
KEGG,KEGG0012,"p53 signaling pathway",GENE1828
KEGG,KEGG0012,"p53 signaling pathway",GENE0804
KEGG,KEGG0012,"p53 signaling pathway",GENE1579
KEGG,KEGG0012,"p53 signaling pathway",GENE0166
KEGG,KEGG0012,"p53 signaling pathway",GENE0458
KEGG,KEGG0012,"p53 signaling pathway",GENE0947
KEGG,KEGG0012,"p53 signaling pathway",GENE0439
KEGG,KEGG0012,"p53 signaling pathway",GENE0444
KEGG,KEGG0012,"p53 signaling pathway",GENE0172
KEGG,KEGG0012,"p53 signaling pathway",GENE2243
KEGG,KEGG0012,"p53 signaling pathway",GENE1624
KEGG,KEGG0012,"p53 signaling pathway",GENE1397
KEGG,KEGG0012,"p53 signaling pathway",GENE0880
KEGG,KEGG0012,"p53 signaling pathway",GENE2765
KEGG,KEGG0012,"p53 signaling pathway",GENE0233
KEGG,KEGG0012,"p53 signaling pathway",GENE0035
KEGG,KEGG0012,"p53 signaling pathway",GENE2464
KEGG,KEGG0012,"p53 signaling pathway",GENE1295
KEGG,KEGG0012,"p53 signaling pathway",GENE0384
KEGG,KEGG0012,"p53 signaling pathway",GENE2828
KEGG,KEGG0012,"p53 signaling pathway",GENE2588
KEGG,KEGG0012,"p53 signaling pathway",GENE0762
KEGG,KEGG0012,"p53 signaling pathway",GENE2515
KEGG,KEGG0012,"p53 signaling pathway",GENE0052
KEGG,KEGG0012,"p53 signaling pathway",GENE2431
KEGG,KEGG0012,"p53 signaling pathway",GENE1191
KEGG,KEGG0012,"p53 signaling pathway",GENE0424
KEGG,KEGG0012,"p53 signaling pathway",GENE2338
KEGG,KEGG0012,"p53 signaling pathway",GENE0404
KEGG,KEGG0012,"p53 signaling pathway",GENE0185
KEGG,KEGG0012,"p53 signaling pathway",GENE1702
KEGG,KEGG0012,"p53 signaling pathway",GENE2020
KEGG,KEGG0012,"p53 signaling pathway",GENE0354
KEGG,KEGG0012,"p53 signaling pathway",GENE2821
KEGG,KEGG0012,"p53 signaling pathway",GENE0138
KEGG,KEGG0012,"p53 signaling pathway",GENE1918
KEGG,KEGG0012,"p53 signaling pathway",GENE1929
KEGG,KEGG0012,"p53 signaling pathway",GENE2417
KEGG,KEGG0012,"p53 signaling pathway",GENE2896
KEGG,KEGG0012,"p53 signaling pathway",GENE2123
KEGG,KEGG0012,"p53 signaling pathway",GENE0582
KEGG,KEGG0012,"p53 signaling pathway",GENE0858
KEGG,KEGG0012,"p53 signaling pathway",GENE0790
KEGG,KEGG0012,"p53 signaling pathway",GENE2101
KEGG,KEGG0012,"p53 signaling pathway",GENE0288
KEGG,KEGG0012,"p53 signaling pathway",GENE0558
KEGG,KEGG0012,"p53 signaling pathway",GENE1471
KEGG,KEGG0012,"p53 signaling pathway",GENE0574
KEGG,KEGG0012,"p53 signaling pathway",GENE1797
KEGG,KEGG0012,"p53 signaling pathway",GENE0440
KEGG,KEGG0012,"p53 signaling pathway",GENE2659
KEGG,KEGG0012,"p53 signaling pathway",GENE1752
KEGG,KEGG0012,"p53 signaling pathway",GENE1864
KEGG,KEGG0012,"p53 signaling pathway",GENE1458
KEGG,KEGG0012,"p53 signaling pathway",GENE2719
KEGG,KEGG0012,"p53 signaling pathway",GENE0144
KEGG,KEGG0012,"p53 signaling pathway",GENE2103
KEGG,KEGG0012,"p53 signaling pathway",GENE1889
KEGG,KEGG0012,"p53 signaling pathway",GENE0710
KEGG,KEGG0012,"p53 signaling pathway",GENE1306
KEGG,KEGG0012,"p53 signaling pathway",GENE0570
KEGG,KEGG0012,"p53 signaling pathway",GENE1726
KEGG,KEGG0012,"p53 signaling pathway",GENE1108
KEGG,KEGG0012,"p53 signaling pathway",GENE2760
KEGG,KEGG0012,"p53 signaling pathway",GENE1001
KEGG,KEGG0012,"p53 signaling pathway",GENE1186
KEGG,KEGG0012,"p53 signaling pathway",GENE0077
KEGG,KEGG0012,"p53 signaling pathway",GENE1473
KEGG,KEGG0012,"p53 signaling pathway",GENE0940
KEGG,KEGG0012,"p53 signaling pathway",GENE2959
KEGG,KEGG0012,"p53 signaling pathway",GENE2419
KEGG,KEGG0012,"p53 signaling pathway",GENE2369
KEGG,KEGG0012,"p53 signaling pathway",GENE1136
KEGG,KEGG0012,"p53 signaling pathway",GENE1951
KEGG,KEGG0012,"p53 signaling pathway",GENE1788
KEGG,KEGG0012,"p53 signaling pathway",GENE0253
KEGG,KEGG0012,"p53 signaling pathway",GENE0415
KEGG,KEGG0012,"p53 signaling pathway",GENE0997
KEGG,KEGG0012,"p53 signaling pathway",GENE1515
KEGG,KEGG0012,"p53 signaling pathway",GENE0398
KEGG,KEGG0012,"p53 signaling pathway",GENE2295
KEGG,KEGG0012,"p53 signaling pathway",GENE0955
KEGG,KEGG0012,"p53 signaling pathway",GENE2869
KEGG,KEGG0012,"p53 signaling pathway",GENE2467
KEGG,KEGG0012,"p53 signaling pathway",GENE1719
KEGG,KEGG0012,"p53 signaling pathway",GENE2590
KEGG,KEGG0012,"p53 signaling pathway",GENE0827
KEGG,KEGG0012,"p53 signaling pathway",GENE0935
KEGG,KEGG0012,"p53 signaling pathway",GENE2263
KEGG,KEGG0012,"p53 signaling pathway",GENE1031
KEGG,KEGG0012,"p53 signaling pathway",GENE2228
KEGG,KEGG0012,"p53 signaling pathway",GENE2132
KEGG,KEGG0012,"p53 signaling pathway",GENE0608
KEGG,KEGG0012,"p53 signaling pathway",GENE1209
KEGG,KEGG0012,"p53 signaling pathway",GENE1137
KEGG,KEGG0012,"p53 signaling pathway",GENE2976
KEGG,KEGG0012,"p53 signaling pathway",GENE1180
KEGG,KEGG0012,"p53 signaling pathway",GENE2130
KEGG,KEGG0012,"p53 signaling pathway",GENE1117
KEGG,KEGG0012,"p53 signaling pathway",GENE0049
KEGG,KEGG0012,"p53 signaling pathway",GENE2423
KEGG,KEGG0012,"p53 signaling pathway",GENE2013
KEGG,KEGG0012,"p53 signaling pathway",GENE2523
KEGG,KEGG0012,"p53 signaling pathway",GENE2276
KEGG,KEGG0012,"p53 signaling pathway",GENE0592
KEGG,KEGG0012,"p53 signaling pathway",GENE2714
KEGG,KEGG0012,"p53 signaling pathway",GENE0390
KEGG,KEGG0012,"p53 signaling pathway",GENE1977
KEGG,KEGG0012,"p53 signaling pathway",GENE1358
KEGG,KEGG0012,"p53 signaling pathway",GENE1244
KEGG,KEGG0012,"p53 signaling pathway",GENE2790
KEGG,KEGG0012,"p53 signaling pathway",GENE0621
KEGG,KEGG0012,"p53 signaling pathway",GENE0312
KEGG,KEGG0012,"p53 signaling pathway",GENE0537
KEGG,KEGG0012,"p53 signaling pathway",GENE0512
KEGG,KEGG0012,"p53 signaling pathway",GENE2453
KEGG,KEGG0012,"p53 signaling pathway",GENE2518
KEGG,KEGG0012,"p53 signaling pathway",GENE2015
KEGG,KEGG0012,"p53 signaling pathway",GENE1957
KEGG,KEGG0012,"p53 signaling pathway",GENE1092
KEGG,KEGG0012,"p53 signaling pathway",GENE1696
KEGG,KEGG0012,"p53 signaling pathway",GENE1286
KEGG,KEGG0012,"p53 signaling pathway",GENE1053
KEGG,KEGG0012,"p53 signaling pathway",GENE2734
KEGG,KEGG0012,"p53 signaling pathway",GENE1631
KEGG,KEGG0012,"p53 signaling pathway",GENE2967
KEGG,KEGG0012,"p53 signaling pathway",GENE0983
KEGG,KEGG0012,"p53 signaling pathway",GENE0902
KEGG,KEGG0012,"p53 signaling pathway",GENE0919
KEGG,KEGG0012,"p53 signaling pathway",GENE1320
KEGG,KEGG0012,"p53 signaling pathway",GENE1943
KEGG,KEGG0013,"Cell cycle",GENE2078
KEGG,KEGG0013,"Cell cycle",GENE1248
KEGG,KEGG0013,"Cell cycle",GENE0563
KEGG,KEGG0013,"Cell cycle",GENE0492
KEGG,KEGG0013,"Cell cycle",GENE0328
KEGG,KEGG0013,"Cell cycle",GENE2257
KEGG,KEGG0013,"Cell cycle",GENE2014
KEGG,KEGG0013,"Cell cycle",GENE2031
KEGG,KEGG0013,"Cell cycle",GENE1308
KEGG,KEGG0013,"Cell cycle",GENE1420
KEGG,KEGG0013,"Cell cycle",GENE0388
KEGG,KEGG0013,"Cell cycle",GENE2238
KEGG,KEGG0013,"Cell cycle",GENE1241
KEGG,KEGG0013,"Cell cycle",GENE1432
KEGG,KEGG0013,"Cell cycle",GENE2663
KEGG,KEGG0013,"Cell cycle",GENE1988
KEGG,KEGG0013,"Cell cycle",GENE1092
KEGG,KEGG0013,"Cell cycle",GENE1936
KEGG,KEGG0013,"Cell cycle",GENE0429
KEGG,KEGG0013,"Cell cycle",GENE1944
KEGG,KEGG0013,"Cell cycle",GENE1295
KEGG,KEGG0013,"Cell cycle",GENE1782
KEGG,KEGG0013,"Cell cycle",GENE0912
KEGG,KEGG0013,"Cell cycle",GENE0855
KEGG,KEGG0013,"Cell cycle",GENE0933
KEGG,KEGG0013,"Cell cycle",GENE0208
KEGG,KEGG0013,"Cell cycle",GENE1928
KEGG,KEGG0013,"Cell cycle",GENE1725
KEGG,KEGG0013,"Cell cycle",GENE0940
KEGG,KEGG0013,"Cell cycle",TNF
KEGG,KEGG0013,"Cell cycle",GENE1317
KEGG,KEGG0013,"Cell cycle",GENE2384
KEGG,KEGG0013,"Cell cycle",GENE0863
KEGG,KEGG0013,"Cell cycle",GENE0350
KEGG,KEGG0013,"Cell cycle",GENE1966
KEGG,KEGG0013,"Cell cycle",GENE0070
KEGG,KEGG0013,"Cell cycle",GENE1313
KEGG,KEGG0013,"Cell cycle",GENE1351
KEGG,KEGG0013,"Cell cycle",GENE1290
KEGG,KEGG0013,"Cell cycle",GENE0926
KEGG,KEGG0013,"Cell cycle",GENE1817
KEGG,KEGG0013,"Cell cycle",GENE0487
KEGG,KEGG0013,"Cell cycle",GENE0899
KEGG,KEGG0013,"Cell cycle",GENE2324
KEGG,KEGG0013,"Cell cycle",GENE2528
KEGG,KEGG0013,"Cell cycle",GENE1105
KEGG,KEGG0013,"Cell cycle",GENE2885
KEGG,KEGG0013,"Cell cycle",GENE2950
KEGG,KEGG0013,"Cell cycle",GENE1184
KEGG,KEGG0013,"Cell cycle",GENE1796
KEGG,KEGG0013,"Cell cycle",GENE0464
KEGG,KEGG0013,"Cell cycle",GENE1558
KEGG,KEGG0013,"Cell cycle",GENE2609
KEGG,KEGG0013,"Cell cycle",GENE2847
KEGG,KEGG0013,"Cell cycle",GENE2586
KEGG,KEGG0013,"Cell cycle",GENE0727
KEGG,KEGG0013,"Cell cycle",GENE2588
KEGG,KEGG0013,"Cell cycle",GENE0612
KEGG,KEGG0013,"Cell cycle",GENE2047
KEGG,KEGG0013,"Cell cycle",GENE2710
KEGG,KEGG0013,"Cell cycle",GENE0112
KEGG,KEGG0013,"Cell cycle",GENE1942
KEGG,KEGG0013,"Cell cycle",GENE1153
KEGG,KEGG0013,"Cell cycle",GENE1884
KEGG,KEGG0013,"Cell cycle",GENE1160
KEGG,KEGG0013,"Cell cycle",GENE1527
KEGG,KEGG0013,"Cell cycle",GENE2827
KEGG,KEGG0013,"Cell cycle",GENE1444
KEGG,KEGG0013,"Cell cycle",GENE2348
KEGG,KEGG0013,"Cell cycle",GENE2083
KEGG,KEGG0013,"Cell cycle",GENE1678
KEGG,KEGG0013,"Cell cycle",GENE2492
KEGG,KEGG0013,"Cell cycle",GENE0499
KEGG,KEGG0013,"Cell cycle",GENE0437
KEGG,KEGG0013,"Cell cycle",GENE1842
KEGG,KEGG0013,"Cell cycle",GENE2173
KEGG,KEGG0013,"Cell cycle",GENE1856
KEGG,KEGG0013,"Cell cycle",GENE1592
KEGG,KEGG0013,"Cell cycle",GENE2197
KEGG,KEGG0013,"Cell cycle",GENE1088
KEGG,KEGG0013,"Cell cycle",GENE1458
KEGG,KEGG0013,"Cell cycle",GENE1626
KEGG,KEGG0013,"Cell cycle",GENE0480
KEGG,KEGG0013,"Cell cycle",GENE0662
KEGG,KEGG0013,"Cell cycle",GENE1037
KEGG,KEGG0013,"Cell cycle",GENE0514
KEGG,KEGG0013,"Cell cycle",GENE1139
KEGG,KEGG0013,"Cell cycle",GENE2815
KEGG,KEGG0013,"Cell cycle",GENE0609
KEGG,KEGG0013,"Cell cycle",GENE0682
KEGG,KEGG0013,"Cell cycle",GENE0887
KEGG,KEGG0013,"Cell cycle",GENE2545
KEGG,KEGG0013,"Cell cycle",GENE0223
KEGG,KEGG0013,"Cell cycle",GENE2178
KEGG,KEGG0013,"Cell cycle",GENE2646
KEGG,KEGG0013,"Cell cycle",GENE2330
KEGG,KEGG0013,"Cell cycle",GENE1011
KEGG,KEGG0013,"Cell cycle",GENE2041
KEGG,KEGG0013,"Cell cycle",GENE1181
KEGG,KEGG0013,"Cell cycle",GENE0229
KEGG,KEGG0013,"Cell cycle",GENE0108
KEGG,KEGG0013,"Cell cycle",GENE2835
KEGG,KEGG0013,"Cell cycle",GENE2546
KEGG,KEGG0013,"Cell cycle",GENE0962
KEGG,KEGG0013,"Cell cycle",GENE1825
KEGG,KEGG0013,"Cell cycle",GENE2443
KEGG,KEGG0013,"Cell cycle",GENE1755
KEGG,KEGG0013,"Cell cycle",GENE1968
KEGG,KEGG0013,"Cell cycle",GENE0867
KEGG,KEGG0013,"Cell cycle",GENE0347
KEGG,KEGG0013,"Cell cycle",GENE0969
KEGG,KEGG0013,"Cell cycle",GENE2401
KEGG,KEGG0013,"Cell cycle",GENE2128
KEGG,KEGG0013,"Cell cycle",GENE0852
KEGG,KEGG0013,"Cell cycle",GENE0911
KEGG,KEGG0013,"Cell cycle",GENE2076
KEGG,KEGG0013,"Cell cycle",GENE2166
KEGG,KEGG0013,"Cell cycle",GENE2206
KEGG,KEGG0013,"Cell cycle",GENE0837
KEGG,KEGG0013,"Cell cycle",GENE2133
KEGG,KEGG0013,"Cell cycle",GENE2862
KEGG,KEGG0013,"Cell cycle",GENE0971
KEGG,KEGG0013,"Cell cycle",GENE2878
KEGG,KEGG0013,"Cell cycle",GENE2368
KEGG,KEGG0013,"Cell cycle",GENE0311
KEGG,KEGG0013,"Cell cycle",GENE0995
KEGG,KEGG0013,"Cell cycle",GENE2939
KEGG,KEGG0013,"Cell cycle",GENE2692
KEGG,KEGG0013,"Cell cycle",GENE1098
KEGG,KEGG0013,"Cell cycle",GENE2654
KEGG,KEGG0013,"Cell cycle",GENE1971
KEGG,KEGG0013,"Cell cycle",GENE0483
KEGG,KEGG0013,"Cell cycle",GENE2810
KEGG,KEGG0013,"Cell cycle",GENE1162
KEGG,KEGG0013,"Cell cycle",GENE0663
KEGG,KEGG0013,"Cell cycle",GENE2058
KEGG,KEGG0013,"Cell cycle",GENE0826
KEGG,KEGG0013,"Cell cycle",GENE2403
KEGG,KEGG0013,"Cell cycle",GENE0050
KEGG,KEGG0013,"Cell cycle",GENE1509
KEGG,KEGG0013,"Cell cycle",GENE1027
KEGG,KEGG0013,"Cell cycle",GENE0743
KEGG,KEGG0013,"Cell cycle",GENE1322
KEGG,KEGG0013,"Cell cycle",GENE2864
KEGG,KEGG0013,"Cell cycle",GENE1618
KEGG,KEGG0013,"Cell cycle",GENE0671
KEGG,KEGG0013,"Cell cycle",GENE2474
KEGG,KEGG0013,"Cell cycle",GENE2045
KEGG,KEGG0013,"Cell cycle",GENE0593
KEGG,KEGG0013,"Cell cycle",GENE1285
KEGG,KEGG0013,"Cell cycle",GENE0597
KEGG,KEGG0013,"Cell cycle",GENE1205
KEGG,KEGG0013,"Cell cycle",GENE0481
KEGG,KEGG0013,"Cell cycle",GENE1274
KEGG,KEGG0013,"Cell cycle",GENE2976
KEGG,KEGG0013,"Cell cycle",GENE1386
KEGG,KEGG0013,"Cell cycle",GENE2873
KEGG,KEGG0013,"Cell cycle",GENE2438
KEGG,KEGG0013,"Cell cycle",GENE0153
KEGG,KEGG0013,"Cell cycle",GENE0371
KEGG,KEGG0013,"Cell cycle",GENE2174
KEGG,KEGG0013,"Cell cycle",GENE0762
KEGG,KEGG0013,"Cell cycle",GENE2790
KEGG,KEGG0013,"Cell cycle",GENE0978
KEGG,KEGG0013,"Cell cycle",GENE0126
KEGG,KEGG0013,"Cell cycle",GENE2509
KEGG,KEGG0013,"Cell cycle",BAX
KEGG,KEGG0013,"Cell cycle",GENE2730
KEGG,KEGG0013,"Cell cycle",GENE1242
KEGG,KEGG0013,"Cell cycle",GENE1418
KEGG,KEGG0013,"Cell cycle",GENE1873
KEGG,KEGG0013,"Cell cycle",GENE0755
KEGG,KEGG0013,"Cell cycle",GENE1453
KEGG,KEGG0013,"Cell cycle",GENE2205
KEGG,KEGG0013,"Cell cycle",GENE2043
KEGG,KEGG0013,"Cell cycle",GENE2797
KEGG,KEGG0013,"Cell cycle",GENE0092
KEGG,KEGG0013,"Cell cycle",GENE2658
KEGG,KEGG0013,"Cell cycle",GENE2152
KEGG,KEGG0013,"Cell cycle",GENE2902
KEGG,KEGG0013,"Cell cycle",GENE0117
KEGG,KEGG0013,"Cell cycle",GENE1436
KEGG,KEGG0013,"Cell cycle",GENE0099
KEGG,KEGG0013,"Cell cycle",GENE2187
KEGG,KEGG0013,"Cell cycle",GENE2185
KEGG,KEGG0013,"Cell cycle",GENE0273
KEGG,KEGG0013,"Cell cycle",GENE1165
KEGG,KEGG0013,"Cell cycle",GENE0711
KEGG,KEGG0013,"Cell cycle",GENE0450
KEGG,KEGG0013,"Cell cycle",GENE0626
KEGG,KEGG0013,"Cell cycle",GENE2945
KEGG,KEGG0013,"Cell cycle",GENE2301
KEGG,KEGG0013,"Cell cycle",GENE0184
KEGG,KEGG0013,"Cell cycle",GENE0865
KEGG,KEGG0013,"Cell cycle",GENE0788
KEGG,KEGG0013,"Cell cycle",GENE1467
KEGG,KEGG0013,"Cell cycle",GENE0848
KEGG,KEGG0013,"Cell cycle",GENE0645
KEGG,KEGG0013,"Cell cycle",GENE1222
KEGG,KEGG0014,"PI3K-Akt signaling",GENE1196
KEGG,KEGG0014,"PI3K-Akt signaling",GENE2031
KEGG,KEGG0014,"PI3K-Akt signaling",GENE0106
KEGG,KEGG0014,"PI3K-Akt signaling",GENE1938
KEGG,KEGG0014,"PI3K-Akt signaling",GENE1747
KEGG,KEGG0014,"PI3K-Akt signaling",GENE1665
KEGG,KEGG0014,"PI3K-Akt signaling",GENE2577
KEGG,KEGG0014,"PI3K-Akt signaling",GENE1786
KEGG,KEGG0014,"PI3K-Akt signaling",GENE2227
KEGG,KEGG0014,"PI3K-Akt signaling",GENE1256
KEGG,KEGG0014,"PI3K-Akt signaling",GENE0194
KEGG,KEGG0014,"PI3K-Akt signaling",GENE0394
KEGG,KEGG0014,"PI3K-Akt signaling",GENE2110
KEGG,KEGG0014,"PI3K-Akt signaling",GENE2062
KEGG,KEGG0014,"PI3K-Akt signaling",GENE0217
KEGG,KEGG0014,"PI3K-Akt signaling",GENE1800
KEGG,KEGG0014,"PI3K-Akt signaling",GENE2899
KEGG,KEGG0014,"PI3K-Akt signaling",GENE2869
KEGG,KEGG0014,"PI3K-Akt signaling",GENE0843
KEGG,KEGG0014,"PI3K-Akt signaling",GENE2143
KEGG,KEGG0014,"PI3K-Akt signaling",GENE1795
KEGG,KEGG0014,"PI3K-Akt signaling",GENE1672
KEGG,KEGG0014,"PI3K-Akt signaling",GENE0367
KEGG,KEGG0014,"PI3K-Akt signaling",GENE0549
KEGG,KEGG0014,"PI3K-Akt signaling",GENE2372
KEGG,KEGG0014,"PI3K-Akt signaling",GENE2592
KEGG,KEGG0014,"PI3K-Akt signaling",GENE1997
KEGG,KEGG0014,"PI3K-Akt signaling",GENE2029
KEGG,KEGG0014,"PI3K-Akt signaling",GENE1389
KEGG,KEGG0014,"PI3K-Akt signaling",GENE2707
KEGG,KEGG0014,"PI3K-Akt signaling",GENE0272
KEGG,KEGG0014,"PI3K-Akt signaling",GENE0804
KEGG,KEGG0014,"PI3K-Akt signaling",GENE2979
KEGG,KEGG0014,"PI3K-Akt signaling",GENE1821
KEGG,KEGG0014,"PI3K-Akt signaling",GENE1081
KEGG,KEGG0014,"PI3K-Akt signaling",GENE0862
KEGG,KEGG0014,"PI3K-Akt signaling",GENE2333
KEGG,KEGG0014,"PI3K-Akt signaling",GENE1457
KEGG,KEGG0014,"PI3K-Akt signaling",GENE2109
KEGG,KEGG0014,"PI3K-Akt signaling",GENE2955
KEGG,KEGG0014,"PI3K-Akt signaling",GENE2833
KEGG,KEGG0014,"PI3K-Akt signaling",GENE2435
KEGG,KEGG0014,"PI3K-Akt signaling",GENE1604
KEGG,KEGG0014,"PI3K-Akt signaling",GENE1298
KEGG,KEGG0014,"PI3K-Akt signaling",GENE2357
KEGG,KEGG0014,"PI3K-Akt signaling",GENE0401
KEGG,KEGG0014,"PI3K-Akt signaling",GENE1485
KEGG,KEGG0014,"PI3K-Akt signaling",GENE2181
KEGG,KEGG0014,"PI3K-Akt signaling",GENE1403
KEGG,KEGG0014,"PI3K-Akt signaling",GENE2865
KEGG,KEGG0014,"PI3K-Akt signaling",GENE2280
KEGG,KEGG0014,"PI3K-Akt signaling",GENE1016
KEGG,KEGG0014,"PI3K-Akt signaling",GENE0532
KEGG,KEGG0014,"PI3K-Akt signaling",GENE2453
KEGG,KEGG0014,"PI3K-Akt signaling",GENE0702
KEGG,KEGG0014,"PI3K-Akt signaling",GENE0597
KEGG,KEGG0014,"PI3K-Akt signaling",GENE0038
KEGG,KEGG0014,"PI3K-Akt signaling",GENE1619
KEGG,KEGG0014,"PI3K-Akt signaling",GENE2665
KEGG,KEGG0014,"PI3K-Akt signaling",GENE2670
KEGG,KEGG0014,"PI3K-Akt signaling",GENE1128
KEGG,KEGG0014,"PI3K-Akt signaling",GENE1810
KEGG,KEGG0014,"PI3K-Akt signaling",GENE1461
KEGG,KEGG0014,"PI3K-Akt signaling",GENE0621
KEGG,KEGG0014,"PI3K-Akt signaling",GENE2210
KEGG,KEGG0014,"PI3K-Akt signaling",GENE1116
KEGG,KEGG0014,"PI3K-Akt signaling",GENE2401
KEGG,KEGG0014,"PI3K-Akt signaling",GENE2620
KEGG,KEGG0014,"PI3K-Akt signaling",GENE2222
KEGG,KEGG0014,"PI3K-Akt signaling",GENE0456
KEGG,KEGG0014,"PI3K-Akt signaling",GENE1645
KEGG,KEGG0014,"PI3K-Akt signaling",GENE0211
KEGG,KEGG0014,"PI3K-Akt signaling",GENE1691
KEGG,KEGG0014,"PI3K-Akt signaling",GENE0242
KEGG,KEGG0014,"PI3K-Akt signaling",GENE2515
KEGG,KEGG0014,"PI3K-Akt signaling",GENE1865
KEGG,KEGG0014,"PI3K-Akt signaling",GENE1886
KEGG,KEGG0014,"PI3K-Akt signaling",GENE2167
KEGG,KEGG0014,"PI3K-Akt signaling",GENE2392
KEGG,KEGG0015,"Apoptosis",GENE0770
KEGG,KEGG0015,"Apoptosis",GENE1560
KEGG,KEGG0015,"Apoptosis",GENE1080
KEGG,KEGG0015,"Apoptosis",GENE1441
KEGG,KEGG0015,"Apoptosis",GENE0466
KEGG,KEGG0015,"Apoptosis",GENE1421
KEGG,KEGG0015,"Apoptosis",GENE2553
KEGG,KEGG0015,"Apoptosis",GENE0665
KEGG,KEGG0015,"Apoptosis",GENE1902
KEGG,KEGG0015,"Apoptosis",GENE1424
KEGG,KEGG0015,"Apoptosis",GENE0395
KEGG,KEGG0015,"Apoptosis",GENE1083
KEGG,KEGG0015,"Apoptosis",GENE1769
KEGG,KEGG0015,"Apoptosis",GENE1934
KEGG,KEGG0015,"Apoptosis",GENE1657
KEGG,KEGG0015,"Apoptosis",GENE2672
KEGG,KEGG0015,"Apoptosis",GENE1981
KEGG,KEGG0015,"Apoptosis",GENE1854
KEGG,KEGG0015,"Apoptosis",GENE1617
KEGG,KEGG0015,"Apoptosis",GENE0869
KEGG,KEGG0015,"Apoptosis",GENE0716
KEGG,KEGG0015,"Apoptosis",GENE2291
KEGG,KEGG0015,"Apoptosis",GENE1217
KEGG,KEGG0015,"Apoptosis",GENE1498
KEGG,KEGG0015,"Apoptosis",GENE2464
KEGG,KEGG0015,"Apoptosis",GENE2094
KEGG,KEGG0015,"Apoptosis",GENE0083
KEGG,KEGG0015,"Apoptosis",GENE2963
KEGG,KEGG0015,"Apoptosis",GENE2609
KEGG,KEGG0015,"Apoptosis",GENE2232
KEGG,KEGG0015,"Apoptosis",GENE2699
KEGG,KEGG0015,"Apoptosis",GENE1504
KEGG,KEGG0015,"Apoptosis",GENE0258
KEGG,KEGG0015,"Apoptosis",GENE0950
KEGG,KEGG0015,"Apoptosis",GENE0606
KEGG,KEGG0015,"Apoptosis",GENE1055
KEGG,KEGG0015,"Apoptosis",GENE0345
KEGG,KEGG0015,"Apoptosis",GENE2092
KEGG,KEGG0015,"Apoptosis",GENE2652
KEGG,KEGG0015,"Apoptosis",GENE0400
KEGG,KEGG0015,"Apoptosis",GENE0357
KEGG,KEGG0015,"Apoptosis",GENE0239
KEGG,KEGG0015,"Apoptosis",GENE2059
KEGG,KEGG0015,"Apoptosis",GENE2188
KEGG,KEGG0015,"Apoptosis",GENE0760
KEGG,KEGG0015,"Apoptosis",GENE1485
KEGG,KEGG0015,"Apoptosis",GENE0374
KEGG,KEGG0015,"Apoptosis",GENE1824
KEGG,KEGG0015,"Apoptosis",GENE1792
KEGG,KEGG0015,"Apoptosis",GENE2715
KEGG,KEGG0015,"Apoptosis",GENE1148
KEGG,KEGG0015,"Apoptosis",GENE2286
KEGG,KEGG0015,"Apoptosis",GENE2387
KEGG,KEGG0015,"Apoptosis",GENE2704
KEGG,KEGG0015,"Apoptosis",GENE0710
KEGG,KEGG0015,"Apoptosis",GENE0044
KEGG,KEGG0015,"Apoptosis",GENE2870
KEGG,KEGG0015,"Apoptosis",GENE1410
KEGG,KEGG0015,"Apoptosis",GENE0743
KEGG,KEGG0015,"Apoptosis",GENE0982
KEGG,KEGG0015,"Apoptosis",GENE2021
KEGG,KEGG0015,"Apoptosis",GENE2429
KEGG,KEGG0015,"Apoptosis",GENE0625
KEGG,KEGG0015,"Apoptosis",GENE1355
KEGG,KEGG0015,"Apoptosis",GENE0620
KEGG,KEGG0015,"Apoptosis",GENE2183
KEGG,KEGG0015,"Apoptosis",GENE2649
KEGG,KEGG0015,"Apoptosis",GENE1463
KEGG,KEGG0015,"Apoptosis",GENE0179
KEGG,KEGG0015,"Apoptosis",GENE1953
KEGG,KEGG0015,"Apoptosis",GENE1762
KEGG,KEGG0015,"Apoptosis",GENE0389
KEGG,KEGG0015,"Apoptosis",GENE0752
KEGG,KEGG0015,"Apoptosis",GENE2115
KEGG,KEGG0015,"Apoptosis",GENE2530
KEGG,KEGG0015,"Apoptosis",GENE0325
KEGG,KEGG0015,"Apoptosis",GENE1389
KEGG,KEGG0015,"Apoptosis",GENE2651
KEGG,KEGG0015,"Apoptosis",GENE2327
KEGG,KEGG0015,"Apoptosis",GENE1579
KEGG,KEGG0015,"Apoptosis",GENE1160
KEGG,KEGG0015,"Apoptosis",GENE1047
KEGG,KEGG0015,"Apoptosis",GENE1720
KEGG,KEGG0015,"Apoptosis",GENE2441
KEGG,KEGG0015,"Apoptosis",GENE2950
KEGG,KEGG0015,"Apoptosis",GENE2767
KEGG,KEGG0015,"Apoptosis",GENE2940
KEGG,KEGG0015,"Apoptosis",GENE2344
KEGG,KEGG0015,"Apoptosis",GENE1751
KEGG,KEGG0015,"Apoptosis",GENE2324
KEGG,KEGG0015,"Apoptosis",GENE0211
KEGG,KEGG0015,"Apoptosis",GENE0786
KEGG,KEGG0015,"Apoptosis",GENE1933
KEGG,KEGG0015,"Apoptosis",GENE0340
KEGG,KEGG0015,"Apoptosis",GENE1842
KEGG,KEGG0015,"Apoptosis",GENE1300
KEGG,KEGG0015,"Apoptosis",GENE0431
KEGG,KEGG0015,"Apoptosis",GENE1010
KEGG,KEGG0015,"Apoptosis",GENE2165
KEGG,KEGG0015,"Apoptosis",GENE1476
KEGG,KEGG0015,"Apoptosis",GENE2513
KEGG,KEGG0015,"Apoptosis",GENE1135
KEGG,KEGG0015,"Apoptosis",GENE2753
KEGG,KEGG0015,"Apoptosis",GENE1871
KEGG,KEGG0015,"Apoptosis",GENE0530
KEGG,KEGG0015,"Apoptosis",GENE1861
KEGG,KEGG0015,"Apoptosis",GENE0407
KEGG,KEGG0015,"Apoptosis",GENE2108
KEGG,KEGG0015,"Apoptosis",GENE2801
KEGG,KEGG0015,"Apoptosis",GENE2888
KEGG,KEGG0015,"Apoptosis",GENE1721
KEGG,KEGG0015,"Apoptosis",GENE0565
KEGG,KEGG0015,"Apoptosis",FOS
KEGG,KEGG0015,"Apoptosis",GENE1639
KEGG,KEGG0015,"Apoptosis",GENE2564
KEGG,KEGG0015,"Apoptosis",GENE1210
KEGG,KEGG0015,"Apoptosis",GENE2902
KEGG,KEGG0015,"Apoptosis",GENE0849
KEGG,KEGG0015,"Apoptosis",GENE1760
KEGG,KEGG0015,"Apoptosis",GENE1932
KEGG,KEGG0015,"Apoptosis",GENE1970
KEGG,KEGG0015,"Apoptosis",GENE1336
KEGG,KEGG0015,"Apoptosis",GENE0936
KEGG,KEGG0015,"Apoptosis",GENE1422
KEGG,KEGG0015,"Apoptosis",GENE1539
KEGG,KEGG0015,"Apoptosis",GENE0757
KEGG,KEGG0015,"Apoptosis",GENE1690
KEGG,KEGG0015,"Apoptosis",GENE2361
KEGG,KEGG0015,"Apoptosis",GENE1383
KEGG,KEGG0015,"Apoptosis",GENE1703
KEGG,KEGG0015,"Apoptosis",GENE1899
KEGG,KEGG0015,"Apoptosis",GENE1237
KEGG,KEGG0015,"Apoptosis",GENE2552
KEGG,KEGG0015,"Apoptosis",GENE2575
KEGG,KEGG0015,"Apoptosis",GENE0140
KEGG,KEGG0015,"Apoptosis",GENE2859
KEGG,KEGG0015,"Apoptosis",GENE1418
KEGG,KEGG0015,"Apoptosis",GENE0291
KEGG,KEGG0015,"Apoptosis",GENE1027
KEGG,KEGG0015,"Apoptosis",GENE0343
KEGG,KEGG0015,"Apoptosis",GENE0049
KEGG,KEGG0015,"Apoptosis",GENE2712
KEGG,KEGG0015,"Apoptosis",GENE1137
KEGG,KEGG0015,"Apoptosis",GENE0852
KEGG,KEGG0015,"Apoptosis",GENE2991
KEGG,KEGG0015,"Apoptosis",GENE2017
KEGG,KEGG0015,"Apoptosis",GENE1977
KEGG,KEGG0015,"Apoptosis",GENE2434
KEGG,KEGG0015,"Apoptosis",GENE1541
KEGG,KEGG0015,"Apoptosis",GENE0929
KEGG,KEGG0015,"Apoptosis",GENE0194
KEGG,KEGG0015,"Apoptosis",GENE1735
KEGG,KEGG0015,"Apoptosis",GENE1200
KEGG,KEGG0015,"Apoptosis",GENE2010
KEGG,KEGG0015,"Apoptosis",GENE0796
KEGG,KEGG0015,"Apoptosis",GENE1098
KEGG,KEGG0015,"Apoptosis",GENE0555
KEGG,KEGG0015,"Apoptosis",GENE0415
KEGG,KEGG0015,"Apoptosis",GENE1417
KEGG,KEGG0015,"Apoptosis",GENE2584
KEGG,KEGG0015,"Apoptosis",GENE2817
KEGG,KEGG0015,"Apoptosis",GENE2959
KEGG,KEGG0015,"Apoptosis",GENE2602
KEGG,KEGG0015,"Apoptosis",GENE2304
KEGG,KEGG0015,"Apoptosis",GENE2135
KEGG,KEGG0015,"Apoptosis",GENE0077
KEGG,KEGG0015,"Apoptosis",GENE0540
KEGG,KEGG0015,"Apoptosis",GENE2182
KEGG,KEGG0015,"Apoptosis",GENE1106
KEGG,KEGG0015,"Apoptosis",GENE0370
KEGG,KEGG0015,"Apoptosis",GENE1333
KEGG,KEGG0015,"Apoptosis",GENE2202
KEGG,KEGG0015,"Apoptosis",GENE1817
KEGG,KEGG0015,"Apoptosis",GENE1800
KEGG,KEGG0015,"Apoptosis",GENE1752
KEGG,KEGG0016,"TNF signaling pathway",GENE0199
KEGG,KEGG0016,"TNF signaling pathway",GENE0671
KEGG,KEGG0016,"TNF signaling pathway",GENE2871
KEGG,KEGG0016,"TNF signaling pathway",GENE1288
KEGG,KEGG0016,"TNF signaling pathway",GENE2690
KEGG,KEGG0016,"TNF signaling pathway",GENE1771
KEGG,KEGG0016,"TNF signaling pathway",GENE2018
KEGG,KEGG0016,"TNF signaling pathway",GENE1587
KEGG,KEGG0016,"TNF signaling pathway",GENE2607
KEGG,KEGG0016,"TNF signaling pathway",GENE1759
KEGG,KEGG0016,"TNF signaling pathway",GENE2663
KEGG,KEGG0016,"TNF signaling pathway",GENE1556
KEGG,KEGG0016,"TNF signaling pathway",GENE1393
KEGG,KEGG0016,"TNF signaling pathway",GENE1313
KEGG,KEGG0016,"TNF signaling pathway",GENE0771
KEGG,KEGG0016,"TNF signaling pathway",GENE2514
KEGG,KEGG0016,"TNF signaling pathway",GENE0246
KEGG,KEGG0016,"TNF signaling pathway",GENE2573
KEGG,KEGG0016,"TNF signaling pathway",GENE2388
KEGG,KEGG0016,"TNF signaling pathway",GENE2381
KEGG,KEGG0016,"TNF signaling pathway",GENE0427
KEGG,KEGG0016,"TNF signaling pathway",GENE2677
KEGG,KEGG0016,"TNF signaling pathway",GENE2427
KEGG,KEGG0016,"TNF signaling pathway",GENE1681
KEGG,KEGG0016,"TNF signaling pathway",GENE2531
KEGG,KEGG0016,"TNF signaling pathway",GENE2012
KEGG,KEGG0016,"TNF signaling pathway",GENE2122
KEGG,KEGG0016,"TNF signaling pathway",GENE1691
KEGG,KEGG0016,"TNF signaling pathway",GENE2291
KEGG,KEGG0016,"TNF signaling pathway",GENE1632
KEGG,KEGG0016,"TNF signaling pathway",GENE0319
KEGG,KEGG0016,"TNF signaling pathway",GENE1263
KEGG,KEGG0016,"TNF signaling pathway",GENE2321
KEGG,KEGG0016,"TNF signaling pathway",GENE2632
KEGG,KEGG0016,"TNF signaling pathway",GENE2258
KEGG,KEGG0016,"TNF signaling pathway",GENE2747
KEGG,KEGG0016,"TNF signaling pathway",GENE0044
KEGG,KEGG0016,"TNF signaling pathway",GENE1123
KEGG,KEGG0016,"TNF signaling pathway",GENE0993
KEGG,KEGG0016,"TNF signaling pathway",GENE0339
KEGG,KEGG0016,"TNF signaling pathway",GENE0131
KEGG,KEGG0016,"TNF signaling pathway",GENE2543
KEGG,KEGG0016,"TNF signaling pathway",GENE2119
KEGG,KEGG0016,"TNF signaling pathway",GENE0419
KEGG,KEGG0016,"TNF signaling pathway",GENE2825
KEGG,KEGG0016,"TNF signaling pathway",GENE1814
KEGG,KEGG0016,"TNF signaling pathway",GENE1868
KEGG,KEGG0016,"TNF signaling pathway",GENE0259
KEGG,KEGG0016,"TNF signaling pathway",GENE0222
KEGG,KEGG0016,"TNF signaling pathway",GENE1023
KEGG,KEGG0016,"TNF signaling pathway",GENE2302
KEGG,KEGG0016,"TNF signaling pathway",GENE0731
KEGG,KEGG0016,"TNF signaling pathway",GENE1149
KEGG,KEGG0016,"TNF signaling pathway",GENE2923
KEGG,KEGG0016,"TNF signaling pathway",GENE2336
KEGG,KEGG0016,"TNF signaling pathway",GENE1705
KEGG,KEGG0016,"TNF signaling pathway",GENE1223
KEGG,KEGG0016,"TNF signaling pathway",GENE1142
KEGG,KEGG0016,"TNF signaling pathway",GENE1865
KEGG,KEGG0016,"TNF signaling pathway",GENE1061
KEGG,KEGG0016,"TNF signaling pathway",GENE0745
KEGG,KEGG0016,"TNF signaling pathway",GENE2417
KEGG,KEGG0016,"TNF signaling pathway",GENE2175
KEGG,KEGG0016,"TNF signaling pathway",GENE1866
KEGG,KEGG0016,"TNF signaling pathway",GENE2241
KEGG,KEGG0016,"TNF signaling pathway",GENE0569
KEGG,KEGG0016,"TNF signaling pathway",GENE1403
KEGG,KEGG0016,"TNF signaling pathway",GENE1804
KEGG,KEGG0016,"TNF signaling pathway",GENE2581
KEGG,KEGG0016,"TNF signaling pathway",GENE1663
KEGG,KEGG0016,"TNF signaling pathway",GENE1886
KEGG,KEGG0016,"TNF signaling pathway",GENE0537
KEGG,KEGG0016,"TNF signaling pathway",GENE1491
KEGG,KEGG0016,"TNF signaling pathway",GENE0828
KEGG,KEGG0016,"TNF signaling pathway",GENE2183
KEGG,KEGG0016,"TNF signaling pathway",GENE0782
KEGG,KEGG0016,"TNF signaling pathway",GENE1469
KEGG,KEGG0016,"TNF signaling pathway",GENE1957
KEGG,KEGG0016,"TNF signaling pathway",GENE2083
KEGG,KEGG0016,"TNF signaling pathway",GENE2360
KEGG,KEGG0016,"TNF signaling pathway",GENE0426
KEGG,KEGG0016,"TNF signaling pathway",GENE1835
KEGG,KEGG0016,"TNF signaling pathway",GENE0545
KEGG,KEGG0016,"TNF signaling pathway",GENE0079
KEGG,KEGG0016,"TNF signaling pathway",GENE0614
KEGG,KEGG0016,"TNF signaling pathway",GENE1669
KEGG,KEGG0016,"TNF signaling pathway",GENE1322
KEGG,KEGG0016,"TNF signaling pathway",GENE0535
KEGG,KEGG0016,"TNF signaling pathway",GENE0843
KEGG,KEGG0016,"TNF signaling pathway",GENE0258
KEGG,KEGG0016,"TNF signaling pathway",GENE1257
KEGG,KEGG0016,"TNF signaling pathway",GENE0534
KEGG,KEGG0016,"TNF signaling pathway",GENE0190
KEGG,KEGG0016,"TNF signaling pathway",GENE0876
KEGG,KEGG0016,"TNF signaling pathway",GENE0696
KEGG,KEGG0016,"TNF signaling pathway",GENE1141
KEGG,KEGG0016,"TNF signaling pathway",GENE1584
KEGG,KEGG0016,"TNF signaling pathway",GENE1894
KEGG,KEGG0016,"TNF signaling pathway",GENE0865
KEGG,KEGG0016,"TNF signaling pathway",GENE2841
KEGG,KEGG0016,"TNF signaling pathway",GENE1179
KEGG,KEGG0016,"TNF signaling pathway",GENE1003
KEGG,KEGG0016,"TNF signaling pathway",GENE1100
KEGG,KEGG0016,"TNF signaling pathway",GENE2130
KEGG,KEGG0016,"TNF signaling pathway",GENE2084
KEGG,KEGG0016,"TNF signaling pathway",GENE0169
KEGG,KEGG0016,"TNF signaling pathway",GENE1864
KEGG,KEGG0016,"TNF signaling pathway",GENE1220
KEGG,KEGG0016,"TNF signaling pathway",GENE2198
KEGG,KEGG0016,"TNF signaling pathway",GENE0425
KEGG,KEGG0016,"TNF signaling pathway",GENE2653
KEGG,KEGG0016,"TNF signaling pathway",GENE0187
KEGG,KEGG0016,"TNF signaling pathway",GENE0595
KEGG,KEGG0016,"TNF signaling pathway",GENE1999
KEGG,KEGG0016,"TNF signaling pathway",CCND1
KEGG,KEGG0016,"TNF signaling pathway",GENE1282
KEGG,KEGG0016,"TNF signaling pathway",GENE2459
KEGG,KEGG0016,"TNF signaling pathway",GENE2949
KEGG,KEGG0016,"TNF signaling pathway",GENE2220
KEGG,KEGG0016,"TNF signaling pathway",GENE1028
KEGG,KEGG0016,"TNF signaling pathway",GENE2197
KEGG,KEGG0016,"TNF signaling pathway",GENE2916
KEGG,KEGG0016,"TNF signaling pathway",GENE1840
KEGG,KEGG0016,"TNF signaling pathway",GENE1329
KEGG,KEGG0016,"TNF signaling pathway",GENE0075
KEGG,KEGG0016,"TNF signaling pathway",GENE0141
KEGG,KEGG0016,"TNF signaling pathway",GENE1075
KEGG,KEGG0016,"TNF signaling pathway",GENE0948
KEGG,KEGG0016,"TNF signaling pathway",GENE2524
KEGG,KEGG0016,"TNF signaling pathway",GENE2592
KEGG,KEGG0016,"TNF signaling pathway",GENE0276
KEGG,KEGG0016,"TNF signaling pathway",GENE2326
KEGG,KEGG0016,"TNF signaling pathway",GENE2112
KEGG,KEGG0016,"TNF signaling pathway",GENE0665
KEGG,KEGG0016,"TNF signaling pathway",GENE2828
KEGG,KEGG0016,"TNF signaling pathway",GENE1014
KEGG,KEGG0016,"TNF signaling pathway",GENE2609
KEGG,KEGG0016,"TNF signaling pathway",GENE2881
KEGG,KEGG0016,"TNF signaling pathway",GENE2139
KEGG,KEGG0016,"TNF signaling pathway",GENE0428
KEGG,KEGG0016,"TNF signaling pathway",GENE1358
KEGG,KEGG0016,"TNF signaling pathway",GENE0163
KEGG,KEGG0016,"TNF signaling pathway",GENE2045
KEGG,KEGG0016,"TNF signaling pathway",GENE2443
KEGG,KEGG0016,"TNF signaling pathway",GENE2693
KEGG,KEGG0016,"TNF signaling pathway",GENE1132
KEGG,KEGG0016,"TNF signaling pathway",GENE1435
KEGG,KEGG0016,"TNF signaling pathway",GENE1089
KEGG,KEGG0016,"TNF signaling pathway",GENE0868
KEGG,KEGG0016,"TNF signaling pathway",GENE1219
KEGG,KEGG0016,"TNF signaling pathway",GENE1391
KEGG,KEGG0016,"TNF signaling pathway",GENE2082
KEGG,KEGG0016,"TNF signaling pathway",GENE2247
KEGG,KEGG0016,"TNF signaling pathway",GENE2991
KEGG,KEGG0016,"TNF signaling pathway",GENE0636
KEGG,KEGG0016,"TNF signaling pathway",GENE0358
KEGG,KEGG0016,"TNF signaling pathway",GENE1043
KEGG,KEGG0016,"TNF signaling pathway",GENE1477
KEGG,KEGG0016,"TNF signaling pathway",GENE2035
KEGG,KEGG0016,"TNF signaling pathway",GENE2750
KEGG,KEGG0016,"TNF signaling pathway",GENE1550
KEGG,KEGG0016,"TNF signaling pathway",GENE1735
KEGG,KEGG0016,"TNF signaling pathway",GENE1343
KEGG,KEGG0016,"TNF signaling pathway",GENE2109
KEGG,KEGG0016,"TNF signaling pathway",GENE1697
KEGG,KEGG0016,"TNF signaling pathway",GENE1138
KEGG,KEGG0016,"TNF signaling pathway",GENE2547
KEGG,KEGG0016,"TNF signaling pathway",GENE0111
KEGG,KEGG0016,"TNF signaling pathway",GENE0148
KEGG,KEGG0016,"TNF signaling pathway",GENE0247
KEGG,KEGG0016,"TNF signaling pathway",GENE0305
KEGG,KEGG0016,"TNF signaling pathway",GENE2061
KEGG,KEGG0016,"TNF signaling pathway",GENE1707
KEGG,KEGG0016,"TNF signaling pathway",GENE0446
KEGG,KEGG0016,"TNF signaling pathway",GENE1399
KEGG,KEGG0016,"TNF signaling pathway",GENE0825
KEGG,KEGG0016,"TNF signaling pathway",GENE2611
KEGG,KEGG0016,"TNF signaling pathway",GENE0887
KEGG,KEGG0016,"TNF signaling pathway",GENE0034
KEGG,KEGG0016,"TNF signaling pathway",GENE1111
KEGG,KEGG0016,"TNF signaling pathway",GENE0679
KEGG,KEGG0016,"TNF signaling pathway",GENE1162
KEGG,KEGG0016,"TNF signaling pathway",GENE1335
KEGG,KEGG0016,"TNF signaling pathway",GENE2945
KEGG,KEGG0016,"TNF signaling pathway",GENE0801
KEGG,KEGG0016,"TNF signaling pathway",GENE0336
KEGG,KEGG0016,"TNF signaling pathway",GENE2246
KEGG,KEGG0016,"TNF signaling pathway",GENE2593
KEGG,KEGG0016,"TNF signaling pathway",GENE1843
KEGG,KEGG0016,"TNF signaling pathway",GENE1200
KEGG,KEGG0016,"TNF signaling pathway",GENE1194
KEGG,KEGG0016,"TNF signaling pathway",GENE1586
KEGG,KEGG0016,"TNF signaling pathway",GENE0214
KEGG,KEGG0016,"TNF signaling pathway",GENE1440
KEGG,KEGG0016,"TNF signaling pathway",CXCL10
KEGG,KEGG0016,"TNF signaling pathway",GENE2873
KEGG,KEGG0017,"JAK-STAT signaling",GENE0323
KEGG,KEGG0017,"JAK-STAT signaling",GENE2313
KEGG,KEGG0017,"JAK-STAT signaling",GENE2033
KEGG,KEGG0017,"JAK-STAT signaling",GENE1864
KEGG,KEGG0017,"JAK-STAT signaling",GENE0378
KEGG,KEGG0017,"JAK-STAT signaling",GENE1295
KEGG,KEGG0017,"JAK-STAT signaling",GENE1416
KEGG,KEGG0017,"JAK-STAT signaling",GENE1565
KEGG,KEGG0017,"JAK-STAT signaling",GENE2897
KEGG,KEGG0017,"JAK-STAT signaling",GENE1817
KEGG,KEGG0017,"JAK-STAT signaling",GENE1248
KEGG,KEGG0017,"JAK-STAT signaling",GENE0707
KEGG,KEGG0017,"JAK-STAT signaling",GENE0217
KEGG,KEGG0017,"JAK-STAT signaling",GENE1412
KEGG,KEGG0017,"JAK-STAT signaling",GENE2456
KEGG,KEGG0017,"JAK-STAT signaling",GENE2467
KEGG,KEGG0017,"JAK-STAT signaling",GENE1408
KEGG,KEGG0017,"JAK-STAT signaling",GENE0190
KEGG,KEGG0017,"JAK-STAT signaling",GENE2344
KEGG,KEGG0017,"JAK-STAT signaling",GENE0411
KEGG,KEGG0017,"JAK-STAT signaling",GENE2516
KEGG,KEGG0017,"JAK-STAT signaling",GENE1938
KEGG,KEGG0017,"JAK-STAT signaling",GENE2116
KEGG,KEGG0017,"JAK-STAT signaling",GENE1239
KEGG,KEGG0017,"JAK-STAT signaling",GENE0055
KEGG,KEGG0017,"JAK-STAT signaling",GENE0930
KEGG,KEGG0017,"JAK-STAT signaling",GENE0283
KEGG,KEGG0017,"JAK-STAT signaling",GENE0715
KEGG,KEGG0017,"JAK-STAT signaling",GENE0549
KEGG,KEGG0017,"JAK-STAT signaling",GENE1037
KEGG,KEGG0017,"JAK-STAT signaling",GENE0246
KEGG,KEGG0017,"JAK-STAT signaling",GENE0333
KEGG,KEGG0017,"JAK-STAT signaling",GENE1433
KEGG,KEGG0017,"JAK-STAT signaling",GENE1897
KEGG,KEGG0017,"JAK-STAT signaling",GENE0928
KEGG,KEGG0017,"JAK-STAT signaling",GENE1599
KEGG,KEGG0017,"JAK-STAT signaling",GENE0500
KEGG,KEGG0017,"JAK-STAT signaling",GENE1300
KEGG,KEGG0017,"JAK-STAT signaling",GENE1912
KEGG,KEGG0017,"JAK-STAT signaling",GENE0093
KEGG,KEGG0017,"JAK-STAT signaling",GENE0260
KEGG,KEGG0017,"JAK-STAT signaling",GENE0656
KEGG,KEGG0017,"JAK-STAT signaling",GENE0644
KEGG,KEGG0017,"JAK-STAT signaling",GENE2374
KEGG,KEGG0017,"JAK-STAT signaling",GENE0505
KEGG,KEGG0017,"JAK-STAT signaling",GENE2769
KEGG,KEGG0017,"JAK-STAT signaling",GENE0471
KEGG,KEGG0017,"JAK-STAT signaling",GENE0228
KEGG,KEGG0017,"JAK-STAT signaling",GENE2713
KEGG,KEGG0017,"JAK-STAT signaling",GENE2148
KEGG,KEGG0017,"JAK-STAT signaling",GENE0096
KEGG,KEGG0017,"JAK-STAT signaling",GENE2526
KEGG,KEGG0017,"JAK-STAT signaling",GENE1268
KEGG,KEGG0017,"JAK-STAT signaling",GENE2503
KEGG,KEGG0017,"JAK-STAT signaling",GENE2644
KEGG,KEGG0017,"JAK-STAT signaling",GENE1758
KEGG,KEGG0017,"JAK-STAT signaling",GENE1559
KEGG,KEGG0017,"JAK-STAT signaling",GENE0119
KEGG,KEGG0017,"JAK-STAT signaling",GENE2978
KEGG,KEGG0017,"JAK-STAT signaling",GENE2175
KEGG,KEGG0017,"JAK-STAT signaling",GENE1411
KEGG,KEGG0017,"JAK-STAT signaling",GENE0163
KEGG,KEGG0017,"JAK-STAT signaling",GENE2506
KEGG,KEGG0017,"JAK-STAT signaling",GENE1833
KEGG,KEGG0017,"JAK-STAT signaling",GENE0486
KEGG,KEGG0017,"JAK-STAT signaling",GENE1147
KEGG,KEGG0017,"JAK-STAT signaling",GENE0223
KEGG,KEGG0017,"JAK-STAT signaling",GENE2593
KEGG,KEGG0017,"JAK-STAT signaling",GENE1619
KEGG,KEGG0017,"JAK-STAT signaling",GENE0946
KEGG,KEGG0017,"JAK-STAT signaling",GENE1580
KEGG,KEGG0017,"JAK-STAT signaling",GENE2279
KEGG,KEGG0017,"JAK-STAT signaling",GENE0205
KEGG,KEGG0017,"JAK-STAT signaling",GENE0923
KEGG,KEGG0017,"JAK-STAT signaling",GENE2617
KEGG,KEGG0017,"JAK-STAT signaling",GENE1366
KEGG,KEGG0017,"JAK-STAT signaling",GENE1095
KEGG,KEGG0017,"JAK-STAT signaling",GENE2401
KEGG,KEGG0017,"JAK-STAT signaling",GENE1100
KEGG,KEGG0017,"JAK-STAT signaling",GENE0366
KEGG,KEGG0017,"JAK-STAT signaling",GENE2143
KEGG,KEGG0017,"JAK-STAT signaling",GENE1308
KEGG,KEGG0017,"JAK-STAT signaling",GENE2601
KEGG,KEGG0017,"JAK-STAT signaling",GENE1854
KEGG,KEGG0017,"JAK-STAT signaling",GENE0963
KEGG,KEGG0017,"JAK-STAT signaling",GENE0076
KEGG,KEGG0017,"JAK-STAT signaling",GENE0336
KEGG,KEGG0017,"JAK-STAT signaling",GENE2942
KEGG,KEGG0017,"JAK-STAT signaling",GENE1199
KEGG,KEGG0017,"JAK-STAT signaling",GENE2825
KEGG,KEGG0017,"JAK-STAT signaling",GENE0891
KEGG,KEGG0017,"JAK-STAT signaling",GENE2192
KEGG,KEGG0017,"JAK-STAT signaling",GENE2662
KEGG,KEGG0017,"JAK-STAT signaling",GENE0569
KEGG,KEGG0017,"JAK-STAT signaling",GENE0696
KEGG,KEGG0017,"JAK-STAT signaling",GENE1804
KEGG,KEGG0017,"JAK-STAT signaling",GENE0194
KEGG,KEGG0017,"JAK-STAT signaling",GENE1807
KEGG,KEGG0017,"JAK-STAT signaling",GENE2610
KEGG,KEGG0017,"JAK-STAT signaling",GENE1394
KEGG,KEGG0017,"JAK-STAT signaling",GENE0370
KEGG,KEGG0017,"JAK-STAT signaling",GENE2077
KEGG,KEGG0017,"JAK-STAT signaling",GENE1624
KEGG,KEGG0017,"JAK-STAT signaling",GENE1299
KEGG,KEGG0017,"JAK-STAT signaling",GENE2470
KEGG,KEGG0017,"JAK-STAT signaling",GENE0599
KEGG,KEGG0017,"JAK-STAT signaling",GENE0679
KEGG,KEGG0017,"JAK-STAT signaling",GENE2699
KEGG,KEGG0017,"JAK-STAT signaling",GENE0112
KEGG,KEGG0017,"JAK-STAT signaling",GENE1242
KEGG,KEGG0017,"JAK-STAT signaling",GENE0728
KEGG,KEGG0017,"JAK-STAT signaling",GENE1399
KEGG,KEGG0017,"JAK-STAT signaling",GENE1280
KEGG,KEGG0017,"JAK-STAT signaling",GENE0424
KEGG,KEGG0017,"JAK-STAT signaling",GENE2943
KEGG,KEGG0017,"JAK-STAT signaling",GENE0335
KEGG,KEGG0017,"JAK-STAT signaling",GENE0086
KEGG,KEGG0017,"JAK-STAT signaling",GENE2867
KEGG,KEGG0017,"JAK-STAT signaling",GENE2135
KEGG,KEGG0017,"JAK-STAT signaling",GENE2290
KEGG,KEGG0017,"JAK-STAT signaling",GENE1625
KEGG,KEGG0017,"JAK-STAT signaling",GENE1138
KEGG,KEGG0017,"JAK-STAT signaling",GENE1532
KEGG,KEGG0017,"JAK-STAT signaling",GENE1343
KEGG,KEGG0017,"JAK-STAT signaling",GENE0812
KEGG,KEGG0017,"JAK-STAT signaling",GENE2982
KEGG,KEGG0017,"JAK-STAT signaling",GENE0405
KEGG,KEGG0017,"JAK-STAT signaling",GENE0600
KEGG,KEGG0017,"JAK-STAT signaling",GENE0492
KEGG,KEGG0017,"JAK-STAT signaling",GENE1568
KEGG,KEGG0017,"JAK-STAT signaling",GENE0770
KEGG,KEGG0017,"JAK-STAT signaling",GENE2515
KEGG,KEGG0017,"JAK-STAT signaling",GENE0534
KEGG,KEGG0017,"JAK-STAT signaling",GENE2840
KEGG,KEGG0017,"JAK-STAT signaling",GENE1621
KEGG,KEGG0017,"JAK-STAT signaling",GENE2687
KEGG,KEGG0017,"JAK-STAT signaling",GENE2050
KEGG,KEGG0017,"JAK-STAT signaling",GENE2023
KEGG,KEGG0017,"JAK-STAT signaling",GENE1405
KEGG,KEGG0017,"JAK-STAT signaling",GENE1330
KEGG,KEGG0017,"JAK-STAT signaling",GENE0070
KEGG,KEGG0017,"JAK-STAT signaling",GENE1919
KEGG,KEGG0017,"JAK-STAT signaling",GENE2799
KEGG,KEGG0017,"JAK-STAT signaling",GENE2422
KEGG,KEGG0017,"JAK-STAT signaling",GENE1922
KEGG,KEGG0017,"JAK-STAT signaling",GENE1651
KEGG,KEGG0017,"JAK-STAT signaling",GENE1729
KEGG,KEGG0017,"JAK-STAT signaling",GENE0766
KEGG,KEGG0017,"JAK-STAT signaling",GENE0353
KEGG,KEGG0017,"JAK-STAT signaling",GENE1530
KEGG,KEGG0017,"JAK-STAT signaling",GENE1445
KEGG,KEGG0017,"JAK-STAT signaling",GENE2956
KEGG,KEGG0017,"JAK-STAT signaling",GENE0678
KEGG,KEGG0017,"JAK-STAT signaling",GENE1662
KEGG,KEGG0017,"JAK-STAT signaling",GENE0149
KEGG,KEGG0017,"JAK-STAT signaling",GENE0142
KEGG,KEGG0017,"JAK-STAT signaling",GENE2917
KEGG,KEGG0017,"JAK-STAT signaling",GENE2362
KEGG,KEGG0017,"JAK-STAT signaling",GENE1251
KEGG,KEGG0017,"JAK-STAT signaling",GENE0489
KEGG,KEGG0017,"JAK-STAT signaling",FOS
KEGG,KEGG0017,"JAK-STAT signaling",GENE0466
KEGG,KEGG0017,"JAK-STAT signaling",GENE0916
KEGG,KEGG0017,"JAK-STAT signaling",TP53
KEGG,KEGG0017,"JAK-STAT signaling",GENE2388
KEGG,KEGG0017,"JAK-STAT signaling",GENE0090
KEGG,KEGG0017,"JAK-STAT signaling",GENE0038
KEGG,KEGG0017,"JAK-STAT signaling",GENE0634
KEGG,KEGG0017,"JAK-STAT signaling",GENE2964
KEGG,KEGG0017,"JAK-STAT signaling",GENE2767
KEGG,KEGG0017,"JAK-STAT signaling",GENE2973
KEGG,KEGG0017,"JAK-STAT signaling",GENE0503
KEGG,KEGG0017,"JAK-STAT signaling",GENE2649
KEGG,KEGG0017,"JAK-STAT signaling",GENE2994
KEGG,KEGG0017,"JAK-STAT signaling",GENE0225
KEGG,KEGG0017,"JAK-STAT signaling",GENE1415
KEGG,KEGG0017,"JAK-STAT signaling",GENE2947
KEGG,KEGG0017,"JAK-STAT signaling",GENE1454
KEGG,KEGG0017,"JAK-STAT signaling",GENE2857
KEGG,KEGG0017,"JAK-STAT signaling",GENE0880
KEGG,KEGG0017,"JAK-STAT signaling",GENE1600
KEGG,KEGG0017,"JAK-STAT signaling",GENE1115
KEGG,KEGG0017,"JAK-STAT signaling",GENE2648
KEGG,KEGG0017,"JAK-STAT signaling",GENE2419
KEGG,KEGG0017,"JAK-STAT signaling",GENE2288
KEGG,KEGG0017,"JAK-STAT signaling",GENE0669
KEGG,KEGG0017,"JAK-STAT signaling",GENE0211
KEGG,KEGG0017,"JAK-STAT signaling",GENE1063
KEGG,KEGG0017,"JAK-STAT signaling",GENE0991
KEGG,KEGG0017,"JAK-STAT signaling",GENE2312
KEGG,KEGG0017,"JAK-STAT signaling",GENE1829
KEGG,KEGG0017,"JAK-STAT signaling",GENE2184
KEGG,KEGG0017,"JAK-STAT signaling",GENE1955
KEGG,KEGG0017,"JAK-STAT signaling",GENE2837
KEGG,KEGG0017,"JAK-STAT signaling",GENE1590
KEGG,KEGG0017,"JAK-STAT signaling",GENE2075
KEGG,KEGG0017,"JAK-STAT signaling",GENE0629
KEGG,KEGG0017,"JAK-STAT signaling",GENE1533
KEGG,KEGG0017,"JAK-STAT signaling",GENE1074
KEGG,KEGG0017,"JAK-STAT signaling",GENE2826
KEGG,KEGG0017,"JAK-STAT signaling",GENE2848
KEGG,KEGG0017,"JAK-STAT signaling",GENE2305
KEGG,KEGG0017,"JAK-STAT signaling",GENE2008
KEGG,KEGG0017,"JAK-STAT signaling",GENE0630
KEGG,KEGG0017,"JAK-STAT signaling",GENE1763
KEGG,KEGG0017,"JAK-STAT signaling",GENE0398
KEGG,KEGG0017,"JAK-STAT signaling",GENE0692
KEGG,KEGG0017,"JAK-STAT signaling",GENE2922
KEGG,KEGG0017,"JAK-STAT signaling",GENE2543
KEGG,KEGG0017,"JAK-STAT signaling",GENE2330
KEGG,KEGG0017,"JAK-STAT signaling",GENE1888
KEGG,KEGG0017,"JAK-STAT signaling",GENE0202
KEGG,KEGG0017,"JAK-STAT signaling",GENE2500
KEGG,KEGG0017,"JAK-STAT signaling",GENE2859
KEGG,KEGG0017,"JAK-STAT signaling",GENE0959
KEGG,KEGG0017,"JAK-STAT signaling",GENE1541
KEGG,KEGG0017,"JAK-STAT signaling",GENE1211
KEGG,KEGG0017,"JAK-STAT signaling",GENE0383
KEGG,KEGG0017,"JAK-STAT signaling",GENE2124
KEGG,KEGG0017,"JAK-STAT signaling",GENE0814
KEGG,KEGG0017,"JAK-STAT signaling",GENE1687
KEGG,KEGG0017,"JAK-STAT signaling",GENE0104
KEGG,KEGG0017,"JAK-STAT signaling",GENE2694
KEGG,KEGG0017,"JAK-STAT signaling",GENE0809
KEGG,KEGG0017,"JAK-STAT signaling",GENE0636
KEGG,KEGG0017,"JAK-STAT signaling",GENE2080
KEGG,KEGG0017,"JAK-STAT signaling",GENE2927
KEGG,KEGG0017,"JAK-STAT signaling",GENE2072
KEGG,KEGG0017,"JAK-STAT signaling",GENE2984
KEGG,KEGG0017,"JAK-STAT signaling",GENE0777
KEGG,KEGG0017,"JAK-STAT signaling",GENE1059
KEGG,KEGG0017,"JAK-STAT signaling",GENE0716
KEGG,KEGG0017,"JAK-STAT signaling",GENE2581
KEGG,KEGG0017,"JAK-STAT signaling",GENE1697
KEGG,KEGG0017,"JAK-STAT signaling",GENE0860
KEGG,KEGG0017,"JAK-STAT signaling",GENE1726
KEGG,KEGG0017,"JAK-STAT signaling",GENE2888
KEGG,KEGG0017,"JAK-STAT signaling",GENE1451
KEGG,KEGG0017,"JAK-STAT signaling",GENE2834
KEGG,KEGG0017,"JAK-STAT signaling",GENE0783
KEGG,KEGG0017,"JAK-STAT signaling",GENE1068
KEGG,KEGG0017,"JAK-STAT signaling",GENE0687
KEGG,KEGG0017,"JAK-STAT signaling",GENE1869
KEGG,KEGG0017,"JAK-STAT signaling",GENE1284
KEGG,KEGG0017,"JAK-STAT signaling",GENE1275
KEGG,KEGG0017,"JAK-STAT signaling",GENE2758
KEGG,KEGG0017,"JAK-STAT signaling",GENE2315
KEGG,KEGG0017,"JAK-STAT signaling",GENE1304
KEGG,KEGG0017,"JAK-STAT signaling",GENE1552
KEGG,KEGG0017,"JAK-STAT signaling",GENE2281
KEGG,KEGG0017,"JAK-STAT signaling",GENE1000
KEGG,KEGG0017,"JAK-STAT signaling",GENE1649
KEGG,KEGG0017,"JAK-STAT signaling",GENE1099
KEGG,KEGG0017,"JAK-STAT signaling",GENE2991
KEGG,KEGG0017,"JAK-STAT signaling",GENE1076
KEGG,KEGG0017,"JAK-STAT signaling",GENE0673
KEGG,KEGG0017,"JAK-STAT signaling",GENE0110
KEGG,KEGG0017,"JAK-STAT signaling",GENE2205
KEGG,KEGG0017,"JAK-STAT signaling",GENE1547
KEGG,KEGG0017,"JAK-STAT signaling",GENE1178
KEGG,KEGG0017,"JAK-STAT signaling",GENE1255
KEGG,KEGG0017,"JAK-STAT signaling",GENE1549
KEGG,KEGG0017,"JAK-STAT signaling",GENE1591
KEGG,KEGG0017,"JAK-STAT signaling",GENE1581
KEGG,KEGG0017,"JAK-STAT signaling",GENE1420
KEGG,KEGG0017,"JAK-STAT signaling",GENE0338
KEGG,KEGG0017,"JAK-STAT signaling",GENE0988
KEGG,KEGG0017,"JAK-STAT signaling",GENE1006
KEGG,KEGG0017,"JAK-STAT signaling",GENE0954
KEGG,KEGG0017,"JAK-STAT signaling",GENE2985
KEGG,KEGG0017,"JAK-STAT signaling",GENE1566
KEGG,KEGG0017,"JAK-STAT signaling",GENE2200
KEGG,KEGG0017,"JAK-STAT signaling",GENE2589
KEGG,KEGG0017,"JAK-STAT signaling",GENE0067
KEGG,KEGG0017,"JAK-STAT signaling",GENE0477
KEGG,KEGG0017,"JAK-STAT signaling",GENE1231
KEGG,KEGG0017,"JAK-STAT signaling",GENE2012
KEGG,KEGG0017,"JAK-STAT signaling",GENE0479
KEGG,KEGG0017,"JAK-STAT signaling",GENE2852
KEGG,KEGG0017,"JAK-STAT signaling",GENE2536
KEGG,KEGG0017,"JAK-STAT signaling",GENE2303
KEGG,KEGG0017,"JAK-STAT signaling",GENE1706
KEGG,KEGG0017,"JAK-STAT signaling",GENE2217
KEGG,KEGG0017,"JAK-STAT signaling",GENE1298
KEGG,KEGG0017,"JAK-STAT signaling",GENE2502
KEGG,KEGG0017,"JAK-STAT signaling",GENE1414
KEGG,KEGG0017,"JAK-STAT signaling",GENE1707
KEGG,KEGG0017,"JAK-STAT signaling",GENE1460
KEGG,KEGG0017,"JAK-STAT signaling",GENE1041
KEGG,KEGG0017,"JAK-STAT signaling",GENE1609
KEGG,KEGG0017,"JAK-STAT signaling",GENE0625
KEGG,KEGG0018,"HIF-1 signaling",GENE0066
KEGG,KEGG0018,"HIF-1 signaling",GENE2456
KEGG,KEGG0018,"HIF-1 signaling",GENE2116
KEGG,KEGG0018,"HIF-1 signaling",GENE0279
KEGG,KEGG0018,"HIF-1 signaling",GENE1502
KEGG,KEGG0018,"HIF-1 signaling",GENE2779
KEGG,KEGG0018,"HIF-1 signaling",GENE2435
KEGG,KEGG0018,"HIF-1 signaling",GENE1223
KEGG,KEGG0018,"HIF-1 signaling",GENE1464
KEGG,KEGG0018,"HIF-1 signaling",GENE0322
KEGG,KEGG0018,"HIF-1 signaling",GENE1902
KEGG,KEGG0018,"HIF-1 signaling",GENE1818
KEGG,KEGG0018,"HIF-1 signaling",GENE1170
KEGG,KEGG0018,"HIF-1 signaling",GENE0592
KEGG,KEGG0018,"HIF-1 signaling",GENE1232
KEGG,KEGG0018,"HIF-1 signaling",GENE1288
KEGG,KEGG0018,"HIF-1 signaling",GENE1083
KEGG,KEGG0018,"HIF-1 signaling",GENE2562
KEGG,KEGG0018,"HIF-1 signaling",GENE0933
KEGG,KEGG0018,"HIF-1 signaling",GENE2127
KEGG,KEGG0018,"HIF-1 signaling",GENE1080
KEGG,KEGG0018,"HIF-1 signaling",GENE1248
KEGG,KEGG0018,"HIF-1 signaling",GENE1993
KEGG,KEGG0018,"HIF-1 signaling",GENE1765
KEGG,KEGG0018,"HIF-1 signaling",GENE0365
KEGG,KEGG0018,"HIF-1 signaling",GENE1576
KEGG,KEGG0018,"HIF-1 signaling",GENE2363
KEGG,KEGG0018,"HIF-1 signaling",GENE2931
KEGG,KEGG0018,"HIF-1 signaling",GENE1657
KEGG,KEGG0018,"HIF-1 signaling",GENE0798
KEGG,KEGG0018,"HIF-1 signaling",GENE2851
KEGG,KEGG0018,"HIF-1 signaling",GENE2509
KEGG,KEGG0018,"HIF-1 signaling",GENE2794
KEGG,KEGG0018,"HIF-1 signaling",GENE2772
KEGG,KEGG0018,"HIF-1 signaling",GENE1213
KEGG,KEGG0018,"HIF-1 signaling",GENE0310
KEGG,KEGG0018,"HIF-1 signaling",GENE2643
KEGG,KEGG0018,"HIF-1 signaling",GENE0921
KEGG,KEGG0018,"HIF-1 signaling",GENE2910
KEGG,KEGG0018,"HIF-1 signaling",GENE2636
KEGG,KEGG0018,"HIF-1 signaling",GENE0517
KEGG,KEGG0018,"HIF-1 signaling",GENE2399
KEGG,KEGG0018,"HIF-1 signaling",GENE1650
KEGG,KEGG0018,"HIF-1 signaling",GENE0356
KEGG,KEGG0018,"HIF-1 signaling",GENE1610
KEGG,KEGG0018,"HIF-1 signaling",GENE1098
KEGG,KEGG0018,"HIF-1 signaling",GENE2278
KEGG,KEGG0018,"HIF-1 signaling",GENE2398
KEGG,KEGG0018,"HIF-1 signaling",GENE0154
KEGG,KEGG0018,"HIF-1 signaling",GENE2096
KEGG,KEGG0018,"HIF-1 signaling",GENE2039
KEGG,KEGG0018,"HIF-1 signaling",GENE2835
KEGG,KEGG0018,"HIF-1 signaling",GENE2019
KEGG,KEGG0018,"HIF-1 signaling",GENE1175
KEGG,KEGG0018,"HIF-1 signaling",GENE0156
KEGG,KEGG0018,"HIF-1 signaling",GENE2124
KEGG,KEGG0018,"HIF-1 signaling",GENE2708
KEGG,KEGG0018,"HIF-1 signaling",GENE0290
KEGG,KEGG0018,"HIF-1 signaling",GENE1935
KEGG,KEGG0018,"HIF-1 signaling",GENE2954
KEGG,KEGG0018,"HIF-1 signaling",GENE2043
KEGG,KEGG0018,"HIF-1 signaling",GENE1207
KEGG,KEGG0018,"HIF-1 signaling",GENE1535
KEGG,KEGG0018,"HIF-1 signaling",GENE2956
KEGG,KEGG0018,"HIF-1 signaling",GENE2965
KEGG,KEGG0018,"HIF-1 signaling",GENE2477
KEGG,KEGG0018,"HIF-1 signaling",GENE1969
KEGG,KEGG0018,"HIF-1 signaling",GENE1620
KEGG,KEGG0018,"HIF-1 signaling",GENE1162
KEGG,KEGG0018,"HIF-1 signaling",GENE0777
KEGG,KEGG0018,"HIF-1 signaling",GENE2542
KEGG,KEGG0018,"HIF-1 signaling",GENE0742
KEGG,KEGG0018,"HIF-1 signaling",GENE2840
KEGG,KEGG0018,"HIF-1 signaling",GENE1604
KEGG,KEGG0018,"HIF-1 signaling",GENE2258
KEGG,KEGG0018,"HIF-1 signaling",GENE0107
KEGG,KEGG0018,"HIF-1 signaling",GENE0810
KEGG,KEGG0018,"HIF-1 signaling",GENE1952
KEGG,KEGG0018,"HIF-1 signaling",GENE2905
KEGG,KEGG0018,"HIF-1 signaling",GENE1802
KEGG,KEGG0018,"HIF-1 signaling",GENE2113
KEGG,KEGG0018,"HIF-1 signaling",GENE2946
KEGG,KEGG0018,"HIF-1 signaling",GENE0428
KEGG,KEGG0018,"HIF-1 signaling",GENE2395
KEGG,KEGG0018,"HIF-1 signaling",GENE2900
KEGG,KEGG0018,"HIF-1 signaling",GENE0794
KEGG,KEGG0018,"HIF-1 signaling",GENE0383
KEGG,KEGG0018,"HIF-1 signaling",GENE1146
KEGG,KEGG0018,"HIF-1 signaling",GENE2780
KEGG,KEGG0018,"HIF-1 signaling",GENE2880
KEGG,KEGG0018,"HIF-1 signaling",GENE2097
KEGG,KEGG0018,"HIF-1 signaling",GENE1826
KEGG,KEGG0018,"HIF-1 signaling",GENE2049
KEGG,KEGG0018,"HIF-1 signaling",GENE0495
KEGG,KEGG0018,"HIF-1 signaling",INS
KEGG,KEGG0018,"HIF-1 signaling",GENE0897
KEGG,KEGG0018,"HIF-1 signaling",GENE1582
KEGG,KEGG0018,"HIF-1 signaling",GENE0550
KEGG,KEGG0018,"HIF-1 signaling",GENE2255
KEGG,KEGG0018,"HIF-1 signaling",GENE0269
KEGG,KEGG0018,"HIF-1 signaling",GENE2635
KEGG,KEGG0018,"HIF-1 signaling",GENE2848
KEGG,KEGG0018,"HIF-1 signaling",GENE0684
KEGG,KEGG0018,"HIF-1 signaling",GENE1132
KEGG,KEGG0018,"HIF-1 signaling",GENE0412
KEGG,KEGG0018,"HIF-1 signaling",GENE2913
KEGG,KEGG0018,"HIF-1 signaling",GENE1122
KEGG,KEGG0018,"HIF-1 signaling",GENE2276
KEGG,KEGG0018,"HIF-1 signaling",GENE0139
KEGG,KEGG0018,"HIF-1 signaling",GENE0151
KEGG,KEGG0018,"HIF-1 signaling",GENE0989
KEGG,KEGG0018,"HIF-1 signaling",GENE0844
KEGG,KEGG0018,"HIF-1 signaling",GENE2824
KEGG,KEGG0018,"HIF-1 signaling",GENE1381
KEGG,KEGG0018,"HIF-1 signaling",GENE1763
KEGG,KEGG0018,"HIF-1 signaling",GENE2263
KEGG,KEGG0018,"HIF-1 signaling",GENE1045
KEGG,KEGG0018,"HIF-1 signaling",GENE2691
KEGG,KEGG0018,"HIF-1 signaling",GENE1613
KEGG,KEGG0018,"HIF-1 signaling",GENE0337
KEGG,KEGG0018,"HIF-1 signaling",GENE2951
KEGG,KEGG0018,"HIF-1 signaling",GENE0852
KEGG,KEGG0018,"HIF-1 signaling",GENE1301
KEGG,KEGG0018,"HIF-1 signaling",GENE0604
KEGG,KEGG0018,"HIF-1 signaling",GENE1581
KEGG,KEGG0018,"HIF-1 signaling",GENE1996
KEGG,KEGG0018,"HIF-1 signaling",GENE1565
KEGG,KEGG0018,"HIF-1 signaling",GENE2704
KEGG,KEGG0018,"HIF-1 signaling",GENE1592
KEGG,KEGG0018,"HIF-1 signaling",GENE0708
KEGG,KEGG0018,"HIF-1 signaling",GENE2136
KEGG,KEGG0018,"HIF-1 signaling",GENE2468
KEGG,KEGG0018,"HIF-1 signaling",GENE0355
KEGG,KEGG0018,"HIF-1 signaling",GENE1126
KEGG,KEGG0018,"HIF-1 signaling",GENE0188
KEGG,KEGG0018,"HIF-1 signaling",GENE2480
KEGG,KEGG0018,"HIF-1 signaling",GENE2591
KEGG,KEGG0018,"HIF-1 signaling",GENE1447
KEGG,KEGG0018,"HIF-1 signaling",GENE1197
KEGG,KEGG0018,"HIF-1 signaling",GENE2832
KEGG,KEGG0018,"HIF-1 signaling",GENE0259
KEGG,KEGG0018,"HIF-1 signaling",MMP9
KEGG,KEGG0018,"HIF-1 signaling",GENE2335
KEGG,KEGG0018,"HIF-1 signaling",GENE2442
KEGG,KEGG0018,"HIF-1 signaling",GENE0132
KEGG,KEGG0018,"HIF-1 signaling",GENE1492
KEGG,KEGG0018,"HIF-1 signaling",GENE0675
KEGG,KEGG0018,"HIF-1 signaling",GENE0246
KEGG,KEGG0018,"HIF-1 signaling",GENE2305
KEGG,KEGG0018,"HIF-1 signaling",GENE0317
KEGG,KEGG0018,"HIF-1 signaling",GENE1661
KEGG,KEGG0018,"HIF-1 signaling",GENE0116
KEGG,KEGG0018,"HIF-1 signaling",GENE0325
KEGG,KEGG0018,"HIF-1 signaling",GENE2663
KEGG,KEGG0018,"HIF-1 signaling",GENE1187
KEGG,KEGG0018,"HIF-1 signaling",GENE2411
KEGG,KEGG0018,"HIF-1 signaling",GENE0361
KEGG,KEGG0018,"HIF-1 signaling",GENE0433
KEGG,KEGG0018,"HIF-1 signaling",GENE1120
KEGG,KEGG0018,"HIF-1 signaling",GENE1514
KEGG,KEGG0018,"HIF-1 signaling",GENE1825
KEGG,KEGG0018,"HIF-1 signaling",GENE2747
KEGG,KEGG0018,"HIF-1 signaling",GENE1735
KEGG,KEGG0018,"HIF-1 signaling",GENE2987
KEGG,KEGG0018,"HIF-1 signaling",GENE0258
KEGG,KEGG0018,"HIF-1 signaling",GENE1388
KEGG,KEGG0018,"HIF-1 signaling",GENE0413
KEGG,KEGG0018,"HIF-1 signaling",GENE2012
KEGG,KEGG0018,"HIF-1 signaling",GENE2340
KEGG,KEGG0018,"HIF-1 signaling",GENE0693
KEGG,KEGG0018,"HIF-1 signaling",GENE0114
KEGG,KEGG0018,"HIF-1 signaling",GENE1142
KEGG,KEGG0018,"HIF-1 signaling",GENE0333
KEGG,KEGG0018,"HIF-1 signaling",GENE0178
KEGG,KEGG0018,"HIF-1 signaling",GENE1483
KEGG,KEGG0018,"HIF-1 signaling",GENE1879
KEGG,KEGG0018,"HIF-1 signaling",GENE1972
KEGG,KEGG0018,"HIF-1 signaling",GENE0991
KEGG,KEGG0018,"HIF-1 signaling",GENE0492
KEGG,KEGG0018,"HIF-1 signaling",GENE0567
KEGG,KEGG0018,"HIF-1 signaling",GENE0126
KEGG,KEGG0018,"HIF-1 signaling",GENE0969
KEGG,KEGG0018,"HIF-1 signaling",GENE2500
KEGG,KEGG0018,"HIF-1 signaling",GENE2059
KEGG,KEGG0018,"HIF-1 signaling",GENE1166
KEGG,KEGG0018,"HIF-1 signaling",GENE2580
KEGG,KEGG0018,"HIF-1 signaling",GENE1792
KEGG,KEGG0018,"HIF-1 signaling",GENE0865
KEGG,KEGG0018,"HIF-1 signaling",GENE1945
KEGG,KEGG0018,"HIF-1 signaling",GENE1247
Reactome,Reactome0019,"Interferon Signaling",GENE1456
Reactome,Reactome0019,"Interferon Signaling",GENE0699
Reactome,Reactome0019,"Interferon Signaling",GENE1877
Reactome,Reactome0019,"Interferon Signaling",GENE0612
Reactome,Reactome0019,"Interferon Signaling",GENE0066
Reactome,Reactome0019,"Interferon Signaling",GENE1375
Reactome,Reactome0019,"Interferon Signaling",GENE2985
Reactome,Reactome0019,"Interferon Signaling",GENE2313
Reactome,Reactome0019,"Interferon Signaling",GENE2822
Reactome,Reactome0019,"Interferon Signaling",GENE1321
Reactome,Reactome0019,"Interferon Signaling",GENE0803
Reactome,Reactome0019,"Interferon Signaling",GENE0194
Reactome,Reactome0019,"Interferon Signaling",GENE1556
Reactome,Reactome0019,"Interferon Signaling",GENE2193
Reactome,Reactome0019,"Interferon Signaling",GENE1766
Reactome,Reactome0019,"Interferon Signaling",GENE2515
Reactome,Reactome0019,"Interferon Signaling",GENE1652
Reactome,Reactome0019,"Interferon Signaling",GENE1340
Reactome,Reactome0019,"Interferon Signaling",GENE1473
Reactome,Reactome0019,"Interferon Signaling",GENE2143
Reactome,Reactome0019,"Interferon Signaling",GENE1155
Reactome,Reactome0019,"Interferon Signaling",GENE1015
Reactome,Reactome0019,"Interferon Signaling",GENE2591
Reactome,Reactome0019,"Interferon Signaling",GENE0975
Reactome,Reactome0019,"Interferon Signaling",GENE2680
Reactome,Reactome0019,"Interferon Signaling",GENE1725
Reactome,Reactome0019,"Interferon Signaling",GENE2778
Reactome,Reactome0019,"Interferon Signaling",GENE2488
Reactome,Reactome0019,"Interferon Signaling",GENE2849
Reactome,Reactome0019,"Interferon Signaling",GENE2581
Reactome,Reactome0019,"Interferon Signaling",GENE0774
Reactome,Reactome0019,"Interferon Signaling",GENE0903
Reactome,Reactome0019,"Interferon Signaling",GENE0285
Reactome,Reactome0019,"Interferon Signaling",GENE1480
Reactome,Reactome0019,"Interferon Signaling",GENE0093
Reactome,Reactome0019,"Interferon Signaling",GENE0288
Reactome,Reactome0019,"Interferon Signaling",GENE2382
Reactome,Reactome0019,"Interferon Signaling",GENE0784
Reactome,Reactome0019,"Interferon Signaling",GENE1280
Reactome,Reactome0019,"Interferon Signaling",GENE1901
Reactome,Reactome0019,"Interferon Signaling",GENE2454
Reactome,Reactome0019,"Interferon Signaling",GENE2500
Reactome,Reactome0019,"Interferon Signaling",GENE0675
Reactome,Reactome0019,"Interferon Signaling",GENE0366
Reactome,Reactome0019,"Interferon Signaling",GENE2871
Reactome,Reactome0019,"Interferon Signaling",GENE0959
Reactome,Reactome0019,"Interferon Signaling",GENE1121
Reactome,Reactome0019,"Interferon Signaling",GENE1972
Reactome,Reactome0019,"Interferon Signaling",GENE2205
Reactome,Reactome0019,"Interferon Signaling",GENE2234
Reactome,Reactome0019,"Interferon Signaling",GENE0988
Reactome,Reactome0019,"Interferon Signaling",GENE2546
Reactome,Reactome0019,"Interferon Signaling",GENE0881
Reactome,Reactome0019,"Interferon Signaling",GENE1412
Reactome,Reactome0019,"Interferon Signaling",GENE0958
Reactome,Reactome0019,"Interferon Signaling",GENE1177
Reactome,Reactome0019,"Interferon Signaling",GENE1745
Reactome,Reactome0019,"Interferon Signaling",GENE2182
Reactome,Reactome0019,"Interferon Signaling",GENE2312
Reactome,Reactome0019,"Interferon Signaling",GENE0327
Reactome,Reactome0019,"Interferon Signaling",GENE1649
Reactome,Reactome0019,"Interferon Signaling",GENE0388
Reactome,Reactome0019,"Interferon Signaling",GENE2914
Reactome,Reactome0019,"Interferon Signaling",GENE2259
Reactome,Reactome0019,"Interferon Signaling",GENE2235
Reactome,Reactome0019,"Interferon Signaling",GENE2624
Reactome,Reactome0019,"Interferon Signaling",GENE1989
Reactome,Reactome0019,"Interferon Signaling",GENE0118
Reactome,Reactome0019,"Interferon Signaling",GENE1156
Reactome,Reactome0019,"Interferon Signaling",GENE1247
Reactome,Reactome0019,"Interferon Signaling",GENE2087
Reactome,Reactome0019,"Interferon Signaling",GENE0365
Reactome,Reactome0019,"Interferon Signaling",GENE1866
Reactome,Reactome0019,"Interferon Signaling",GENE1742
Reactome,Reactome0019,"Interferon Signaling",GENE1744
Reactome,Reactome0019,"Interferon Signaling",GENE2714
Reactome,Reactome0019,"Interferon Signaling",GENE2852
Reactome,Reactome0019,"Interferon Signaling",GENE1498
Reactome,Reactome0019,"Interferon Signaling",GENE0917
Reactome,Reactome0019,"Interferon Signaling",GENE2858
Reactome,Reactome0019,"Interferon Signaling",GENE0079
Reactome,Reactome0019,"Interferon Signaling",GENE2374
Reactome,Reactome0019,"Interferon Signaling",GENE1188
Reactome,Reactome0019,"Interferon Signaling",GENE1912
Reactome,Reactome0019,"Interferon Signaling",GENE2171
Reactome,Reactome0019,"Interferon Signaling",GENE0694
Reactome,Reactome0019,"Interferon Signaling",GENE1292
Reactome,Reactome0019,"Interferon Signaling",GENE2642
Reactome,Reactome0019,"Interferon Signaling",GENE0713
Reactome,Reactome0019,"Interferon Signaling",GENE0549
Reactome,Reactome0019,"Interferon Signaling",GENE2855
Reactome,Reactome0019,"Interferon Signaling",GENE1730
Reactome,Reactome0019,"Interferon Signaling",GENE2393
Reactome,Reactome0019,"Interferon Signaling",GENE2295
Reactome,Reactome0019,"Interferon Signaling",GENE1530
Reactome,Reactome0019,"Interferon Signaling",GENE2884
Reactome,Reactome0019,"Interferon Signaling",GENE1249
Reactome,Reactome0019,"Interferon Signaling",GENE2407
Reactome,Reactome0019,"Interferon Signaling",GENE0532
Reactome,Reactome0019,"Interferon Signaling",GENE0361
Reactome,Reactome0019,"Interferon Signaling",GENE1056
Reactome,Reactome0019,"Interferon Signaling",GENE2007
Reactome,Reactome0019,"Interferon Signaling",GENE0976
Reactome,Reactome0019,"Interferon Signaling",GENE1859
Reactome,Reactome0019,"Interferon Signaling",GENE1845
Reactome,Reactome0019,"Interferon Signaling",GENE1179
Reactome,Reactome0019,"Interferon Signaling",GENE0264
Reactome,Reactome0019,"Interferon Signaling",GENE2563
Reactome,Reactome0019,"Interferon Signaling",GENE1469
Reactome,Reactome0019,"Interferon Signaling",GENE1678
Reactome,Reactome0019,"Interferon Signaling",GENE1636
Reactome,Reactome0019,"Interferon Signaling",GENE1497
Reactome,Reactome0019,"Interferon Signaling",GENE1878
Reactome,Reactome0019,"Interferon Signaling",GENE0049
Reactome,Reactome0019,"Interferon Signaling",GENE2902
Reactome,Reactome0019,"Interferon Signaling",GENE0825
Reactome,Reactome0019,"Interferon Signaling",GENE2595
Reactome,Reactome0019,"Interferon Signaling",GENE1429
Reactome,Reactome0019,"Interferon Signaling",GENE1634
Reactome,Reactome0019,"Interferon Signaling",GENE0507
Reactome,Reactome0019,"Interferon Signaling",GENE0328
Reactome,Reactome0019,"Interferon Signaling",GENE1881
Reactome,Reactome0019,"Interferon Signaling",GENE0485
Reactome,Reactome0019,"Interferon Signaling",GENE0991
Reactome,Reactome0019,"Interferon Signaling",GENE2059
Reactome,Reactome0019,"Interferon Signaling",GENE1003
Reactome,Reactome0019,"Interferon Signaling",GENE0376
Reactome,Reactome0019,"Interferon Signaling",GENE2360
Reactome,Reactome0019,"Interferon Signaling",GENE1792
Reactome,Reactome0019,"Interferon Signaling",GENE1588
Reactome,Reactome0019,"Interferon Signaling",GENE1253
Reactome,Reactome0019,"Interferon Signaling",GENE2222
Reactome,Reactome0019,"Interferon Signaling",GENE2552
Reactome,Reactome0019,"Interferon Signaling",GENE2194
Reactome,Reactome0019,"Interferon Signaling",GENE0255
Reactome,Reactome0019,"Interferon Signaling",GENE1658
Reactome,Reactome0019,"Interferon Signaling",GENE1393
Reactome,Reactome0019,"Interferon Signaling",GENE0495
Reactome,Reactome0019,"Interferon Signaling",GENE1948
Reactome,Reactome0019,"Interferon Signaling",GENE1149
Reactome,Reactome0019,"Interferon Signaling",GENE2671
Reactome,Reactome0019,"Interferon Signaling",GENE2325
Reactome,Reactome0019,"Interferon Signaling",GENE1939
Reactome,Reactome0019,"Interferon Signaling",GENE1549
Reactome,Reactome0019,"Interferon Signaling",GENE2553
Reactome,Reactome0019,"Interferon Signaling",GENE1120
Reactome,Reactome0019,"Interferon Signaling",GENE2495
Reactome,Reactome0019,"Interferon Signaling",GENE0668
Reactome,Reactome0019,"Interferon Signaling",GENE1544
Reactome,Reactome0019,"Interferon Signaling",GENE0360
Reactome,Reactome0019,"Interferon Signaling",GENE1788
Reactome,Reactome0019,"Interferon Signaling",GENE0661
Reactome,Reactome0019,"Interferon Signaling",GENE1574
Reactome,Reactome0019,"Interferon Signaling",GENE1776
Reactome,Reactome0019,"Interferon Signaling",GENE0114
Reactome,Reactome0019,"Interferon Signaling",GENE2116
Reactome,Reactome0019,"Interferon Signaling",GENE0383
Reactome,Reactome0019,"Interferon Signaling",GENE2929
Reactome,Reactome0019,"Interferon Signaling",GENE0941
Reactome,Reactome0019,"Interferon Signaling",GENE1825
Reactome,Reactome0019,"Interferon Signaling",GENE0147
Reactome,Reactome0019,"Interferon Signaling",GENE1101
Reactome,Reactome0019,"Interferon Signaling",GENE2236
Reactome,Reactome0019,"Interferon Signaling",GENE0473
Reactome,Reactome0019,"Interferon Signaling",GENE1296
Reactome,Reactome0019,"Interferon Signaling",GENE2590
Reactome,Reactome0019,"Interferon Signaling",GENE1277
Reactome,Reactome0019,"Interferon Signaling",GENE1291
Reactome,Reactome0019,"Interferon Signaling",GENE1125
Reactome,Reactome0019,"Interferon Signaling",GENE0734
Reactome,Reactome0019,"Interferon Signaling",GENE0492
Reactome,Reactome0019,"Interferon Signaling",GENE2541
Reactome,Reactome0019,"Interferon Signaling",GENE0455
Reactome,Reactome0019,"Interferon Signaling",GENE1460
Reactome,Reactome0019,"Interferon Signaling",GENE2665
Reactome,Reactome0019,"Interferon Signaling",GENE0735
Reactome,Reactome0019,"Interferon Signaling",GENE2481
Reactome,Reactome0019,"Interferon Signaling",GENE2250
Reactome,Reactome0019,"Interferon Signaling",GENE0723
Reactome,Reactome0019,"Interferon Signaling",GENE2046
Reactome,Reactome0019,"Interferon Signaling",GENE0119
Reactome,Reactome0019,"Interferon Signaling",GENE1256
Reactome,Reactome0019,"Interferon Signaling",GENE0209
Reactome,Reactome0019,"Interferon Signaling",GENE0202
Reactome,Reactome0019,"Interferon Signaling",GENE2357
Reactome,Reactome0019,"Interferon Signaling",GENE0368
Reactome,Reactome0019,"Interferon Signaling",GENE0109
Reactome,Reactome0019,"Interferon Signaling",GENE0206
Reactome,Reactome0019,"Interferon Signaling",GENE1654
Reactome,Reactome0019,"Interferon Signaling",GENE2240
Reactome,Reactome0019,"Interferon Signaling",GENE2368
Reactome,Reactome0019,"Interferon Signaling",GENE2571
Reactome,Reactome0019,"Interferon Signaling",GENE1102
Reactome,Reactome0019,"Interferon Signaling",GENE0259
Reactome,Reactome0019,"Interferon Signaling",GENE2976
Reactome,Reactome0019,"Interferon Signaling",GENE0948
Reactome,Reactome0019,"Interferon Signaling",GENE1368
Reactome,Reactome0019,"Interferon Signaling",GENE0957
Reactome,Reactome0019,"Interferon Signaling",GENE2399
Reactome,Reactome0019,"Interferon Signaling",GENE0554
Reactome,Reactome0019,"Interferon Signaling",GENE0428
Reactome,Reactome0019,"Interferon Signaling",GENE0728
Reactome,Reactome0019,"Interferon Signaling",GENE2431
Reactome,Reactome0019,"Interferon Signaling",GENE0805
Reactome,Reactome0019,"Interferon Signaling",GENE2792
Reactome,Reactome0019,"Interferon Signaling",GENE2440
Reactome,Reactome0019,"Interferon Signaling",GENE0499
Reactome,Reactome0019,"Interferon Signaling",GENE2207
Reactome,Reactome0019,"Interferon Signaling",GENE1100
Reactome,Reactome0019,"Interferon Signaling",GENE1279
Reactome,Reactome0019,"Interferon Signaling",GENE1462
Reactome,Reactome0019,"Interferon Signaling",GENE1218
Reactome,Reactome0019,"Interferon Signaling",GENE0102
Reactome,Reactome0019,"Interferon Signaling",GENE0308
Reactome,Reactome0019,"Interferon Signaling",GENE2093
Reactome,Reactome0019,"Interferon Signaling",CDKN1A
Reactome,Reactome0019,"Interferon Signaling",GENE2741
Reactome,Reactome0019,"Interferon Signaling",GENE0126
Reactome,Reactome0019,"Interferon Signaling",GENE1145
Reactome,Reactome0019,"Interferon Signaling",GENE0063
Reactome,Reactome0019,"Interferon Signaling",GENE0045
Reactome,Reactome0019,"Interferon Signaling",GENE2867
Reactome,Reactome0019,"Interferon Signaling",GENE1854
Reactome,Reactome0019,"Interferon Signaling",GENE0171
Reactome,Reactome0019,"Interferon Signaling",GENE2857
Reactome,Reactome0019,"Interferon Signaling",GENE1314
Reactome,Reactome0019,"Interferon Signaling",GENE2782
Reactome,Reactome0019,"Interferon Signaling",GENE2061
Reactome,Reactome0019,"Interferon Signaling",GENE1871
Reactome,Reactome0019,"Interferon Signaling",GENE2832
Reactome,Reactome0019,"Interferon Signaling",GENE0910
Reactome,Reactome0019,"Interferon Signaling",GENE0752
Reactome,Reactome0019,"Interferon Signaling",GENE1771
Reactome,Reactome0019,"Interferon Signaling",GENE0786
Reactome,Reactome0019,"Interferon Signaling",GENE2366
Reactome,Reactome0019,"Interferon Signaling",GENE2373
Reactome,Reactome0019,"Interferon Signaling",GENE2391
Reactome,Reactome0019,"Interferon Signaling",GENE2174
Reactome,Reactome0019,"Interferon Signaling",GENE1681
Reactome,Reactome0019,"Interferon Signaling",GENE0966
Reactome,Reactome0019,"Interferon Signaling",GENE0950
Reactome,Reactome0019,"Interferon Signaling",GENE1058
Reactome,Reactome0019,"Interferon Signaling",GENE2277
Reactome,Reactome0019,"Interferon Signaling",GENE1316
Reactome,Reactome0019,"Interferon Signaling",GENE2932
Reactome,Reactome0019,"Interferon Signaling",GENE2333
Reactome,Reactome0019,"Interferon Signaling",GENE0652
Reactome,Reactome0019,"Interferon Signaling",GENE1639
Reactome,Reactome0019,"Interferon Signaling",GENE1679
Reactome,Reactome0019,"Interferon Signaling",GENE2736
Reactome,Reactome0019,"Interferon Signaling",GENE1433
Reactome,Reactome0019,"Interferon Signaling",GENE0363
Reactome,Reactome0019,"Interferon Signaling",GENE2791
Reactome,Reactome0019,"Interferon Signaling",GENE0325
Reactome,Reactome0019,"Interferon Signaling",GENE0639
Reactome,Reactome0019,"Interferon Signaling",GENE2922
Reactome,Reactome0019,"Interferon Signaling",GENE2711
Reactome,Reactome0019,"Interferon Signaling",GENE0133
Reactome,Reactome0019,"Interferon Signaling",GENE2475
Reactome,Reactome0019,"Interferon Signaling",GENE1449
Reactome,Reactome0019,"Interferon Signaling",GENE2762
Reactome,Reactome0019,"Interferon Signaling",GENE2973
Reactome,Reactome0019,"Interferon Signaling",GENE2946
Reactome,Reactome0019,"Interferon Signaling",GENE1984
Reactome,Reactome0019,"Interferon Signaling",GENE0351
Reactome,Reactome0019,"Interferon Signaling",GENE1790
Reactome,Reactome0019,"Interferon Signaling",GENE0084
Reactome,Reactome0019,"Interferon Signaling",GENE0724
Reactome,Reactome0019,"Interferon Signaling",GENE0726
Reactome,Reactome0019,"Interferon Signaling",GENE1761
Reactome,Reactome0019,"Interferon Signaling",GENE2233
Reactome,Reactome0019,"Interferon Signaling",GENE1928
Reactome,Reactome0019,"Interferon Signaling",GENE0792
Reactome,Reactome0019,"Interferon Signaling",GENE2625
Reactome,Reactome0019,"Interferon Signaling",GENE2640
Reactome,Reactome0019,"Interferon Signaling",GENE0731
Reactome,Reactome0019,"Interferon Signaling",GENE0438
Reactome,Reactome0019,"Interferon Signaling",GENE2800
Reactome,Reactome0019,"Interferon Signaling",GENE1434
Reactome,Reactome0020,"Cell Cycle Checkpoints",GENE1174
Reactome,Reactome0020,"Cell Cycle Checkpoints",GENE2463
Reactome,Reactome0020,"Cell Cycle Checkpoints",GENE2899
Reactome,Reactome0020,"Cell Cycle Checkpoints",GENE1424
Reactome,Reactome0020,"Cell Cycle Checkpoints",GENE2985
Reactome,Reactome0020,"Cell Cycle Checkpoints",GENE2639
Reactome,Reactome0020,"Cell Cycle Checkpoints",GENE1881
Reactome,Reactome0020,"Cell Cycle Checkpoints",GENE2849
Reactome,Reactome0020,"Cell Cycle Checkpoints",GENE1055
Reactome,Reactome0020,"Cell Cycle Checkpoints",GENE2798
Reactome,Reactome0020,"Cell Cycle Checkpoints",GENE0975
Reactome,Reactome0020,"Cell Cycle Checkpoints",GENE1104
Reactome,Reactome0020,"Cell Cycle Checkpoints",GENE2754
Reactome,Reactome0020,"Cell Cycle Checkpoints",GENE1925
Reactome,Reactome0020,"Cell Cycle Checkpoints",GENE0889
Reactome,Reactome0020,"Cell Cycle Checkpoints",GENE0403
Reactome,Reactome0020,"Cell Cycle Checkpoints",GENE1453
Reactome,Reactome0020,"Cell Cycle Checkpoints",GENE0265
Reactome,Reactome0020,"Cell Cycle Checkpoints",GENE1690
Reactome,Reactome0020,"Cell Cycle Checkpoints",GENE2324
Reactome,Reactome0020,"Cell Cycle Checkpoints",GENE2076
Reactome,Reactome0020,"Cell Cycle Checkpoints",GENE2487
Reactome,Reactome0020,"Cell Cycle Checkpoints",GENE2977
Reactome,Reactome0020,"Cell Cycle Checkpoints",GENE2637
Reactome,Reactome0020,"Cell Cycle Checkpoints",GENE0981
Reactome,Reactome0020,"Cell Cycle Checkpoints",GENE0373
Reactome,Reactome0020,"Cell Cycle Checkpoints",GENE0032
Reactome,Reactome0020,"Cell Cycle Checkpoints",GENE1467
Reactome,Reactome0020,"Cell Cycle Checkpoints",GENE1970
Reactome,Reactome0020,"Cell Cycle Checkpoints",GENE1118
Reactome,Reactome0020,"Cell Cycle Checkpoints",GENE2532
Reactome,Reactome0020,"Cell Cycle Checkpoints",GENE0209
Reactome,Reactome0020,"Cell Cycle Checkpoints",GENE0980
Reactome,Reactome0020,"Cell Cycle Checkpoints",GENE2567
Reactome,Reactome0020,"Cell Cycle Checkpoints",GENE1672
Reactome,Reactome0020,"Cell Cycle Checkpoints",GENE1343
Reactome,Reactome0020,"Cell Cycle Checkpoints",GENE1965
Reactome,Reactome0020,"Cell Cycle Checkpoints",GENE0959
Reactome,Reactome0020,"Cell Cycle Checkpoints",GENE0999
Reactome,Reactome0020,"Cell Cycle Checkpoints",GENE1369
Reactome,Reactome0020,"Cell Cycle Checkpoints",GENE0266
Reactome,Reactome0020,"Cell Cycle Checkpoints",GENE0432
Reactome,Reactome0020,"Cell Cycle Checkpoints",GENE1898
Reactome,Reactome0020,"Cell Cycle Checkpoints",GENE0118
Reactome,Reactome0020,"Cell Cycle Checkpoints",GENE0180
Reactome,Reactome0020,"Cell Cycle Checkpoints",GENE2790
Reactome,Reactome0020,"Cell Cycle Checkpoints",GENE0761
Reactome,Reactome0020,"Cell Cycle Checkpoints",GENE2228
Reactome,Reactome0020,"Cell Cycle Checkpoints",GENE2847
Reactome,Reactome0020,"Cell Cycle Checkpoints",GENE2837
Reactome,Reactome0020,"Cell Cycle Checkpoints",GENE0598
Reactome,Reactome0020,"Cell Cycle Checkpoints",GENE2100
Reactome,Reactome0020,"Cell Cycle Checkpoints",GENE2173
Reactome,Reactome0020,"Cell Cycle Checkpoints",INS
Reactome,Reactome0020,"Cell Cycle Checkpoints",GENE2050
Reactome,Reactome0020,"Cell Cycle Checkpoints",GENE0929
Reactome,Reactome0020,"Cell Cycle Checkpoints",GENE2770
Reactome,Reactome0020,"Cell Cycle Checkpoints",GENE0187
Reactome,Reactome0020,"Cell Cycle Checkpoints",GENE2251
Reactome,Reactome0020,"Cell Cycle Checkpoints",GENE1070
Reactome,Reactome0020,"Cell Cycle Checkpoints",GENE2549
Reactome,Reactome0020,"Cell Cycle Checkpoints",GENE2066
Reactome,Reactome0020,"Cell Cycle Checkpoints",GENE2301
Reactome,Reactome0020,"Cell Cycle Checkpoints",GENE0089
Reactome,Reactome0020,"Cell Cycle Checkpoints",GENE0888
Reactome,Reactome0020,"Cell Cycle Checkpoints",GENE2975
Reactome,Reactome0020,"Cell Cycle Checkpoints",GENE0488
Reactome,Reactome0020,"Cell Cycle Checkpoints",GENE1642
Reactome,Reactome0020,"Cell Cycle Checkpoints",GENE0822
Reactome,Reactome0020,"Cell Cycle Checkpoints",GENE0355
Reactome,Reactome0020,"Cell Cycle Checkpoints",GENE2541
Reactome,Reactome0020,"Cell Cycle Checkpoints",GENE1517
Reactome,Reactome0020,"Cell Cycle Checkpoints",GENE1593
Reactome,Reactome0020,"Cell Cycle Checkpoints",GENE1064
Reactome,Reactome0020,"Cell Cycle Checkpoints",GENE0493
Reactome,Reactome0020,"Cell Cycle Checkpoints",GENE2762
Reactome,Reactome0020,"Cell Cycle Checkpoints",GENE1188
Reactome,Reactome0020,"Cell Cycle Checkpoints",GENE1927
Reactome,Reactome0020,"Cell Cycle Checkpoints",GENE1750
Reactome,Reactome0020,"Cell Cycle Checkpoints",GENE2588
Reactome,Reactome0020,"Cell Cycle Checkpoints",GENE1010
Reactome,Reactome0020,"Cell Cycle Checkpoints",GENE2598
Reactome,Reactome0020,"Cell Cycle Checkpoints",GENE0943
Reactome,Reactome0020,"Cell Cycle Checkpoints",GENE0566
Reactome,Reactome0020,"Cell Cycle Checkpoints",GENE2230
Reactome,Reactome0020,"Cell Cycle Checkpoints",GENE2586
Reactome,Reactome0020,"Cell Cycle Checkpoints",GENE2084
Reactome,Reactome0020,"Cell Cycle Checkpoints",GENE2916
Reactome,Reactome0020,"Cell Cycle Checkpoints",GENE2037
Reactome,Reactome0020,"Cell Cycle Checkpoints",GENE1245
Reactome,Reactome0020,"Cell Cycle Checkpoints",GENE1378
Reactome,Reactome0020,"Cell Cycle Checkpoints",GENE2712
Reactome,Reactome0020,"Cell Cycle Checkpoints",GENE2696
Reactome,Reactome0020,"Cell Cycle Checkpoints",GENE1778
Reactome,Reactome0020,"Cell Cycle Checkpoints",GENE1026
Reactome,Reactome0020,"Cell Cycle Checkpoints",GENE1204
Reactome,Reactome0020,"Cell Cycle Checkpoints",GENE1108
Reactome,Reactome0020,"Cell Cycle Checkpoints",GENE1649
Reactome,Reactome0020,"Cell Cycle Checkpoints",GENE1256
Reactome,Reactome0020,"Cell Cycle Checkpoints",GENE1864
Reactome,Reactome0020,"Cell Cycle Checkpoints",GENE1014
Reactome,Reactome0020,"Cell Cycle Checkpoints",GENE2865
Reactome,Reactome0020,"Cell Cycle Checkpoints",GENE0066
Reactome,Reactome0020,"Cell Cycle Checkpoints",GENE1700
Reactome,Reactome0020,"Cell Cycle Checkpoints",GENE2426
Reactome,Reactome0020,"Cell Cycle Checkpoints",GENE0152
Reactome,Reactome0020,"Cell Cycle Checkpoints",GENE1968
Reactome,Reactome0020,"Cell Cycle Checkpoints",TNF
Reactome,Reactome0020,"Cell Cycle Checkpoints",GENE1091
Reactome,Reactome0020,"Cell Cycle Checkpoints",GENE2804
Reactome,Reactome0020,"Cell Cycle Checkpoints",GENE0160
Reactome,Reactome0020,"Cell Cycle Checkpoints",GENE2057
Reactome,Reactome0020,"Cell Cycle Checkpoints",GENE2631
Reactome,Reactome0020,"Cell Cycle Checkpoints",GENE0621
Reactome,Reactome0020,"Cell Cycle Checkpoints",GENE1628
Reactome,Reactome0020,"Cell Cycle Checkpoints",GENE1508
Reactome,Reactome0020,"Cell Cycle Checkpoints",GENE2036
Reactome,Reactome0020,"Cell Cycle Checkpoints",GENE2466
Reactome,Reactome0020,"Cell Cycle Checkpoints",GENE0973
Reactome,Reactome0020,"Cell Cycle Checkpoints",GENE2212
Reactome,Reactome0020,"Cell Cycle Checkpoints",GENE2726
Reactome,Reactome0020,"Cell Cycle Checkpoints",GENE1234
Reactome,Reactome0020,"Cell Cycle Checkpoints",GENE2513
Reactome,Reactome0020,"Cell Cycle Checkpoints",GENE2785
Reactome,Reactome0020,"Cell Cycle Checkpoints",GENE1788
Reactome,Reactome0020,"Cell Cycle Checkpoints",GENE0276
Reactome,Reactome0020,"Cell Cycle Checkpoints",GENE0727
Reactome,Reactome0020,"Cell Cycle Checkpoints",GENE1860
Reactome,Reactome0020,"Cell Cycle Checkpoints",GENE0604
Reactome,Reactome0020,"Cell Cycle Checkpoints",GENE0450
Reactome,Reactome0020,"Cell Cycle Checkpoints",GENE0529
Reactome,Reactome0020,"Cell Cycle Checkpoints",GENE0690
Reactome,Reactome0020,"Cell Cycle Checkpoints",GENE0280
Reactome,Reactome0020,"Cell Cycle Checkpoints",GENE0666
Reactome,Reactome0020,"Cell Cycle Checkpoints",GENE1677
Reactome,Reactome0020,"Cell Cycle Checkpoints",GENE2641
Reactome,Reactome0020,"Cell Cycle Checkpoints",GENE1532
Reactome,Reactome0020,"Cell Cycle Checkpoints",GENE2263
Reactome,Reactome0020,"Cell Cycle Checkpoints",GENE2923
Reactome,Reactome0020,"Cell Cycle Checkpoints",GENE2456
Reactome,Reactome0020,"Cell Cycle Checkpoints",GENE0827
Reactome,Reactome0020,"Cell Cycle Checkpoints",GENE1759
Reactome,Reactome0020,"Cell Cycle Checkpoints",GENE0208
Reactome,Reactome0021,"Signaling by Interleukins",GENE0909
Reactome,Reactome0021,"Signaling by Interleukins",GENE0106
Reactome,Reactome0021,"Signaling by Interleukins",GENE1755
Reactome,Reactome0021,"Signaling by Interleukins",GENE0219
Reactome,Reactome0021,"Signaling by Interleukins",GENE2649
Reactome,Reactome0021,"Signaling by Interleukins",GENE1837
Reactome,Reactome0021,"Signaling by Interleukins",GENE0382
Reactome,Reactome0021,"Signaling by Interleukins",GENE0798
Reactome,Reactome0021,"Signaling by Interleukins",GENE2970
Reactome,Reactome0021,"Signaling by Interleukins",GENE0628
Reactome,Reactome0021,"Signaling by Interleukins",GENE0919
Reactome,Reactome0021,"Signaling by Interleukins",GENE1443
Reactome,Reactome0021,"Signaling by Interleukins",GENE0510
Reactome,Reactome0021,"Signaling by Interleukins",GENE0836
Reactome,Reactome0021,"Signaling by Interleukins",GENE0244
Reactome,Reactome0021,"Signaling by Interleukins",GENE1037
Reactome,Reactome0021,"Signaling by Interleukins",GENE2463
Reactome,Reactome0021,"Signaling by Interleukins",GENE0964
Reactome,Reactome0021,"Signaling by Interleukins",GENE2334
Reactome,Reactome0021,"Signaling by Interleukins",GENE2782
Reactome,Reactome0021,"Signaling by Interleukins",GENE1170
Reactome,Reactome0021,"Signaling by Interleukins",GENE2655
Reactome,Reactome0021,"Signaling by Interleukins",GENE0575
Reactome,Reactome0021,"Signaling by Interleukins",GENE1937
Reactome,Reactome0021,"Signaling by Interleukins",GENE1936
Reactome,Reactome0021,"Signaling by Interleukins",GENE0430
Reactome,Reactome0021,"Signaling by Interleukins",GENE2260
Reactome,Reactome0021,"Signaling by Interleukins",GENE1386
Reactome,Reactome0021,"Signaling by Interleukins",GENE2504
Reactome,Reactome0021,"Signaling by Interleukins",GENE1603
Reactome,Reactome0021,"Signaling by Interleukins",GENE0451
Reactome,Reactome0021,"Signaling by Interleukins",GENE2631
Reactome,Reactome0021,"Signaling by Interleukins",GENE1858
Reactome,Reactome0021,"Signaling by Interleukins",GENE1796
Reactome,Reactome0021,"Signaling by Interleukins",GENE2696
Reactome,Reactome0021,"Signaling by Interleukins",GENE1262
Reactome,Reactome0021,"Signaling by Interleukins",GENE0717
Reactome,Reactome0021,"Signaling by Interleukins",GENE1708
Reactome,Reactome0021,"Signaling by Interleukins",GENE2439
Reactome,Reactome0021,"Signaling by Interleukins",GENE2764
Reactome,Reactome0021,"Signaling by Interleukins",GENE2766
Reactome,Reactome0021,"Signaling by Interleukins",GENE2524
Reactome,Reactome0021,"Signaling by Interleukins",GENE2054
Reactome,Reactome0021,"Signaling by Interleukins",GENE1392
Reactome,Reactome0021,"Signaling by Interleukins",GENE0671
Reactome,Reactome0021,"Signaling by Interleukins",GENE0581
Reactome,Reactome0021,"Signaling by Interleukins",GENE2593
Reactome,Reactome0021,"Signaling by Interleukins",GENE1244
Reactome,Reactome0021,"Signaling by Interleukins",GENE2023
Reactome,Reactome0021,"Signaling by Interleukins",GENE0448
Reactome,Reactome0021,"Signaling by Interleukins",GENE1409
Reactome,Reactome0021,"Signaling by Interleukins",GENE1635
Reactome,Reactome0021,"Signaling by Interleukins",GENE1514
Reactome,Reactome0021,"Signaling by Interleukins",GENE0746
Reactome,Reactome0021,"Signaling by Interleukins",GENE1245
Reactome,Reactome0021,"Signaling by Interleukins",GENE1740
Reactome,Reactome0021,"Signaling by Interleukins",GENE1075
Reactome,Reactome0021,"Signaling by Interleukins",GENE0677
Reactome,Reactome0021,"Signaling by Interleukins",GENE1463
Reactome,Reactome0021,"Signaling by Interleukins",GENE0096
Reactome,Reactome0021,"Signaling by Interleukins",GENE1083
Reactome,Reactome0021,"Signaling by Interleukins",GENE2255
Reactome,Reactome0021,"Signaling by Interleukins",GENE1266
Reactome,Reactome0021,"Signaling by Interleukins",GENE1421
Reactome,Reactome0021,"Signaling by Interleukins",GENE1531
Reactome,Reactome0021,"Signaling by Interleukins",GENE0891
Reactome,Reactome0021,"Signaling by Interleukins",GENE0431
Reactome,Reactome0021,"Signaling by Interleukins",GENE1992
Reactome,Reactome0021,"Signaling by Interleukins",GENE2199
Reactome,Reactome0021,"Signaling by Interleukins",GENE2844
Reactome,Reactome0021,"Signaling by Interleukins",GENE2449
Reactome,Reactome0021,"Signaling by Interleukins",GENE2623
Reactome,Reactome0021,"Signaling by Interleukins",GENE0834
Reactome,Reactome0021,"Signaling by Interleukins",GENE2292
Reactome,Reactome0021,"Signaling by Interleukins",GENE1205
Reactome,Reactome0021,"Signaling by Interleukins",GENE0435
Reactome,Reactome0021,"Signaling by Interleukins",GENE1574
Reactome,Reactome0021,"Signaling by Interleukins",GENE2745
Reactome,Reactome0021,"Signaling by Interleukins",GENE0680
Reactome,Reactome0021,"Signaling by Interleukins",GENE2433
Reactome,Reactome0021,"Signaling by Interleukins",GENE0150
Reactome,Reactome0021,"Signaling by Interleukins",GENE0663
Reactome,Reactome0021,"Signaling by Interleukins",GENE0979
Reactome,Reactome0021,"Signaling by Interleukins",GENE0196
Reactome,Reactome0021,"Signaling by Interleukins",GENE0325
Reactome,Reactome0021,"Signaling by Interleukins",GENE2714
Reactome,Reactome0021,"Signaling by Interleukins",GENE0328
Reactome,Reactome0021,"Signaling by Interleukins",GENE1412
Reactome,Reactome0021,"Signaling by Interleukins",GENE2617
Reactome,Reactome0021,"Signaling by Interleukins",GENE1750
Reactome,Reactome0021,"Signaling by Interleukins",GENE1254
Reactome,Reactome0021,"Signaling by Interleukins",GENE2828
Reactome,Reactome0021,"Signaling by Interleukins",GENE1781
Reactome,Reactome0022,"Programmed Cell Death",GENE1213
Reactome,Reactome0022,"Programmed Cell Death",GENE2488
Reactome,Reactome0022,"Programmed Cell Death",GENE1062
Reactome,Reactome0022,"Programmed Cell Death",GENE1091
Reactome,Reactome0022,"Programmed Cell Death",GENE2633
Reactome,Reactome0022,"Programmed Cell Death",GENE0547
Reactome,Reactome0022,"Programmed Cell Death",GENE1731
Reactome,Reactome0022,"Programmed Cell Death",GENE1456
Reactome,Reactome0022,"Programmed Cell Death",GENE1950
Reactome,Reactome0022,"Programmed Cell Death",GENE0373
Reactome,Reactome0022,"Programmed Cell Death",GENE1866
Reactome,Reactome0022,"Programmed Cell Death",GENE0842
Reactome,Reactome0022,"Programmed Cell Death",GENE1965
Reactome,Reactome0022,"Programmed Cell Death",GENE2127
Reactome,Reactome0022,"Programmed Cell Death",GENE2253
Reactome,Reactome0022,"Programmed Cell Death",GENE1644
Reactome,Reactome0022,"Programmed Cell Death",GENE1361
Reactome,Reactome0022,"Programmed Cell Death",GENE2376
Reactome,Reactome0022,"Programmed Cell Death",GENE1473
Reactome,Reactome0022,"Programmed Cell Death",GENE0734
Reactome,Reactome0022,"Programmed Cell Death",GENE1881
Reactome,Reactome0022,"Programmed Cell Death",GENE2594
Reactome,Reactome0022,"Programmed Cell Death",GENE1587
Reactome,Reactome0022,"Programmed Cell Death",GENE0670
Reactome,Reactome0022,"Programmed Cell Death",GENE0927
Reactome,Reactome0022,"Programmed Cell Death",GENE0634
Reactome,Reactome0022,"Programmed Cell Death",GENE2378
Reactome,Reactome0022,"Programmed Cell Death",GENE1547
Reactome,Reactome0022,"Programmed Cell Death",GENE2351
Reactome,Reactome0022,"Programmed Cell Death",GENE1277
Reactome,Reactome0022,"Programmed Cell Death",GENE1109
Reactome,Reactome0022,"Programmed Cell Death",GENE0546
Reactome,Reactome0022,"Programmed Cell Death",GENE2422
Reactome,Reactome0022,"Programmed Cell Death",CXCL10
Reactome,Reactome0022,"Programmed Cell Death",GENE1337
Reactome,Reactome0022,"Programmed Cell Death",GENE0622
Reactome,Reactome0022,"Programmed Cell Death",GENE1184
Reactome,Reactome0022,"Programmed Cell Death",GENE0883
Reactome,Reactome0022,"Programmed Cell Death",GENE1066
Reactome,Reactome0022,"Programmed Cell Death",GENE2936
Reactome,Reactome0022,"Programmed Cell Death",GENE0283
Reactome,Reactome0022,"Programmed Cell Death",GENE2232
Reactome,Reactome0022,"Programmed Cell Death",GENE1689
Reactome,Reactome0022,"Programmed Cell Death",GENE2839
Reactome,Reactome0022,"Programmed Cell Death",GENE0589
Reactome,Reactome0022,"Programmed Cell Death",GENE1263
Reactome,Reactome0022,"Programmed Cell Death",GENE0987
Reactome,Reactome0022,"Programmed Cell Death",GENE1939
Reactome,Reactome0022,"Programmed Cell Death",GENE1837
Reactome,Reactome0022,"Programmed Cell Death",GENE1917
Reactome,Reactome0022,"Programmed Cell Death",INS
Reactome,Reactome0022,"Programmed Cell Death",GENE1193
Reactome,Reactome0022,"Programmed Cell Death",GENE0155
Reactome,Reactome0022,"Programmed Cell Death",GENE1735
Reactome,Reactome0022,"Programmed Cell Death",GENE0196
Reactome,Reactome0022,"Programmed Cell Death",GENE0077
Reactome,Reactome0022,"Programmed Cell Death",GENE0433
Reactome,Reactome0022,"Programmed Cell Death",GENE0040
Reactome,Reactome0022,"Programmed Cell Death",GENE1695
Reactome,Reactome0022,"Programmed Cell Death",GENE2001
Reactome,Reactome0022,"Programmed Cell Death",GENE1422
Reactome,Reactome0022,"Programmed Cell Death",GENE0968
Reactome,Reactome0022,"Programmed Cell Death",GENE1905
Reactome,Reactome0022,"Programmed Cell Death",GENE1192
Reactome,Reactome0022,"Programmed Cell Death",GENE1801
Reactome,Reactome0022,"Programmed Cell Death",GENE1696
Reactome,Reactome0022,"Programmed Cell Death",GENE1561
Reactome,Reactome0022,"Programmed Cell Death",GENE2909
Reactome,Reactome0022,"Programmed Cell Death",GENE1153
Reactome,Reactome0022,"Programmed Cell Death",GENE2871
Reactome,Reactome0022,"Programmed Cell Death",GENE2905
Reactome,Reactome0022,"Programmed Cell Death",GENE1805
Reactome,Reactome0022,"Programmed Cell Death",GENE1485
Reactome,Reactome0022,"Programmed Cell Death",GENE0237
Reactome,Reactome0022,"Programmed Cell Death",GENE2005
Reactome,Reactome0022,"Programmed Cell Death",GENE0080
Reactome,Reactome0022,"Programmed Cell Death",GENE2588
Reactome,Reactome0022,"Programmed Cell Death",GENE1415
Reactome,Reactome0022,"Programmed Cell Death",GENE1614
Reactome,Reactome0022,"Programmed Cell Death",GENE2396
Reactome,Reactome0022,"Programmed Cell Death",GENE0117
Reactome,Reactome0022,"Programmed Cell Death",GENE1605
Reactome,Reactome0022,"Programmed Cell Death",GENE0207
Reactome,Reactome0022,"Programmed Cell Death",GENE0496
Reactome,Reactome0022,"Programmed Cell Death",GENE0645
Reactome,Reactome0022,"Programmed Cell Death",GENE0772
Reactome,Reactome0022,"Programmed Cell Death",GENE2831
Reactome,Reactome0022,"Programmed Cell Death",GENE2249
Reactome,Reactome0022,"Programmed Cell Death",GENE0390
Reactome,Reactome0022,"Programmed Cell Death",GENE2261
Reactome,Reactome0022,"Programmed Cell Death",GENE1856
Reactome,Reactome0022,"Programmed Cell Death",GENE1332
Reactome,Reactome0022,"Programmed Cell Death",GENE2064
Reactome,Reactome0022,"Programmed Cell Death",GENE2342
Reactome,Reactome0022,"Programmed Cell Death",GENE0728
Reactome,Reactome0022,"Programmed Cell Death",GENE0261
Reactome,Reactome0022,"Programmed Cell Death",GENE1334
Reactome,Reactome0022,"Programmed Cell Death",GENE1034
Reactome,Reactome0022,"Programmed Cell Death",GENE0538
Reactome,Reactome0022,"Programmed Cell Death",GENE3000
Reactome,Reactome0022,"Programmed Cell Death",GENE0128
Reactome,Reactome0022,"Programmed Cell Death",GENE2974
Reactome,Reactome0022,"Programmed Cell Death",GENE0069
Reactome,Reactome0022,"Programmed Cell Death",GENE2854
Reactome,Reactome0022,"Programmed Cell Death",GENE0437
Reactome,Reactome0022,"Programmed Cell Death",GENE1135
Reactome,Reactome0022,"Programmed Cell Death",GENE2438
Reactome,Reactome0022,"Programmed Cell Death",GENE1229
Reactome,Reactome0022,"Programmed Cell Death",GENE0104
Reactome,Reactome0022,"Programmed Cell Death",GENE0720
Reactome,Reactome0022,"Programmed Cell Death",GENE2539
Reactome,Reactome0022,"Programmed Cell Death",JUN
Reactome,Reactome0022,"Programmed Cell Death",GENE1781
Reactome,Reactome0022,"Programmed Cell Death",GENE2902
Reactome,Reactome0022,"Programmed Cell Death",GENE1331
Reactome,Reactome0022,"Programmed Cell Death",GENE1524
Reactome,Reactome0022,"Programmed Cell Death",GENE0990
Reactome,Reactome0022,"Programmed Cell Death",GENE0504
Reactome,Reactome0022,"Programmed Cell Death",GENE1462
Reactome,Reactome0022,"Programmed Cell Death",GENE1907
Reactome,Reactome0022,"Programmed Cell Death",GENE2605
Reactome,Reactome0022,"Programmed Cell Death",GENE0273
Reactome,Reactome0022,"Programmed Cell Death",GENE0305
Reactome,Reactome0022,"Programmed Cell Death",GENE1018
Reactome,Reactome0022,"Programmed Cell Death",GENE1026
Reactome,Reactome0022,"Programmed Cell Death",GENE1497
Reactome,Reactome0022,"Programmed Cell Death",GENE1666
Reactome,Reactome0022,"Programmed Cell Death",GENE2526
Reactome,Reactome0022,"Programmed Cell Death",GENE1227
Reactome,Reactome0022,"Programmed Cell Death",GENE2475
Reactome,Reactome0022,"Programmed Cell Death",GENE0349
Reactome,Reactome0022,"Programmed Cell Death",GENE1060
Reactome,Reactome0022,"Programmed Cell Death",GENE2299
Reactome,Reactome0022,"Programmed Cell Death",GENE1218
Reactome,Reactome0022,"Programmed Cell Death",GENE1789
Reactome,Reactome0022,"Programmed Cell Death",GENE1443
Reactome,Reactome0022,"Programmed Cell Death",GENE0429
Reactome,Reactome0022,"Programmed Cell Death",GENE0197
Reactome,Reactome0022,"Programmed Cell Death",GENE2220
Reactome,Reactome0022,"Programmed Cell Death",GENE0778
Reactome,Reactome0022,"Programmed Cell Death",BCL2
Reactome,Reactome0022,"Programmed Cell Death",GENE2186
Reactome,Reactome0022,"Programmed Cell Death",GENE2172
Reactome,Reactome0022,"Programmed Cell Death",GENE2569
Reactome,Reactome0022,"Programmed Cell Death",GENE1816
Reactome,Reactome0022,"Programmed Cell Death",GENE2359
Reactome,Reactome0022,"Programmed Cell Death",GENE2267
Reactome,Reactome0022,"Programmed Cell Death",GENE2699
Reactome,Reactome0022,"Programmed Cell Death",GENE2285
Reactome,Reactome0022,"Programmed Cell Death",GENE0642
Reactome,Reactome0022,"Programmed Cell Death",GENE1458
Reactome,Reactome0022,"Programmed Cell Death",GENE0093
Reactome,Reactome0022,"Programmed Cell Death",GENE2346
Reactome,Reactome0022,"Programmed Cell Death",GENE2510
Reactome,Reactome0022,"Programmed Cell Death",GENE2683
Reactome,Reactome0022,"Programmed Cell Death",GENE0654
Reactome,Reactome0022,"Programmed Cell Death",GENE1152
Reactome,Reactome0022,"Programmed Cell Death",GENE0066
Reactome,Reactome0022,"Programmed Cell Death",GENE1167
Reactome,Reactome0022,"Programmed Cell Death",GENE0389
Reactome,Reactome0022,"Programmed Cell Death",GENE0052
Reactome,Reactome0022,"Programmed Cell Death",GENE0248
Reactome,Reactome0022,"Programmed Cell Death",GENE1194
Reactome,Reactome0022,"Programmed Cell Death",GENE1209
Reactome,Reactome0022,"Programmed Cell Death",GENE0695
Reactome,Reactome0022,"Programmed Cell Death",GENE0092
Reactome,Reactome0022,"Programmed Cell Death",GENE1142
Reactome,Reactome0022,"Programmed Cell Death",GENE1131
Reactome,Reactome0022,"Programmed Cell Death",GENE1403
Reactome,Reactome0022,"Programmed Cell Death",GENE2624
Reactome,Reactome0022,"Programmed Cell Death",GENE2006
Reactome,Reactome0022,"Programmed Cell Death",GENE2288
Reactome,Reactome0022,"Programmed Cell Death",GENE1476
Reactome,Reactome0022,"Programmed Cell Death",GENE2774
Reactome,Reactome0022,"Programmed Cell Death",GENE1639
Reactome,Reactome0022,"Programmed Cell Death",GENE1064
Reactome,Reactome0022,"Programmed Cell Death",GENE0752
Reactome,Reactome0022,"Programmed Cell Death",GENE1076
Reactome,Reactome0022,"Programmed Cell Death",GENE1775
Reactome,Reactome0022,"Programmed Cell Death",GENE2037
Reactome,Reactome0022,"Programmed Cell Death",GENE0269
Reactome,Reactome0022,"Programmed Cell Death",GENE2760
Reactome,Reactome0022,"Programmed Cell Death",GENE0901
Reactome,Reactome0022,"Programmed Cell Death",GENE0156
Reactome,Reactome0022,"Programmed Cell Death",GENE2429
Reactome,Reactome0022,"Programmed Cell Death",GENE2326
Reactome,Reactome0022,"Programmed Cell Death",GENE0832
Reactome,Reactome0022,"Programmed Cell Death",GENE2392
Reactome,Reactome0022,"Programmed Cell Death",GENE1138
Reactome,Reactome0022,"Programmed Cell Death",GENE2047
Reactome,Reactome0022,"Programmed Cell Death",GENE2621
Reactome,Reactome0022,"Programmed Cell Death",GENE2575
Reactome,Reactome0022,"Programmed Cell Death",GENE1519
Reactome,Reactome0022,"Programmed Cell Death",GENE1875
Reactome,Reactome0022,"Programmed Cell Death",GENE0788
Reactome,Reactome0022,"Programmed Cell Death",GENE0190
Reactome,Reactome0022,"Programmed Cell Death",GENE1394
Reactome,Reactome0022,"Programmed Cell Death",GENE0973
Reactome,Reactome0022,"Programmed Cell Death",GENE2377
Reactome,Reactome0022,"Programmed Cell Death",GENE1058
Reactome,Reactome0022,"Programmed Cell Death",GENE1441
Reactome,Reactome0022,"Programmed Cell Death",GENE2869
Reactome,Reactome0022,"Programmed Cell Death",GENE1623
Reactome,Reactome0022,"Programmed Cell Death",GENE0782
Reactome,Reactome0022,"Programmed Cell Death",GENE2915
Reactome,Reactome0022,"Programmed Cell Death",GENE1479
Reactome,Reactome0022,"Programmed Cell Death",GENE0552
Reactome,Reactome0022,"Programmed Cell Death",GENE0436
Reactome,Reactome0022,"Programmed Cell Death",GENE2725
Reactome,Reactome0022,"Programmed Cell Death",GENE1223
Reactome,Reactome0022,"Programmed Cell Death",ACTB
Reactome,Reactome0022,"Programmed Cell Death",GENE0044
Reactome,Reactome0022,"Programmed Cell Death",GENE1616
Reactome,Reactome0022,"Programmed Cell Death",GENE1618
Reactome,Reactome0022,"Programmed Cell Death",GENE1379
Reactome,Reactome0022,"Programmed Cell Death",GENE2439
Reactome,Reactome0022,"Programmed Cell Death",GENE2982
Reactome,Reactome0022,"Programmed Cell Death",GENE2595
Reactome,Reactome0022,"Programmed Cell Death",GENE1668
Reactome,Reactome0022,"Programmed Cell Death",MKI67
Reactome,Reactome0022,"Programmed Cell Death",GENE0463
Reactome,Reactome0022,"Programmed Cell Death",GENE2611
Reactome,Reactome0022,"Programmed Cell Death",GENE2434
Reactome,Reactome0023,"Extracellular matrix organization",GENE1690
Reactome,Reactome0023,"Extracellular matrix organization",GENE2822
Reactome,Reactome0023,"Extracellular matrix organization",GENE0842
Reactome,Reactome0023,"Extracellular matrix organization",GENE2018
Reactome,Reactome0023,"Extracellular matrix organization",GENE1351
Reactome,Reactome0023,"Extracellular matrix organization",GENE1859
Reactome,Reactome0023,"Extracellular matrix organization",GENE2538
Reactome,Reactome0023,"Extracellular matrix organization",GENE0613
Reactome,Reactome0023,"Extracellular matrix organization",GENE1573
Reactome,Reactome0023,"Extracellular matrix organization",GENE1604
Reactome,Reactome0023,"Extracellular matrix organization",GENE1957
Reactome,Reactome0023,"Extracellular matrix organization",GENE2488
Reactome,Reactome0023,"Extracellular matrix organization",GENE1510
Reactome,Reactome0023,"Extracellular matrix organization",GENE2463
Reactome,Reactome0023,"Extracellular matrix organization",GENE2313
Reactome,Reactome0023,"Extracellular matrix organization",GENE0118
Reactome,Reactome0023,"Extracellular matrix organization",GENE0328
Reactome,Reactome0023,"Extracellular matrix organization",GENE2026
Reactome,Reactome0023,"Extracellular matrix organization",GENE2715
Reactome,Reactome0023,"Extracellular matrix organization",GENE0115
Reactome,Reactome0023,"Extracellular matrix organization",GENE0153
Reactome,Reactome0023,"Extracellular matrix organization",GENE2298
Reactome,Reactome0023,"Extracellular matrix organization",GENE1299
Reactome,Reactome0023,"Extracellular matrix organization",GENE0754
Reactome,Reactome0023,"Extracellular matrix organization",GENE0250
Reactome,Reactome0023,"Extracellular matrix organization",GENE0456
Reactome,Reactome0023,"Extracellular matrix organization",GENE0208
Reactome,Reactome0023,"Extracellular matrix organization",GENE0760
Reactome,Reactome0023,"Extracellular matrix organization",GENE2969
Reactome,Reactome0023,"Extracellular matrix organization",GENE0968
Reactome,Reactome0023,"Extracellular matrix organization",GENE1084
Reactome,Reactome0023,"Extracellular matrix organization",GENE0067
Reactome,Reactome0023,"Extracellular matrix organization",GENE0856
Reactome,Reactome0023,"Extracellular matrix organization",GENE1203
Reactome,Reactome0023,"Extracellular matrix organization",GENE0280
Reactome,Reactome0023,"Extracellular matrix organization",GENE0358
Reactome,Reactome0023,"Extracellular matrix organization",GENE2637
Reactome,Reactome0023,"Extracellular matrix organization",GENE2335
Reactome,Reactome0023,"Extracellular matrix organization",BAX
Reactome,Reactome0023,"Extracellular matrix organization",GENE0681
Reactome,Reactome0023,"Extracellular matrix organization",GENE2702
Reactome,Reactome0023,"Extracellular matrix organization",GENE0691
Reactome,Reactome0023,"Extracellular matrix organization",GENE0545
Reactome,Reactome0023,"Extracellular matrix organization",GENE2227
Reactome,Reactome0023,"Extracellular matrix organization",GENE2235
Reactome,Reactome0023,"Extracellular matrix organization",GENE1555
Reactome,Reactome0023,"Extracellular matrix organization",GENE1579
Reactome,Reactome0023,"Extracellular matrix organization",GENE1161
Reactome,Reactome0023,"Extracellular matrix organization",GENE1993
Reactome,Reactome0023,"Extracellular matrix organization",GENE0134
Reactome,Reactome0023,"Extracellular matrix organization",GENE2242
Reactome,Reactome0023,"Extracellular matrix organization",GENE1673
Reactome,Reactome0023,"Extracellular matrix organization",GENE0581
Reactome,Reactome0023,"Extracellular matrix organization",GENE1462
Reactome,Reactome0023,"Extracellular matrix organization",GENE0055
Reactome,Reactome0023,"Extracellular matrix organization",GENE2982
Reactome,Reactome0023,"Extracellular matrix organization",GENE2527
Reactome,Reactome0023,"Extracellular matrix organization",GENE1570
Reactome,Reactome0023,"Extracellular matrix organization",GENE1804
Reactome,Reactome0023,"Extracellular matrix organization",GENE0961
Reactome,Reactome0023,"Extracellular matrix organization",GENE0875
Reactome,Reactome0023,"Extracellular matrix organization",GENE2521
Reactome,Reactome0023,"Extracellular matrix organization",GENE2851
Reactome,Reactome0023,"Extracellular matrix organization",GENE0391
Reactome,Reactome0023,"Extracellular matrix organization",GENE2880
Reactome,Reactome0023,"Extracellular matrix organization",GENE0317
Reactome,Reactome0023,"Extracellular matrix organization",GENE0254
Reactome,Reactome0023,"Extracellular matrix organization",GENE1083
Reactome,Reactome0023,"Extracellular matrix organization",GENE1674
Reactome,Reactome0023,"Extracellular matrix organization",GENE1613
Reactome,Reactome0023,"Extracellular matrix organization",GENE1563
Reactome,Reactome0023,"Extracellular matrix organization",GENE1020
Reactome,Reactome0023,"Extracellular matrix organization",GENE0927
Reactome,Reactome0023,"Extracellular matrix organization",GENE1980
Reactome,Reactome0023,"Extracellular matrix organization",GENE0604
Reactome,Reactome0023,"Extracellular matrix organization",GENE0898
Reactome,Reactome0023,"Extracellular matrix organization",GENE1553
Reactome,Reactome0023,"Extracellular matrix organization",GENE2775
Reactome,Reactome0023,"Extracellular matrix organization",GENE0768
Reactome,Reactome0023,"Extracellular matrix organization",GENE0872
Reactome,Reactome0023,"Extracellular matrix organization",GENE2166
Reactome,Reactome0023,"Extracellular matrix organization",GENE0650
Reactome,Reactome0023,"Extracellular matrix organization",GENE0609
Reactome,Reactome0023,"Extracellular matrix organization",GENE2820
Reactome,Reactome0023,"Extracellular matrix organization",GENE0894
Reactome,Reactome0023,"Extracellular matrix organization",GENE1683
Reactome,Reactome0023,"Extracellular matrix organization",GENE2855
Reactome,Reactome0023,"Extracellular matrix organization",GENE1711
Reactome,Reactome0023,"Extracellular matrix organization",GENE1681
Reactome,Reactome0023,"Extracellular matrix organization",GENE0781
Reactome,Reactome0023,"Extracellular matrix organization",GENE1679
Reactome,Reactome0023,"Extracellular matrix organization",GENE1391
Reactome,Reactome0023,"Extracellular matrix organization",GENE0099
Reactome,Reactome0023,"Extracellular matrix organization",GENE1797
Reactome,Reactome0023,"Extracellular matrix organization",GENE0913
Reactome,Reactome0023,"Extracellular matrix organization",GENE1282
Reactome,Reactome0023,"Extracellular matrix organization",GENE2550
Reactome,Reactome0023,"Extracellular matrix organization",GENE0952
Reactome,Reactome0023,"Extracellular matrix organization",GENE2345
Reactome,Reactome0023,"Extracellular matrix organization",GENE1158
Reactome,Reactome0023,"Extracellular matrix organization",GENE0804
Reactome,Reactome0023,"Extracellular matrix organization",GENE0464
Reactome,Reactome0023,"Extracellular matrix organization",GENE1924
Reactome,Reactome0023,"Extracellular matrix organization",GENE1439
Reactome,Reactome0023,"Extracellular matrix organization",GENE1978
Reactome,Reactome0023,"Extracellular matrix organization",GENE1780
Reactome,Reactome0023,"Extracellular matrix organization",GENE2995
Reactome,Reactome0023,"Extracellular matrix organization",GENE2979
Reactome,Reactome0023,"Extracellular matrix organization",GENE0111
Reactome,Reactome0023,"Extracellular matrix organization",GENE0473
Reactome,Reactome0023,"Extracellular matrix organization",GENE1019
Reactome,Reactome0023,"Extracellular matrix organization",GENE0736
Reactome,Reactome0023,"Extracellular matrix organization",GENE0035
Reactome,Reactome0023,"Extracellular matrix organization",GENE0780
Reactome,Reactome0023,"Extracellular matrix organization",GENE2844
Reactome,Reactome0023,"Extracellular matrix organization",GENE0106
Reactome,Reactome0023,"Extracellular matrix organization",GENE1323
Reactome,Reactome0023,"Extracellular matrix organization",GENE0997
Reactome,Reactome0023,"Extracellular matrix organization",GENE2213
Reactome,Reactome0023,"Extracellular matrix organization",GENE1232
Reactome,Reactome0023,"Extracellular matrix organization",GENE2312
Reactome,Reactome0023,"Extracellular matrix organization",GENE0866
Reactome,Reactome0023,"Extracellular matrix organization",GENE1275
Reactome,Reactome0023,"Extracellular matrix organization",GENE0198
Reactome,Reactome0023,"Extracellular matrix organization",GENE1334
Reactome,Reactome0023,"Extracellular matrix organization",GENE1302
Reactome,Reactome0023,"Extracellular matrix organization",GENE2062
Reactome,Reactome0023,"Extracellular matrix organization",GENE1229
Reactome,Reactome0023,"Extracellular matrix organization",GENE1699
Reactome,Reactome0023,"Extracellular matrix organization",GENE1697
Reactome,Reactome0023,"Extracellular matrix organization",GENE2627
Reactome,Reactome0023,"Extracellular matrix organization",GENE0083
Reactome,Reactome0023,"Extracellular matrix organization",GENE1849
Reactome,Reactome0023,"Extracellular matrix organization",GENE0333
Reactome,Reactome0023,"Extracellular matrix organization",GENE2373
Reactome,Reactome0023,"Extracellular matrix organization",GENE0107
Reactome,Reactome0023,"Extracellular matrix organization",GENE2061
Reactome,Reactome0023,"Extracellular matrix organization",GENE2615
Reactome,Reactome0023,"Extracellular matrix organization",GENE2035
Reactome,Reactome0023,"Extracellular matrix organization",GENE1603
Reactome,Reactome0023,"Extracellular matrix organization",GENE2614
Reactome,Reactome0023,"Extracellular matrix organization",GENE1335
Reactome,Reactome0023,"Extracellular matrix organization",GENE2263
Reactome,Reactome0023,"Extracellular matrix organization",GENE1429
Reactome,Reactome0023,"Extracellular matrix organization",GENE2543
Reactome,Reactome0023,"Extracellular matrix organization",GENE1526
Reactome,Reactome0023,"Extracellular matrix organization",GENE0855
Reactome,Reactome0023,"Extracellular matrix organization",GENE1850
Reactome,Reactome0023,"Extracellular matrix organization",GENE1115
Reactome,Reactome0023,"Extracellular matrix organization",GENE2686
Reactome,Reactome0023,"Extracellular matrix organization",GENE1304
Reactome,Reactome0023,"Extracellular matrix organization",GENE1043
Reactome,Reactome0023,"Extracellular matrix organization",GENE0340
Reactome,Reactome0023,"Extracellular matrix organization",GENE2083
Reactome,Reactome0023,"Extracellular matrix organization",GENE0988
Reactome,Reactome0023,"Extracellular matrix organization",GENE0051
Reactome,Reactome0023,"Extracellular matrix organization",GENE2862
Reactome,Reactome0023,"Extracellular matrix organization",GENE1187
Reactome,Reactome0023,"Extracellular matrix organization",GENE0303
Reactome,Reactome0023,"Extracellular matrix organization",GENE2203
Reactome,Reactome0023,"Extracellular matrix organization",GENE1785
Reactome,Reactome0023,"Extracellular matrix organization",GENE2665
Reactome,Reactome0023,"Extracellular matrix organization",GENE2536
Reactome,Reactome0023,"Extracellular matrix organization",GENE0070
Reactome,Reactome0023,"Extracellular matrix organization",GENE2354
Reactome,Reactome0023,"Extracellular matrix organization",GENE2736
Reactome,Reactome0023,"Extracellular matrix organization",GENE1857
Reactome,Reactome0023,"Extracellular matrix organization",GENE2695
Reactome,Reactome0023,"Extracellular matrix organization",GENE1754
Reactome,Reactome0023,"Extracellular matrix organization",GENE0263
Reactome,Reactome0023,"Extracellular matrix organization",GENE1511
Reactome,Reactome0023,"Extracellular matrix organization",GENE2942
Reactome,Reactome0023,"Extracellular matrix organization",GENE1139
Reactome,Reactome0023,"Extracellular matrix organization",GENE0724
Reactome,Reactome0023,"Extracellular matrix organization",GENE2283
Reactome,Reactome0023,"Extracellular matrix organization",ALB
Reactome,Reactome0023,"Extracellular matrix organization",GENE1966
Reactome,Reactome0023,"Extracellular matrix organization",GENE0757
Reactome,Reactome0023,"Extracellular matrix organization",GENE2178
Reactome,Reactome0023,"Extracellular matrix organization",GENE0344
Reactome,Reactome0023,"Extracellular matrix organization",GENE2785
Reactome,Reactome0023,"Extracellular matrix organization",GENE2585
Reactome,Reactome0023,"Extracellular matrix organization",GENE2302
Reactome,Reactome0023,"Extracellular matrix organization",GENE1080
Reactome,Reactome0023,"Extracellular matrix organization",GENE1602
Reactome,Reactome0023,"Extracellular matrix organization",GENE1314
Reactome,Reactome0023,"Extracellular matrix organization",GENE1069
Reactome,Reactome0023,"Extracellular matrix organization",GENE1518
Reactome,Reactome0023,"Extracellular matrix organization",GENE2300
Reactome,Reactome0023,"Extracellular matrix organization",GENE0859
Reactome,Reactome0023,"Extracellular matrix organization",GENE1068
Reactome,Reactome0023,"Extracellular matrix organization",GENE0904
Reactome,Reactome0023,"Extracellular matrix organization",GENE2712
Reactome,Reactome0023,"Extracellular matrix organization",GENE0191
Reactome,Reactome0023,"Extracellular matrix organization",GENE0696
Reactome,Reactome0023,"Extracellular matrix organization",GENE1292
Reactome,Reactome0023,"Extracellular matrix organization",GENE1051
Reactome,Reactome0023,"Extracellular matrix organization",GENE0740
Reactome,Reactome0023,"Extracellular matrix organization",GENE0400
Reactome,Reactome0023,"Extracellular matrix organization",GENE2234
Reactome,Reactome0023,"Extracellular matrix organization",GENE0145
Reactome,Reactome0023,"Extracellular matrix organization",GENE0293
Reactome,Reactome0023,"Extracellular matrix organization",GENE2231
Reactome,Reactome0024,"DNA Double-Strand Break Repair",GENE1618
Reactome,Reactome0024,"DNA Double-Strand Break Repair",GENE2860
Reactome,Reactome0024,"DNA Double-Strand Break Repair",GENE1897
Reactome,Reactome0024,"DNA Double-Strand Break Repair",GENE0855
Reactome,Reactome0024,"DNA Double-Strand Break Repair",GENE1393
Reactome,Reactome0024,"DNA Double-Strand Break Repair",GENE1697
Reactome,Reactome0024,"DNA Double-Strand Break Repair",GENE2209
Reactome,Reactome0024,"DNA Double-Strand Break Repair",GENE2826
Reactome,Reactome0024,"DNA Double-Strand Break Repair",GENE2435
Reactome,Reactome0024,"DNA Double-Strand Break Repair",GENE2792
Reactome,Reactome0024,"DNA Double-Strand Break Repair",GENE0953
Reactome,Reactome0024,"DNA Double-Strand Break Repair",GENE1163
Reactome,Reactome0024,"DNA Double-Strand Break Repair",GENE0843
Reactome,Reactome0024,"DNA Double-Strand Break Repair",GENE0353
Reactome,Reactome0024,"DNA Double-Strand Break Repair",GENE1583
Reactome,Reactome0024,"DNA Double-Strand Break Repair",GENE0322
Reactome,Reactome0024,"DNA Double-Strand Break Repair",GENE1560
Reactome,Reactome0024,"DNA Double-Strand Break Repair",GENE0388
Reactome,Reactome0024,"DNA Double-Strand Break Repair",GENE2603
Reactome,Reactome0024,"DNA Double-Strand Break Repair",GENE2379
Reactome,Reactome0024,"DNA Double-Strand Break Repair",GENE0813
Reactome,Reactome0024,"DNA Double-Strand Break Repair",GENE0972
Reactome,Reactome0024,"DNA Double-Strand Break Repair",GENE0049
Reactome,Reactome0024,"DNA Double-Strand Break Repair",GENE1187
Reactome,Reactome0024,"DNA Double-Strand Break Repair",GENE0261
Reactome,Reactome0024,"DNA Double-Strand Break Repair",GENE2764
Reactome,Reactome0024,"DNA Double-Strand Break Repair",GENE1801
Reactome,Reactome0024,"DNA Double-Strand Break Repair",GENE0440
Reactome,Reactome0024,"DNA Double-Strand Break Repair",GENE2297
Reactome,Reactome0024,"DNA Double-Strand Break Repair",GENE2349
Reactome,Reactome0024,"DNA Double-Strand Break Repair",GENE0735
Reactome,Reactome0024,"DNA Double-Strand Break Repair",GENE1232
Reactome,Reactome0024,"DNA Double-Strand Break Repair",GENE0341
Reactome,Reactome0024,"DNA Double-Strand Break Repair",GENE1467
Reactome,Reactome0024,"DNA Double-Strand Break Repair",GENE1139
Reactome,Reactome0024,"DNA Double-Strand Break Repair",GENE1319
Reactome,Reactome0024,"DNA Double-Strand Break Repair",GENE1540
Reactome,Reactome0024,"DNA Double-Strand Break Repair",GENE2530
Reactome,Reactome0024,"DNA Double-Strand Break Repair",GENE1078
Reactome,Reactome0024,"DNA Double-Strand Break Repair",GENE0231
Reactome,Reactome0024,"DNA Double-Strand Break Repair",GENE2897
Reactome,Reactome0024,"DNA Double-Strand Break Repair",GENE0940
Reactome,Reactome0024,"DNA Double-Strand Break Repair",GENE2118
Reactome,Reactome0024,"DNA Double-Strand Break Repair",GENE2582
Reactome,Reactome0024,"DNA Double-Strand Break Repair",GENE0982
Reactome,Reactome0024,"DNA Double-Strand Break Repair",GENE0453
Reactome,Reactome0024,"DNA Double-Strand Break Repair",GENE1094
Reactome,Reactome0024,"DNA Double-Strand Break Repair",GENE1718
Reactome,Reactome0024,"DNA Double-Strand Break Repair",GENE2752
Reactome,Reactome0024,"DNA Double-Strand Break Repair",GENE0402
Reactome,Reactome0024,"DNA Double-Strand Break Repair",GENE1701
Reactome,Reactome0024,"DNA Double-Strand Break Repair",GENE2025
Reactome,Reactome0024,"DNA Double-Strand Break Repair",GENE1112
Reactome,Reactome0024,"DNA Double-Strand Break Repair",GENE1728
Reactome,Reactome0024,"DNA Double-Strand Break Repair",GENE1668
Reactome,Reactome0024,"DNA Double-Strand Break Repair",GENE1234
Reactome,Reactome0024,"DNA Double-Strand Break Repair",GENE0474
Reactome,Reactome0024,"DNA Double-Strand Break Repair",GENE1783
Reactome,Reactome0024,"DNA Double-Strand Break Repair",GENE2309
Reactome,Reactome0024,"DNA Double-Strand Break Repair",GENE1967
Reactome,Reactome0024,"DNA Double-Strand Break Repair",GENE2481
Reactome,Reactome0024,"DNA Double-Strand Break Repair",GENE0197
Reactome,Reactome0024,"DNA Double-Strand Break Repair",GENE0766
Reactome,Reactome0024,"DNA Double-Strand Break Repair",GENE1834
Reactome,Reactome0024,"DNA Double-Strand Break Repair",GENE0952
Reactome,Reactome0024,"DNA Double-Strand Break Repair",GENE2854
Reactome,Reactome0024,"DNA Double-Strand Break Repair",GENE1921
Reactome,Reactome0024,"DNA Double-Strand Break Repair",GENE2728
Reactome,Reactome0024,"DNA Double-Strand Break Repair",GENE0683
Reactome,Reactome0024,"DNA Double-Strand Break Repair",GENE2164
Reactome,Reactome0024,"DNA Double-Strand Break Repair",GENE0944
Reactome,Reactome0024,"DNA Double-Strand Break Repair",GENE1556
Reactome,Reactome0024,"DNA Double-Strand Break Repair",GENE2544
Reactome,Reactome0024,"DNA Double-Strand Break Repair",GENE0514
Reactome,Reactome0024,"DNA Double-Strand Break Repair",GENE0283
Reactome,Reactome0024,"DNA Double-Strand Break Repair",COL1A1
Reactome,Reactome0024,"DNA Double-Strand Break Repair",GENE0191
Reactome,Reactome0024,"DNA Double-Strand Break Repair",GENE2071
Reactome,Reactome0024,"DNA Double-Strand Break Repair",GENE2883
Reactome,Reactome0024,"DNA Double-Strand Break Repair",GENE0910
Reactome,Reactome0024,"DNA Double-Strand Break Repair",GENE0265
Reactome,Reactome0024,"DNA Double-Strand Break Repair",GENE0158
Reactome,Reactome0024,"DNA Double-Strand Break Repair",GENE1081
Reactome,Reactome0024,"DNA Double-Strand Break Repair",GENE2202
Reactome,Reactome0024,"DNA Double-Strand Break Repair",GENE1309
Reactome,Reactome0024,"DNA Double-Strand Break Repair",GENE1358
Reactome,Reactome0024,"DNA Double-Strand Break Repair",GENE2905
Reactome,Reactome0024,"DNA Double-Strand Break Repair",GENE1552
Reactome,Reactome0024,"DNA Double-Strand Break Repair",GENE2150
Reactome,Reactome0024,"DNA Double-Strand Break Repair",GENE1594
Reactome,Reactome0024,"DNA Double-Strand Break Repair",GENE1828
Reactome,Reactome0024,"DNA Double-Strand Break Repair",GENE0793
Reactome,Reactome0024,"DNA Double-Strand Break Repair",GENE1856
Reactome,Reactome0024,"DNA Double-Strand Break Repair",GENE0032
Reactome,Reactome0024,"DNA Double-Strand Break Repair",GENE2680
Reactome,Reactome0024,"DNA Double-Strand Break Repair",GENE0969
Reactome,Reactome0024,"DNA Double-Strand Break Repair",GENE1371
Reactome,Reactome0024,"DNA Double-Strand Break Repair",GENE1052
Reactome,Reactome0024,"DNA Double-Strand Break Repair",GENE2560
Reactome,Reactome0024,"DNA Double-Strand Break Repair",GENE0624
Reactome,Reactome0024,"DNA Double-Strand Break Repair",GENE1340
Reactome,Reactome0024,"DNA Double-Strand Break Repair",GENE0115
Reactome,Reactome0024,"DNA Double-Strand Break Repair",GENE2844
Reactome,Reactome0024,"DNA Double-Strand Break Repair",GENE0909
Reactome,Reactome0024,"DNA Double-Strand Break Repair",GENE0054
Reactome,Reactome0024,"DNA Double-Strand Break Repair",GENE0304
Reactome,Reactome0024,"DNA Double-Strand Break Repair",GENE2135
Reactome,Reactome0024,"DNA Double-Strand Break Repair",GENE0268
Reactome,Reactome0024,"DNA Double-Strand Break Repair",GENE1297
Reactome,Reactome0024,"DNA Double-Strand Break Repair",GENE0834
Reactome,Reactome0024,"DNA Double-Strand Break Repair",GENE0806
Reactome,Reactome0024,"DNA Double-Strand Break Repair",GENE1069
Reactome,Reactome0024,"DNA Double-Strand Break Repair",GENE1301
Reactome,Reactome0024,"DNA Double-Strand Break Repair",GENE1891
Reactome,Reactome0024,"DNA Double-Strand Break Repair",GENE1838
Reactome,Reactome0024,"DNA Double-Strand Break Repair",GENE0207
Reactome,Reactome0024,"DNA Double-Strand Break Repair",GENE1394
Reactome,Reactome0024,"DNA Double-Strand Break Repair",GENE1186
Reactome,Reactome0024,"DNA Double-Strand Break Repair",GENE0344
Reactome,Reactome0024,"DNA Double-Strand Break Repair",GENE1608
Reactome,Reactome0024,"DNA Double-Strand Break Repair",GENE1432
Reactome,Reactome0024,"DNA Double-Strand Break Repair",GENE2840
Reactome,Reactome0024,"DNA Double-Strand Break Repair",GENE2672
Reactome,Reactome0024,"DNA Double-Strand Break Repair",GENE2786
Reactome,Reactome0024,"DNA Double-Strand Break Repair",GENE1571
Reactome,Reactome0024,"DNA Double-Strand Break Repair",GENE2335
Reactome,Reactome0024,"DNA Double-Strand Break Repair",GENE0373
Reactome,Reactome0024,"DNA Double-Strand Break Repair",GENE1654
Reactome,Reactome0024,"DNA Double-Strand Break Repair",GENE2075
Reactome,Reactome0024,"DNA Double-Strand Break Repair",GENE2675
Reactome,Reactome0024,"DNA Double-Strand Break Repair",GENE2615
Reactome,Reactome0024,"DNA Double-Strand Break Repair",GENE2479
Reactome,Reactome0024,"DNA Double-Strand Break Repair",GENE0773
Reactome,Reactome0024,"DNA Double-Strand Break Repair",GENE2733
Reactome,Reactome0024,"DNA Double-Strand Break Repair",GENE2583
Reactome,Reactome0024,"DNA Double-Strand Break Repair",GENE2396
Reactome,Reactome0024,"DNA Double-Strand Break Repair",GENE1201
Reactome,Reactome0024,"DNA Double-Strand Break Repair",GENE0368
Reactome,Reactome0024,"DNA Double-Strand Break Repair",GENE2674
Reactome,Reactome0024,"DNA Double-Strand Break Repair",GENE1984
Reactome,Reactome0024,"DNA Double-Strand Break Repair",GENE1835
Reactome,Reactome0024,"DNA Double-Strand Break Repair",GENE0517
Reactome,Reactome0024,"DNA Double-Strand Break Repair",GENE0652
Reactome,Reactome0024,"DNA Double-Strand Break Repair",GENE1844
Reactome,Reactome0024,"DNA Double-Strand Break Repair",GENE0445
Reactome,Reactome0024,"DNA Double-Strand Break Repair",GENE2511
Reactome,Reactome0024,"DNA Double-Strand Break Repair",GENE2506
Reactome,Reactome0024,"DNA Double-Strand Break Repair",GENE1417
Reactome,Reactome0024,"DNA Double-Strand Break Repair",GENE1929
Reactome,Reactome0024,"DNA Double-Strand Break Repair",GENE2683
Reactome,Reactome0024,"DNA Double-Strand Break Repair",GENE1633
Reactome,Reactome0024,"DNA Double-Strand Break Repair",GENE1596
Reactome,Reactome0024,"DNA Double-Strand Break Repair",GENE2635
Reactome,Reactome0024,"DNA Double-Strand Break Repair",GENE0754
Reactome,Reactome0024,"DNA Double-Strand Break Repair",GENE0981
Reactome,Reactome0024,"DNA Double-Strand Break Repair",GENE2399
Reactome,Reactome0024,"DNA Double-Strand Break Repair",GENE1304
Reactome,Reactome0024,"DNA Double-Strand Break Repair",GENE1810
Reactome,Reactome0024,"DNA Double-Strand Break Repair",GENE0597
Reactome,Reactome0024,"DNA Double-Strand Break Repair",GENE1088
Reactome,Reactome0024,"DNA Double-Strand Break Repair",GENE1836
Reactome,Reactome0024,"DNA Double-Strand Break Repair",GENE1005
Reactome,Reactome0024,"DNA Double-Strand Break Repair",GENE2528
Reactome,Reactome0024,"DNA Double-Strand Break Repair",GENE2260
Reactome,Reactome0024,"DNA Double-Strand Break Repair",GENE1926
Reactome,Reactome0024,"DNA Double-Strand Break Repair",GENE0685
Reactome,Reactome0024,"DNA Double-Strand Break Repair",GENE2022
Reactome,Reactome0024,"DNA Double-Strand Break Repair",GENE2223
Reactome,Reactome0024,"DNA Double-Strand Break Repair",GENE0378
Reactome,Reactome0024,"DNA Double-Strand Break Repair",GENE0360
Reactome,Reactome0024,"DNA Double-Strand Break Repair",GENE2610
Reactome,Reactome0024,"DNA Double-Strand Break Repair",GENE2398
Reactome,Reactome0024,"DNA Double-Strand Break Repair",GENE2778
Reactome,Reactome0024,"DNA Double-Strand Break Repair",GENE2303
Reactome,Reactome0024,"DNA Double-Strand Break Repair",GENE1515
Reactome,Reactome0024,"DNA Double-Strand Break Repair",GENE2382
Reactome,Reactome0024,"DNA Double-Strand Break Repair",GENE2250
Reactome,Reactome0024,"DNA Double-Strand Break Repair",GENE0891
Reactome,Reactome0024,"DNA Double-Strand Break Repair",GENE2584
Reactome,Reactome0024,"DNA Double-Strand Break Repair",GENE0983
Reactome,Reactome0024,"DNA Double-Strand Break Repair",GENE0141
Reactome,Reactome0024,"DNA Double-Strand Break Repair",GENE1576
Reactome,Reactome0024,"DNA Double-Strand Break Repair",GENE2158
Reactome,Reactome0024,"DNA Double-Strand Break Repair",GENE1261
Reactome,Reactome0024,"DNA Double-Strand Break Repair",GENE1365
Reactome,Reactome0024,"DNA Double-Strand Break Repair",GENE0166
Reactome,Reactome0024,"DNA Double-Strand Break Repair",GENE0505
Reactome,Reactome0024,"DNA Double-Strand Break Repair",GENE2857
Reactome,Reactome0024,"DNA Double-Strand Break Repair",GENE2788
Reactome,Reactome0024,"DNA Double-Strand Break Repair",GENE2998
Reactome,Reactome0024,"DNA Double-Strand Break Repair",GENE0201
Reactome,Reactome0024,"DNA Double-Strand Break Repair",GENE2861
Reactome,Reactome0024,"DNA Double-Strand Break Repair",GENE0303
Reactome,Reactome0024,"DNA Double-Strand Break Repair",GENE0484
Reactome,Reactome0024,"DNA Double-Strand Break Repair",GENE0259
Reactome,Reactome0024,"DNA Double-Strand Break Repair",GENE0637
Reactome,Reactome0024,"DNA Double-Strand Break Repair",GENE2495
Reactome,Reactome0024,"DNA Double-Strand Break Repair",GENE0181
Reactome,Reactome0024,"DNA Double-Strand Break Repair",GENE1621
Reactome,Reactome0024,"DNA Double-Strand Break Repair",GENE2011
Reactome,Reactome0024,"DNA Double-Strand Break Repair",GENE2993
Reactome,Reactome0024,"DNA Double-Strand Break Repair",GENE2520
Reactome,Reactome0024,"DNA Double-Strand Break Repair",GENE1448
Reactome,Reactome0024,"DNA Double-Strand Break Repair",GENE2621
Reactome,Reactome0024,"DNA Double-Strand Break Repair",GENE1242
Reactome,Reactome0024,"DNA Double-Strand Break Repair",GENE1588
Reactome,Reactome0024,"DNA Double-Strand Break Repair",GENE1930
Reactome,Reactome0024,"DNA Double-Strand Break Repair",GENE0964
Reactome,Reactome0024,"DNA Double-Strand Break Repair",GENE0985
Reactome,Reactome0024,"DNA Double-Strand Break Repair",GENE2831
Reactome,Reactome0024,"DNA Double-Strand Break Repair",GENE0145
Reactome,Reactome0024,"DNA Double-Strand Break Repair",GENE1593
Reactome,Reactome0024,"DNA Double-Strand Break Repair",GENE0246
Reactome,Reactome0024,"DNA Double-Strand Break Repair",GENE1881
Reactome,Reactome0024,"DNA Double-Strand Break Repair",GENE1237
Reactome,Reactome0024,"DNA Double-Strand Break Repair",GENE0215
Reactome,Reactome0024,"DNA Double-Strand Break Repair",GENE2949
Reactome,Reactome0024,"DNA Double-Strand Break Repair",GENE1282
Reactome,Reactome0024,"DNA Double-Strand Break Repair",GENE0361
Reactome,Reactome0024,"DNA Double-Strand Break Repair",GENE1376
Reactome,Reactome0024,"DNA Double-Strand Break Repair",GENE1193
Reactome,Reactome0024,"DNA Double-Strand Break Repair",GENE1369
Reactome,Reactome0024,"DNA Double-Strand Break Repair",GENE2180
Reactome,Reactome0024,"DNA Double-Strand Break Repair",GENE1103
WikiPathways,WikiPathways0025,"Apoptosis",GENE0854
WikiPathways,WikiPathways0025,"Apoptosis",GENE0975
WikiPathways,WikiPathways0025,"Apoptosis",GENE1758
WikiPathways,WikiPathways0025,"Apoptosis",GENE0884
WikiPathways,WikiPathways0025,"Apoptosis",GENE2639
WikiPathways,WikiPathways0025,"Apoptosis",GENE1964
WikiPathways,WikiPathways0025,"Apoptosis",GENE1350
WikiPathways,WikiPathways0025,"Apoptosis",GENE1392
WikiPathways,WikiPathways0025,"Apoptosis",GENE2835
WikiPathways,WikiPathways0025,"Apoptosis",GENE0404
WikiPathways,WikiPathways0025,"Apoptosis",GENE2780
WikiPathways,WikiPathways0025,"Apoptosis",GENE1741
WikiPathways,WikiPathways0025,"Apoptosis",GENE0836
WikiPathways,WikiPathways0025,"Apoptosis",GENE0279
WikiPathways,WikiPathways0025,"Apoptosis",GENE2253
WikiPathways,WikiPathways0025,"Apoptosis",GENE0367
WikiPathways,WikiPathways0025,"Apoptosis",GENE1332
WikiPathways,WikiPathways0025,"Apoptosis",GENE0070
WikiPathways,WikiPathways0025,"Apoptosis",GENE2031
WikiPathways,WikiPathways0025,"Apoptosis",GENE2733
WikiPathways,WikiPathways0025,"Apoptosis",GENE1766
WikiPathways,WikiPathways0025,"Apoptosis",GENE0771
WikiPathways,WikiPathways0025,"Apoptosis",GENE2058
WikiPathways,WikiPathways0025,"Apoptosis",GENE2987
WikiPathways,WikiPathways0025,"Apoptosis",GENE0057
WikiPathways,WikiPathways0025,"Apoptosis",GENE0388
WikiPathways,WikiPathways0025,"Apoptosis",GENE1866
WikiPathways,WikiPathways0025,"Apoptosis",GENE0062
WikiPathways,WikiPathways0025,"Apoptosis",GENE2353
WikiPathways,WikiPathways0025,"Apoptosis",GENE1927
WikiPathways,WikiPathways0025,"Apoptosis",GENE2620
WikiPathways,WikiPathways0025,"Apoptosis",GENE2055
WikiPathways,WikiPathways0025,"Apoptosis",STAT1
WikiPathways,WikiPathways0025,"Apoptosis",GENE1703
WikiPathways,WikiPathways0025,"Apoptosis",GENE2173
WikiPathways,WikiPathways0025,"Apoptosis",GENE2285
WikiPathways,WikiPathways0025,"Apoptosis",GENE1602
WikiPathways,WikiPathways0025,"Apoptosis",GENE1391
WikiPathways,WikiPathways0025,"Apoptosis",GENE2432
WikiPathways,WikiPathways0025,"Apoptosis",GENE0480
WikiPathways,WikiPathways0025,"Apoptosis",GENE0518
WikiPathways,WikiPathways0025,"Apoptosis",GENE2396
WikiPathways,WikiPathways0025,"Apoptosis",GENE2508
WikiPathways,WikiPathways0025,"Apoptosis",GENE2925
WikiPathways,WikiPathways0025,"Apoptosis",GENE0337
WikiPathways,WikiPathways0025,"Apoptosis",GENE0044
WikiPathways,WikiPathways0025,"Apoptosis",GENE0619
WikiPathways,WikiPathways0025,"Apoptosis",GENE0585
WikiPathways,WikiPathways0025,"Apoptosis",GENE0995
WikiPathways,WikiPathways0025,"Apoptosis",GENE1281
WikiPathways,WikiPathways0025,"Apoptosis",GENE2588
WikiPathways,WikiPathways0025,"Apoptosis",GENE2027
WikiPathways,WikiPathways0025,"Apoptosis",GENE1326
WikiPathways,WikiPathways0025,"Apoptosis",GENE0321
WikiPathways,WikiPathways0025,"Apoptosis",GENE1572
WikiPathways,WikiPathways0025,"Apoptosis",GENE1943
WikiPathways,WikiPathways0025,"Apoptosis",GENE2251
WikiPathways,WikiPathways0025,"Apoptosis",GENE0036
WikiPathways,WikiPathways0025,"Apoptosis",GENE0366
WikiPathways,WikiPathways0025,"Apoptosis",GENE0281
WikiPathways,WikiPathways0025,"Apoptosis",GENE1582
WikiPathways,WikiPathways0025,"Apoptosis",GENE2134
WikiPathways,WikiPathways0025,"Apoptosis",GENE1097
WikiPathways,WikiPathways0025,"Apoptosis",GENE0135
WikiPathways,WikiPathways0025,"Apoptosis",GENE1951
WikiPathways,WikiPathways0025,"Apoptosis",GENE1038
WikiPathways,WikiPathways0025,"Apoptosis",GENE1775
WikiPathways,WikiPathways0025,"Apoptosis",GENE2368
WikiPathways,WikiPathways0025,"Apoptosis",GENE1767
WikiPathways,WikiPathways0025,"Apoptosis",GENE2261
WikiPathways,WikiPathways0025,"Apoptosis",GENE1452
WikiPathways,WikiPathways0025,"Apoptosis",GENE2918
WikiPathways,WikiPathways0025,"Apoptosis",GENE1232
WikiPathways,WikiPathways0025,"Apoptosis",GENE2131
WikiPathways,WikiPathways0025,"Apoptosis",GENE0716
WikiPathways,WikiPathways0025,"Apoptosis",GENE2400
WikiPathways,WikiPathways0025,"Apoptosis",GENE1288
WikiPathways,WikiPathways0025,"Apoptosis",GENE1690
WikiPathways,WikiPathways0025,"Apoptosis",GENE0245
WikiPathways,WikiPathways0025,"Apoptosis",GENE1857
WikiPathways,WikiPathways0025,"Apoptosis",GENE0641
WikiPathways,WikiPathways0025,"Apoptosis",GENE2212
WikiPathways,WikiPathways0025,"Apoptosis",GENE2154
WikiPathways,WikiPathways0025,"Apoptosis",GENE1621
WikiPathways,WikiPathways0025,"Apoptosis",GENE0448
WikiPathways,WikiPathways0025,"Apoptosis",GENE1039
WikiPathways,WikiPathways0025,"Apoptosis",GENE1334
WikiPathways,WikiPathways0025,"Apoptosis",GENE1854
WikiPathways,WikiPathways0025,"Apoptosis",GENE1003
WikiPathways,WikiPathways0025,"Apoptosis",GENE1299
WikiPathways,WikiPathways0025,"Apoptosis",GENE0485
WikiPathways,WikiPathways0025,"Apoptosis",GENE1830
WikiPathways,WikiPathways0025,"Apoptosis",GENE0770
WikiPathways,WikiPathways0025,"Apoptosis",GENE2811
WikiPathways,WikiPathways0025,"Apoptosis",GENE2375
WikiPathways,WikiPathways0025,"Apoptosis",GENE0393
WikiPathways,WikiPathways0025,"Apoptosis",GENE1170
WikiPathways,WikiPathways0025,"Apoptosis",GENE1740
WikiPathways,WikiPathways0025,"Apoptosis",GENE1607
WikiPathways,WikiPathways0025,"Apoptosis",GENE2599
WikiPathways,WikiPathways0025,"Apoptosis",GENE1940
WikiPathways,WikiPathways0025,"Apoptosis",GENE0856
WikiPathways,WikiPathways0025,"Apoptosis",GENE1057
WikiPathways,WikiPathways0025,"Apoptosis",GENE1768
WikiPathways,WikiPathways0025,"Apoptosis",GENE0845
WikiPathways,WikiPathways0025,"Apoptosis",GENE2922
WikiPathways,WikiPathways0025,"Apoptosis",GENE1939
WikiPathways,WikiPathways0025,"Apoptosis",GENE1754
WikiPathways,WikiPathways0025,"Apoptosis",GENE1166
WikiPathways,WikiPathways0025,"Apoptosis",GENE2617
WikiPathways,WikiPathways0025,"Apoptosis",GENE1580
WikiPathways,WikiPathways0025,"Apoptosis",GENE2495
WikiPathways,WikiPathways0025,"Apoptosis",GENE1077
WikiPathways,WikiPathways0025,"Apoptosis",GENE1191
WikiPathways,WikiPathways0025,"Apoptosis",GENE2994
WikiPathways,WikiPathways0025,"Apoptosis",GENE1222
WikiPathways,WikiPathways0025,"Apoptosis",GENE2340
WikiPathways,WikiPathways0025,"Apoptosis",GENE1283
WikiPathways,WikiPathways0025,"Apoptosis",GENE0801
WikiPathways,WikiPathways0025,"Apoptosis",GENE0091
WikiPathways,WikiPathways0025,"Apoptosis",GENE1986
WikiPathways,WikiPathways0025,"Apoptosis",GENE0077
WikiPathways,WikiPathways0025,"Apoptosis",GENE1723
WikiPathways,WikiPathways0025,"Apoptosis",GENE2210
WikiPathways,WikiPathways0025,"Apoptosis",GENE0234
WikiPathways,WikiPathways0025,"Apoptosis",GENE0303
WikiPathways,WikiPathways0025,"Apoptosis",GENE1419
WikiPathways,WikiPathways0025,"Apoptosis",GENE2983
WikiPathways,WikiPathways0025,"Apoptosis",GENE1171
WikiPathways,WikiPathways0025,"Apoptosis",GENE2913
WikiPathways,WikiPathways0025,"Apoptosis",GENE1537
WikiPathways,WikiPathways0025,"Apoptosis",GENE0878
WikiPathways,WikiPathways0025,"Apoptosis",GENE0278
WikiPathways,WikiPathways0025,"Apoptosis",GENE0146
WikiPathways,WikiPathways0025,"Apoptosis",GENE2467
WikiPathways,WikiPathways0025,"Apoptosis",GENE2102
WikiPathways,WikiPathways0025,"Apoptosis",GENE2100
WikiPathways,WikiPathways0025,"Apoptosis",GENE0803
WikiPathways,WikiPathways0025,"Apoptosis",GENE0470
WikiPathways,WikiPathways0025,"Apoptosis",GENE0951
WikiPathways,WikiPathways0025,"Apoptosis",GENE0259
WikiPathways,WikiPathways0025,"Apoptosis",GENE0328
WikiPathways,WikiPathways0025,"Apoptosis",GENE0092
WikiPathways,WikiPathways0025,"Apoptosis",GENE0678
WikiPathways,WikiPathways0025,"Apoptosis",GENE0445
WikiPathways,WikiPathways0025,"Apoptosis",GENE2706
WikiPathways,WikiPathways0025,"Apoptosis",GENE1444
WikiPathways,WikiPathways0025,"Apoptosis",GENE0813
WikiPathways,WikiPathways0025,"Apoptosis",GENE1489
WikiPathways,WikiPathways0025,"Apoptosis",GENE2312
WikiPathways,WikiPathways0025,"Apoptosis",GENE2501
WikiPathways,WikiPathways0025,"Apoptosis",GENE2870
WikiPathways,WikiPathways0025,"Apoptosis",GENE0330
WikiPathways,WikiPathways0025,"Apoptosis",GENE2517
WikiPathways,WikiPathways0025,"Apoptosis",GENE1831
WikiPathways,WikiPathways0025,"Apoptosis",GENE2536
WikiPathways,WikiPathways0025,"Apoptosis",GENE2690
WikiPathways,WikiPathways0025,"Apoptosis",GENE2372
WikiPathways,WikiPathways0025,"Apoptosis",GENE2192
WikiPathways,WikiPathways0025,"Apoptosis",GENE2333
WikiPathways,WikiPathways0025,"Apoptosis",GENE1879
WikiPathways,WikiPathways0025,"Apoptosis",GENE1982
WikiPathways,WikiPathways0025,"Apoptosis",GENE1304
WikiPathways,WikiPathways0025,"Apoptosis",GENE0937
WikiPathways,WikiPathways0025,"Apoptosis",GENE0341
WikiPathways,WikiPathways0025,"Apoptosis",GENE1829
WikiPathways,WikiPathways0025,"Apoptosis",GENE0675
WikiPathways,WikiPathways0025,"Apoptosis",GENE0968
WikiPathways,WikiPathways0025,"Apoptosis",GENE2836
WikiPathways,WikiPathways0026,"Cell cycle",GENE1357
WikiPathways,WikiPathways0026,"Cell cycle",GENE1179
WikiPathways,WikiPathways0026,"Cell cycle",GENE1533
WikiPathways,WikiPathways0026,"Cell cycle",GENE2299
WikiPathways,WikiPathways0026,"Cell cycle",GENE0118
WikiPathways,WikiPathways0026,"Cell cycle",GENE1223
WikiPathways,WikiPathways0026,"Cell cycle",GENE1759
WikiPathways,WikiPathways0026,"Cell cycle",GENE2112
WikiPathways,WikiPathways0026,"Cell cycle",GENE0975
WikiPathways,WikiPathways0026,"Cell cycle",GENE0126
WikiPathways,WikiPathways0026,"Cell cycle",GENE2940
WikiPathways,WikiPathways0026,"Cell cycle",GENE1928
WikiPathways,WikiPathways0026,"Cell cycle",GENE1897
WikiPathways,WikiPathways0026,"Cell cycle",GENE1820
WikiPathways,WikiPathways0026,"Cell cycle",GENE1957
WikiPathways,WikiPathways0026,"Cell cycle",GENE2924
WikiPathways,WikiPathways0026,"Cell cycle",GENE2038
WikiPathways,WikiPathways0026,"Cell cycle",GENE2234
WikiPathways,WikiPathways0026,"Cell cycle",GENE0199
WikiPathways,WikiPathways0026,"Cell cycle",GENE2824
WikiPathways,WikiPathways0026,"Cell cycle",GENE2594
WikiPathways,WikiPathways0026,"Cell cycle",GENE1799
WikiPathways,WikiPathways0026,"Cell cycle",GENE1424
WikiPathways,WikiPathways0026,"Cell cycle",GENE1690
WikiPathways,WikiPathways0026,"Cell cycle",GENE2177
WikiPathways,WikiPathways0026,"Cell cycle",GENE1408
WikiPathways,WikiPathways0026,"Cell cycle",GENE1340
WikiPathways,WikiPathways0026,"Cell cycle",GENE2979
WikiPathways,WikiPathways0026,"Cell cycle",GENE0891
WikiPathways,WikiPathways0026,"Cell cycle",GENE1766
WikiPathways,WikiPathways0026,"Cell cycle",GENE0988
WikiPathways,WikiPathways0026,"Cell cycle",GENE2110
WikiPathways,WikiPathways0026,"Cell cycle",GENE1887
WikiPathways,WikiPathways0026,"Cell cycle",GENE1891
WikiPathways,WikiPathways0026,"Cell cycle",GENE1995
WikiPathways,WikiPathways0026,"Cell cycle",GENE2970
WikiPathways,WikiPathways0026,"Cell cycle",GENE1010
WikiPathways,WikiPathways0026,"Cell cycle",GENE0836
WikiPathways,WikiPathways0026,"Cell cycle",GENE1985
WikiPathways,WikiPathways0026,"Cell cycle",GENE2413
WikiPathways,WikiPathways0026,"Cell cycle",GENE0259
WikiPathways,WikiPathways0026,"Cell cycle",GENE1063
WikiPathways,WikiPathways0026,"Cell cycle",GENE2363
WikiPathways,WikiPathways0026,"Cell cycle",GENE0994
WikiPathways,WikiPathways0026,"Cell cycle",FOXP3
WikiPathways,WikiPathways0026,"Cell cycle",GENE2551
WikiPathways,WikiPathways0026,"Cell cycle",GENE2063
WikiPathways,WikiPathways0026,"Cell cycle",GENE1209
WikiPathways,WikiPathways0026,"Cell cycle",GENE2230
WikiPathways,WikiPathways0026,"Cell cycle",GENE0498
WikiPathways,WikiPathways0026,"Cell cycle",GENE0303
WikiPathways,WikiPathways0026,"Cell cycle",GENE0674
WikiPathways,WikiPathways0026,"Cell cycle",GENE1272
WikiPathways,WikiPathways0026,"Cell cycle",GENE2107
WikiPathways,WikiPathways0026,"Cell cycle",GENE2634
WikiPathways,WikiPathways0026,"Cell cycle",GENE2143
WikiPathways,WikiPathways0026,"Cell cycle",GENE0238
WikiPathways,WikiPathways0026,"Cell cycle",GENE0971
WikiPathways,WikiPathways0026,"Cell cycle",GENE0098
WikiPathways,WikiPathways0026,"Cell cycle",GENE0664
WikiPathways,WikiPathways0026,"Cell cycle",GENE2103
WikiPathways,WikiPathways0026,"Cell cycle",GENE0835
WikiPathways,WikiPathways0026,"Cell cycle",GENE1559
WikiPathways,WikiPathways0026,"Cell cycle",GENE2115
WikiPathways,WikiPathways0026,"Cell cycle",GENE2769
WikiPathways,WikiPathways0026,"Cell cycle",GENE2308
WikiPathways,WikiPathways0026,"Cell cycle",GENE2579
WikiPathways,WikiPathways0026,"Cell cycle",GENE2342
WikiPathways,WikiPathways0026,"Cell cycle",GENE0296
WikiPathways,WikiPathways0026,"Cell cycle",GENE1613
WikiPathways,WikiPathways0026,"Cell cycle",GENE2440
WikiPathways,WikiPathways0026,"Cell cycle",GENE2265
WikiPathways,WikiPathways0026,"Cell cycle",GENE2194
WikiPathways,WikiPathways0026,"Cell cycle",GENE0306
WikiPathways,WikiPathways0026,"Cell cycle",GENE0507
WikiPathways,WikiPathways0026,"Cell cycle",GENE2304
WikiPathways,WikiPathways0026,"Cell cycle",GENE0261
WikiPathways,WikiPathways0026,"Cell cycle",GENE0372
WikiPathways,WikiPathways0026,"Cell cycle",GENE2185
WikiPathways,WikiPathways0026,"Cell cycle",GENE2605
WikiPathways,WikiPathways0026,"Cell cycle",GENE0608
WikiPathways,WikiPathways0026,"Cell cycle",GENE0482
WikiPathways,WikiPathways0026,"Cell cycle",GENE1894
WikiPathways,WikiPathways0026,"Cell cycle",GENE0902
WikiPathways,WikiPathways0026,"Cell cycle",GENE2945
WikiPathways,WikiPathways0026,"Cell cycle",GENE0418
WikiPathways,WikiPathways0026,"Cell cycle",GENE1008
WikiPathways,WikiPathways0026,"Cell cycle",GENE2902
WikiPathways,WikiPathways0026,"Cell cycle",GENE1987
WikiPathways,WikiPathways0026,"Cell cycle",GENE2596
WikiPathways,WikiPathways0026,"Cell cycle",GENE1203
WikiPathways,WikiPathways0026,"Cell cycle",GENE2459
WikiPathways,WikiPathways0026,"Cell cycle",GENE0587
WikiPathways,WikiPathways0026,"Cell cycle",GENE0905
WikiPathways,WikiPathways0026,"Cell cycle",GENE0924
WikiPathways,WikiPathways0026,"Cell cycle",GENE2556
WikiPathways,WikiPathways0026,"Cell cycle",GENE1652
WikiPathways,WikiPathways0026,"Cell cycle",GENE2407
WikiPathways,WikiPathways0026,"Cell cycle",GENE2851
WikiPathways,WikiPathways0026,"Cell cycle",GENE1886
WikiPathways,WikiPathways0026,"Cell cycle",GENE2547
WikiPathways,WikiPathways0026,"Cell cycle",GENE1109
WikiPathways,WikiPathways0026,"Cell cycle",GENE1962
WikiPathways,WikiPathways0026,"Cell cycle",GENE0348
WikiPathways,WikiPathways0026,"Cell cycle",GENE1640
WikiPathways,WikiPathways0026,"Cell cycle",GENE1147
WikiPathways,WikiPathways0026,"Cell cycle",GENE2984
WikiPathways,WikiPathways0026,"Cell cycle",GENE0980
WikiPathways,WikiPathways0026,"Cell cycle",GENE2085
WikiPathways,WikiPathways0026,"Cell cycle",GENE2549
WikiPathways,WikiPathways0026,"Cell cycle",GENE0910
WikiPathways,WikiPathways0026,"Cell cycle",GENE1382
WikiPathways,WikiPathways0026,"Cell cycle",GENE2321
WikiPathways,WikiPathways0026,"Cell cycle",GENE0940
WikiPathways,WikiPathways0027,"TNF-alpha signaling",GENE2313
WikiPathways,WikiPathways0027,"TNF-alpha signaling",GENE1003
WikiPathways,WikiPathways0027,"TNF-alpha signaling",GENE1675
WikiPathways,WikiPathways0027,"TNF-alpha signaling",GENE1725
WikiPathways,WikiPathways0027,"TNF-alpha signaling",GENE2713
WikiPathways,WikiPathways0027,"TNF-alpha signaling",GENE0654
WikiPathways,WikiPathways0027,"TNF-alpha signaling",GENE2960
WikiPathways,WikiPathways0027,"TNF-alpha signaling",GENE2591
WikiPathways,WikiPathways0027,"TNF-alpha signaling",GENE0871
WikiPathways,WikiPathways0027,"TNF-alpha signaling",GENE1565
WikiPathways,WikiPathways0027,"TNF-alpha signaling",GENE0450
WikiPathways,WikiPathways0027,"TNF-alpha signaling",GENE1669
WikiPathways,WikiPathways0027,"TNF-alpha signaling",GENE1420
WikiPathways,WikiPathways0027,"TNF-alpha signaling",GENE2581
WikiPathways,WikiPathways0027,"TNF-alpha signaling",GENE2310
WikiPathways,WikiPathways0027,"TNF-alpha signaling",GENE2590
WikiPathways,WikiPathways0027,"TNF-alpha signaling",GENE0401
WikiPathways,WikiPathways0027,"TNF-alpha signaling",GENE1231
WikiPathways,WikiPathways0027,"TNF-alpha signaling",GENE0097
WikiPathways,WikiPathways0027,"TNF-alpha signaling",GENE0842
WikiPathways,WikiPathways0027,"TNF-alpha signaling",GENE0628
WikiPathways,WikiPathways0027,"TNF-alpha signaling",GENE2062
WikiPathways,WikiPathways0027,"TNF-alpha signaling",GENE2938
WikiPathways,WikiPathways0027,"TNF-alpha signaling",GENE0626
WikiPathways,WikiPathways0027,"TNF-alpha signaling",GENE0779
WikiPathways,WikiPathways0027,"TNF-alpha signaling",GENE2485
WikiPathways,WikiPathways0027,"TNF-alpha signaling",GENE0510
WikiPathways,WikiPathways0027,"TNF-alpha signaling",GENE2341
WikiPathways,WikiPathways0027,"TNF-alpha signaling",GENE1576
WikiPathways,WikiPathways0027,"TNF-alpha signaling",GENE2619
WikiPathways,WikiPathways0027,"TNF-alpha signaling",GENE2467
WikiPathways,WikiPathways0027,"TNF-alpha signaling",GENE2461
WikiPathways,WikiPathways0027,"TNF-alpha signaling",GENE1518
WikiPathways,WikiPathways0027,"TNF-alpha signaling",GENE0884
WikiPathways,WikiPathways0027,"TNF-alpha signaling",GENE1170
WikiPathways,WikiPathways0027,"TNF-alpha signaling",GENE1965
WikiPathways,WikiPathways0027,"TNF-alpha signaling",GENE2078
WikiPathways,WikiPathways0027,"TNF-alpha signaling",GENE0894
WikiPathways,WikiPathways0027,"TNF-alpha signaling",GENE2127
WikiPathways,WikiPathways0027,"TNF-alpha signaling",GENE1731
WikiPathways,WikiPathways0027,"TNF-alpha signaling",GENE2209
WikiPathways,WikiPathways0027,"TNF-alpha signaling",GENE1473
WikiPathways,WikiPathways0027,"TNF-alpha signaling",GENE1347
WikiPathways,WikiPathways0027,"TNF-alpha signaling",GENE1451
WikiPathways,WikiPathways0027,"TNF-alpha signaling",GENE1774
WikiPathways,WikiPathways0027,"TNF-alpha signaling",GENE0424
WikiPathways,WikiPathways0027,"TNF-alpha signaling",GENE0891
WikiPathways,WikiPathways0027,"TNF-alpha signaling",GENE2237
WikiPathways,WikiPathways0027,"TNF-alpha signaling",GENE0049
WikiPathways,WikiPathways0027,"TNF-alpha signaling",GENE2973
WikiPathways,WikiPathways0027,"TNF-alpha signaling",GENE1185
WikiPathways,WikiPathways0027,"TNF-alpha signaling",GENE0292
WikiPathways,WikiPathways0027,"TNF-alpha signaling",GENE1900
WikiPathways,WikiPathways0027,"TNF-alpha signaling",GENE2806
WikiPathways,WikiPathways0027,"TNF-alpha signaling",GENE0407
WikiPathways,WikiPathways0027,"TNF-alpha signaling",GENE2821
WikiPathways,WikiPathways0027,"TNF-alpha signaling",GENE1193
WikiPathways,WikiPathways0027,"TNF-alpha signaling",GENE1244
WikiPathways,WikiPathways0027,"TNF-alpha signaling",GENE1981
WikiPathways,WikiPathways0027,"TNF-alpha signaling",GENE1372
WikiPathways,WikiPathways0027,"TNF-alpha signaling",GENE1079
WikiPathways,WikiPathways0027,"TNF-alpha signaling",GENE1633
WikiPathways,WikiPathways0027,"TNF-alpha signaling",GENE0785
WikiPathways,WikiPathways0027,"TNF-alpha signaling",GENE1034
WikiPathways,WikiPathways0027,"TNF-alpha signaling",GENE2049
WikiPathways,WikiPathways0027,"TNF-alpha signaling",GENE0267
WikiPathways,WikiPathways0027,"TNF-alpha signaling",GENE0513
WikiPathways,WikiPathways0027,"TNF-alpha signaling",GENE2319
WikiPathways,WikiPathways0027,"TNF-alpha signaling",GENE1504
WikiPathways,WikiPathways0027,"TNF-alpha signaling",GENE0858
WikiPathways,WikiPathways0027,"TNF-alpha signaling",GENE0532
WikiPathways,WikiPathways0027,"TNF-alpha signaling",GENE2245
WikiPathways,WikiPathways0027,"TNF-alpha signaling",GENE2470
WikiPathways,WikiPathways0027,"TNF-alpha signaling",GENE2447
WikiPathways,WikiPathways0027,"TNF-alpha signaling",GENE1477
WikiPathways,WikiPathways0027,"TNF-alpha signaling",GENE1703
WikiPathways,WikiPathways0027,"TNF-alpha signaling",GENE2648
WikiPathways,WikiPathways0027,"TNF-alpha signaling",GENE1078
WikiPathways,WikiPathways0027,"TNF-alpha signaling",GENE0572
WikiPathways,WikiPathways0027,"TNF-alpha signaling",GENE1809
WikiPathways,WikiPathways0027,"TNF-alpha signaling",GENE1225
WikiPathways,WikiPathways0027,"TNF-alpha signaling",GENE2745
WikiPathways,WikiPathways0027,"TNF-alpha signaling",GENE2494
WikiPathways,WikiPathways0027,"TNF-alpha signaling",GENE2378
WikiPathways,WikiPathways0027,"TNF-alpha signaling",GENE0596
WikiPathways,WikiPathways0027,"TNF-alpha signaling",GENE0255
WikiPathways,WikiPathways0027,"TNF-alpha signaling",GENE0297
WikiPathways,WikiPathways0027,"TNF-alpha signaling",GENE2542
WikiPathways,WikiPathways0027,"TNF-alpha signaling",GENE2405
WikiPathways,WikiPathways0027,"TNF-alpha signaling",GENE0624
WikiPathways,WikiPathways0027,"TNF-alpha signaling",GENE2865
WikiPathways,WikiPathways0027,"TNF-alpha signaling",GENE0480
WikiPathways,WikiPathways0027,"TNF-alpha signaling",GENE1950
WikiPathways,WikiPathways0027,"TNF-alpha signaling",GENE2677
WikiPathways,WikiPathways0027,"TNF-alpha signaling",GENE2350
WikiPathways,WikiPathways0027,"TNF-alpha signaling",GENE2803
WikiPathways,WikiPathways0027,"TNF-alpha signaling",GENE1991
WikiPathways,WikiPathways0027,"TNF-alpha signaling",GENE1180
WikiPathways,WikiPathways0027,"TNF-alpha signaling",GENE1058
WikiPathways,WikiPathways0027,"TNF-alpha signaling",GENE2057
WikiPathways,WikiPathways0027,"TNF-alpha signaling",GENE2912
WikiPathways,WikiPathways0027,"TNF-alpha signaling",GENE1605
WikiPathways,WikiPathways0027,"TNF-alpha signaling",GENE2352
WikiPathways,WikiPathways0027,"TNF-alpha signaling",GENE1207
WikiPathways,WikiPathways0027,"TNF-alpha signaling",GENE2840
WikiPathways,WikiPathways0027,"TNF-alpha signaling",GENE2720
WikiPathways,WikiPathways0027,"TNF-alpha signaling",GENE2153
WikiPathways,WikiPathways0027,"TNF-alpha signaling",GENE2675
WikiPathways,WikiPathways0027,"TNF-alpha signaling",GENE1695
WikiPathways,WikiPathways0027,"TNF-alpha signaling",GENE1442
WikiPathways,WikiPathways0027,"TNF-alpha signaling",GENE2998
WikiPathways,WikiPathways0027,"TNF-alpha signaling",GENE2365
WikiPathways,WikiPathways0027,"TNF-alpha signaling",GENE0784
WikiPathways,WikiPathways0027,"TNF-alpha signaling",GENE1590
WikiPathways,WikiPathways0027,"TNF-alpha signaling",GENE1299
WikiPathways,WikiPathways0027,"TNF-alpha signaling",GENE1324
WikiPathways,WikiPathways0027,"TNF-alpha signaling",GENE2679
WikiPathways,WikiPathways0027,"TNF-alpha signaling",GENE2472
WikiPathways,WikiPathways0027,"TNF-alpha signaling",GENE0997
WikiPathways,WikiPathways0027,"TNF-alpha signaling",GENE0040
WikiPathways,WikiPathways0027,"TNF-alpha signaling",GENE0173
WikiPathways,WikiPathways0027,"TNF-alpha signaling",GENE0457
WikiPathways,WikiPathways0027,"TNF-alpha signaling",GENE1431
WikiPathways,WikiPathways0027,"TNF-alpha signaling",GENE0082
WikiPathways,WikiPathways0027,"TNF-alpha signaling",GENE0729
WikiPathways,WikiPathways0027,"TNF-alpha signaling",GENE2710
WikiPathways,WikiPathways0027,"TNF-alpha signaling",GENE2877
WikiPathways,WikiPathways0027,"TNF-alpha signaling",GENE2489
WikiPathways,WikiPathways0027,"TNF-alpha signaling",GENE1111
WikiPathways,WikiPathways0027,"TNF-alpha signaling",GENE1506
WikiPathways,WikiPathways0027,"TNF-alpha signaling",CD8A
WikiPathways,WikiPathways0027,"TNF-alpha signaling",GENE2797
WikiPathways,WikiPathways0027,"TNF-alpha signaling",GENE2270
WikiPathways,WikiPathways0027,"TNF-alpha signaling",GENE0955
WikiPathways,WikiPathways0027,"TNF-alpha signaling",GENE2404
WikiPathways,WikiPathways0027,"TNF-alpha signaling",MMP9
WikiPathways,WikiPathways0027,"TNF-alpha signaling",GENE1065
WikiPathways,WikiPathways0027,"TNF-alpha signaling",GENE0888
WikiPathways,WikiPathways0027,"TNF-alpha signaling",GENE0802
WikiPathways,WikiPathways0027,"TNF-alpha signaling",GENE1136
WikiPathways,WikiPathways0027,"TNF-alpha signaling",GENE1240
WikiPathways,WikiPathways0027,"TNF-alpha signaling",GENE1945
WikiPathways,WikiPathways0027,"TNF-alpha signaling",GENE2182
WikiPathways,WikiPathways0027,"TNF-alpha signaling",GENE1184
WikiPathways,WikiPathways0027,"TNF-alpha signaling",GENE0970
WikiPathways,WikiPathways0027,"TNF-alpha signaling",GENE1593
WikiPathways,WikiPathways0027,"TNF-alpha signaling",GENE0311
WikiPathways,WikiPathways0027,"TNF-alpha signaling",GENE0739
WikiPathways,WikiPathways0027,"TNF-alpha signaling",GENE0895
WikiPathways,WikiPathways0027,"TNF-alpha signaling",GENE0412
WikiPathways,WikiPathways0027,"TNF-alpha signaling",GENE1342
WikiPathways,WikiPathways0027,"TNF-alpha signaling",GENE2852
WikiPathways,WikiPathways0027,"TNF-alpha signaling",GENE1833
WikiPathways,WikiPathways0027,"TNF-alpha signaling",GENE0115
WikiPathways,WikiPathways0027,"TNF-alpha signaling",GENE0810
WikiPathways,WikiPathways0027,"TNF-alpha signaling",GENE0053
WikiPathways,WikiPathways0027,"TNF-alpha signaling",GENE0929
WikiPathways,WikiPathways0027,"TNF-alpha signaling",GENE0430
WikiPathways,WikiPathways0027,"TNF-alpha signaling",GENE1102
WikiPathways,WikiPathways0027,"TNF-alpha signaling",GENE0251
WikiPathways,WikiPathways0027,"TNF-alpha signaling",GENE2980
WikiPathways,WikiPathways0027,"TNF-alpha signaling",GENE1156
WikiPathways,WikiPathways0027,"TNF-alpha signaling",GENE2547
WikiPathways,WikiPathways0027,"TNF-alpha signaling",GENE1332
WikiPathways,WikiPathways0027,"TNF-alpha signaling",GENE2543
WikiPathways,WikiPathways0027,"TNF-alpha signaling",KRAS
WikiPathways,WikiPathways0027,"TNF-alpha signaling",GENE2974
WikiPathways,WikiPathways0027,"TNF-alpha signaling",GENE0204
WikiPathways,WikiPathways0027,"TNF-alpha signaling",GENE0481
WikiPathways,WikiPathways0027,"TNF-alpha signaling",GENE1019
WikiPathways,WikiPathways0027,"TNF-alpha signaling",GENE1038
WikiPathways,WikiPathways0027,"TNF-alpha signaling",GENE2610
WikiPathways,WikiPathways0027,"TNF-alpha signaling",GENE1228
WikiPathways,WikiPathways0027,"TNF-alpha signaling",GENE1145
WikiPathways,WikiPathways0027,"TNF-alpha signaling",GENE1626
WikiPathways,WikiPathways0027,"TNF-alpha signaling",GENE0763
WikiPathways,WikiPathways0027,"TNF-alpha signaling",GENE0231
WikiPathways,WikiPathways0027,"TNF-alpha signaling",GENE2406
WikiPathways,WikiPathways0027,"TNF-alpha signaling",GENE2124
WikiPathways,WikiPathways0027,"TNF-alpha signaling",GENE2482
WikiPathways,WikiPathways0027,"TNF-alpha signaling",GENE1822
WikiPathways,WikiPathways0027,"TNF-alpha signaling",GENE0244
WikiPathways,WikiPathways0027,"TNF-alpha signaling",GENE0277
WikiPathways,WikiPathways0027,"TNF-alpha signaling",GENE0383
WikiPathways,WikiPathways0027,"TNF-alpha signaling",GENE1055
WikiPathways,WikiPathways0027,"TNF-alpha signaling",GENE2268
WikiPathways,WikiPathways0027,"TNF-alpha signaling",GENE2706
WikiPathways,WikiPathways0027,"TNF-alpha signaling",GENE0315
WikiPathways,WikiPathways0027,"TNF-alpha signaling",GENE1692
WikiPathways,WikiPathways0027,"TNF-alpha signaling",GENE1529
WikiPathways,WikiPathways0027,"TNF-alpha signaling",GENE0979
WikiPathways,WikiPathways0027,"TNF-alpha signaling",GENE0666
WikiPathways,WikiPathways0027,"TNF-alpha signaling",GENE0386
WikiPathways,WikiPathways0027,"TNF-alpha signaling",GENE0956
WikiPathways,WikiPathways0027,"TNF-alpha signaling",GENE0674
WikiPathways,WikiPathways0027,"TNF-alpha signaling",GENE0426
WikiPathways,WikiPathways0027,"TNF-alpha signaling",GENE1793
WikiPathways,WikiPathways0027,"TNF-alpha signaling",GENE2452
WikiPathways,WikiPathways0027,"TNF-alpha signaling",GENE0741
WikiPathways,WikiPathways0027,"TNF-alpha signaling",GENE1658
WikiPathways,WikiPathways0027,"TNF-alpha signaling",GENE1770
WikiPathways,WikiPathways0027,"TNF-alpha signaling",GENE2017
WikiPathways,WikiPathways0027,"TNF-alpha signaling",GENE0788
WikiPathways,WikiPathways0027,"TNF-alpha signaling",GENE2582
WikiPathways,WikiPathways0027,"TNF-alpha signaling",GENE2400
WikiPathways,WikiPathways0027,"TNF-alpha signaling",GENE2387
WikiPathways,WikiPathways0027,"TNF-alpha signaling",GENE0102
WikiPathways,WikiPathways0027,"TNF-alpha signaling",GENE2838
WikiPathways,WikiPathways0027,"TNF-alpha signaling",GENE2682
WikiPathways,WikiPathways0027,"TNF-alpha signaling",GENE2486
WikiPathways,WikiPathways0027,"TNF-alpha signaling",GENE0476
WikiPathways,WikiPathways0027,"TNF-alpha signaling",GENE2569
WikiPathways,WikiPathways0027,"TNF-alpha signaling",GENE1353
WikiPathways,WikiPathways0027,"TNF-alpha signaling",GENE2093
WikiPathways,WikiPathways0027,"TNF-alpha signaling",GENE0484
WikiPathways,WikiPathways0027,"TNF-alpha signaling",GENE0055
WikiPathways,WikiPathways0027,"TNF-alpha signaling",GENE1627
WikiPathways,WikiPathways0027,"TNF-alpha signaling",GENE0557
WikiPathways,WikiPathways0027,"TNF-alpha signaling",GENE0062
WikiPathways,WikiPathways0027,"TNF-alpha signaling",GENE2034
WikiPathways,WikiPathways0027,"TNF-alpha signaling",GENE1054
WikiPathways,WikiPathways0027,"TNF-alpha signaling",GENE2490
WikiPathways,WikiPathways0027,"TNF-alpha signaling",GENE0651
WikiPathways,WikiPathways0027,"TNF-alpha signaling",GENE2321
WikiPathways,WikiPathways0027,"TNF-alpha signaling",GENE1467
WikiPathways,WikiPathways0027,"TNF-alpha signaling",GENE2348
WikiPathways,WikiPathways0027,"TNF-alpha signaling",GENE0950
WikiPathways,WikiPathways0027,"TNF-alpha signaling",GENE0179
WikiPathways,WikiPathways0027,"TNF-alpha signaling",GENE0962
WikiPathways,WikiPathways0027,"TNF-alpha signaling",GENE2460
WikiPathways,WikiPathways0027,"TNF-alpha signaling",GENE2191
WikiPathways,WikiPathways0027,"TNF-alpha signaling",GENE1683
WikiPathways,WikiPathways0027,"TNF-alpha signaling",GENE1109
WikiPathways,WikiPathways0027,"TNF-alpha signaling",GENE0214
WikiPathways,WikiPathways0027,"TNF-alpha signaling",GENE0125
WikiPathways,WikiPathways0027,"TNF-alpha signaling",GENE2534
WikiPathways,WikiPathways0027,"TNF-alpha signaling",GENE2800
WikiPathways,WikiPathways0027,"TNF-alpha signaling",GENE0276
WikiPathways,WikiPathways0027,"TNF-alpha signaling",GENE1919
WikiPathways,WikiPathways0027,"TNF-alpha signaling",GENE1923
WikiPathways,WikiPathways0027,"TNF-alpha signaling",GENE1691
WikiPathways,WikiPathways0027,"TNF-alpha signaling",GENE1617
WikiPathways,WikiPathways0027,"TNF-alpha signaling",GENE1371
WikiPathways,WikiPathways0027,"TNF-alpha signaling",GENE0612
WikiPathways,WikiPathways0027,"TNF-alpha signaling",GENE2579
WikiPathways,WikiPathways0027,"TNF-alpha signaling",GENE2430
WikiPathways,WikiPathways0027,"TNF-alpha signaling",GENE2011
WikiPathways,WikiPathways0027,"TNF-alpha signaling",GENE0684
WikiPathways,WikiPathways0027,"TNF-alpha signaling",GENE2136
WikiPathways,WikiPathways0027,"TNF-alpha signaling",GENE0539
WikiPathways,WikiPathways0028,"VEGFA-VEGFR2 pathway",GENE0671
WikiPathways,WikiPathways0028,"VEGFA-VEGFR2 pathway",GENE0779
WikiPathways,WikiPathways0028,"VEGFA-VEGFR2 pathway",GENE2546
WikiPathways,WikiPathways0028,"VEGFA-VEGFR2 pathway",GENE1480
WikiPathways,WikiPathways0028,"VEGFA-VEGFR2 pathway",GENE0882
WikiPathways,WikiPathways0028,"VEGFA-VEGFR2 pathway",GENE2211
WikiPathways,WikiPathways0028,"VEGFA-VEGFR2 pathway",GENE2307
WikiPathways,WikiPathways0028,"VEGFA-VEGFR2 pathway",GENE1644
WikiPathways,WikiPathways0028,"VEGFA-VEGFR2 pathway",GENE2313
WikiPathways,WikiPathways0028,"VEGFA-VEGFR2 pathway",GENE2897
WikiPathways,WikiPathways0028,"VEGFA-VEGFR2 pathway",GENE2516
WikiPathways,WikiPathways0028,"VEGFA-VEGFR2 pathway",GENE0670
WikiPathways,WikiPathways0028,"VEGFA-VEGFR2 pathway",GENE1928
WikiPathways,WikiPathways0028,"VEGFA-VEGFR2 pathway",GENE1782
WikiPathways,WikiPathways0028,"VEGFA-VEGFR2 pathway",GENE0066
WikiPathways,WikiPathways0028,"VEGFA-VEGFR2 pathway",GENE2761
WikiPathways,WikiPathways0028,"VEGFA-VEGFR2 pathway",GENE1897
WikiPathways,WikiPathways0028,"VEGFA-VEGFR2 pathway",GENE1964
WikiPathways,WikiPathways0028,"VEGFA-VEGFR2 pathway",GENE2456
WikiPathways,WikiPathways0028,"VEGFA-VEGFR2 pathway",GENE1993
WikiPathways,WikiPathways0028,"VEGFA-VEGFR2 pathway",GENE2017
WikiPathways,WikiPathways0028,"VEGFA-VEGFR2 pathway",GENE2547
WikiPathways,WikiPathways0028,"VEGFA-VEGFR2 pathway",GENE2841
WikiPathways,WikiPathways0028,"VEGFA-VEGFR2 pathway",GENE0459
WikiPathways,WikiPathways0028,"VEGFA-VEGFR2 pathway",GENE1716
WikiPathways,WikiPathways0028,"VEGFA-VEGFR2 pathway",GENE0769
WikiPathways,WikiPathways0028,"VEGFA-VEGFR2 pathway",GENE1199
WikiPathways,WikiPathways0028,"VEGFA-VEGFR2 pathway",GENE1432
WikiPathways,WikiPathways0028,"VEGFA-VEGFR2 pathway",GENE2750
WikiPathways,WikiPathways0028,"VEGFA-VEGFR2 pathway",GENE0705
WikiPathways,WikiPathways0028,"VEGFA-VEGFR2 pathway",GENE0798
WikiPathways,WikiPathways0028,"VEGFA-VEGFR2 pathway",GENE2298
WikiPathways,WikiPathways0028,"VEGFA-VEGFR2 pathway",GENE2303
WikiPathways,WikiPathways0028,"VEGFA-VEGFR2 pathway",SOD2
WikiPathways,WikiPathways0028,"VEGFA-VEGFR2 pathway",GENE1478
WikiPathways,WikiPathways0028,"VEGFA-VEGFR2 pathway",GENE2438
WikiPathways,WikiPathways0028,"VEGFA-VEGFR2 pathway",GENE1317
WikiPathways,WikiPathways0028,"VEGFA-VEGFR2 pathway",GENE2822
WikiPathways,WikiPathways0028,"VEGFA-VEGFR2 pathway",GENE0130
WikiPathways,WikiPathways0028,"VEGFA-VEGFR2 pathway",GENE1385
WikiPathways,WikiPathways0028,"VEGFA-VEGFR2 pathway",GENE2708
WikiPathways,WikiPathways0028,"VEGFA-VEGFR2 pathway",GENE0163
WikiPathways,WikiPathways0028,"VEGFA-VEGFR2 pathway",GENE1328
WikiPathways,WikiPathways0028,"VEGFA-VEGFR2 pathway",TP53
WikiPathways,WikiPathways0028,"VEGFA-VEGFR2 pathway",GENE2466
WikiPathways,WikiPathways0028,"VEGFA-VEGFR2 pathway",GENE1205
WikiPathways,WikiPathways0028,"VEGFA-VEGFR2 pathway",GENE1681
WikiPathways,WikiPathways0028,"VEGFA-VEGFR2 pathway",GENE1341
WikiPathways,WikiPathways0028,"VEGFA-VEGFR2 pathway",GENE2828
WikiPathways,WikiPathways0028,"VEGFA-VEGFR2 pathway",GENE2806
WikiPathways,WikiPathways0028,"VEGFA-VEGFR2 pathway",GENE1169
WikiPathways,WikiPathways0028,"VEGFA-VEGFR2 pathway",GENE1020
WikiPathways,WikiPathways0028,"VEGFA-VEGFR2 pathway",GENE0360
WikiPathways,WikiPathways0028,"VEGFA-VEGFR2 pathway",GENE0254
WikiPathways,WikiPathways0028,"VEGFA-VEGFR2 pathway",GENE2726
WikiPathways,WikiPathways0028,"VEGFA-VEGFR2 pathway",GENE2366
WikiPathways,WikiPathways0028,"VEGFA-VEGFR2 pathway",GENE1611
WikiPathways,WikiPathways0028,"VEGFA-VEGFR2 pathway",GENE0048
WikiPathways,WikiPathways0028,"VEGFA-VEGFR2 pathway",GENE2847
WikiPathways,WikiPathways0028,"VEGFA-VEGFR2 pathway",GENE2632
WikiPathways,WikiPathways0028,"VEGFA-VEGFR2 pathway",GENE2666
WikiPathways,WikiPathways0028,"VEGFA-VEGFR2 pathway",GENE1070
WikiPathways,WikiPathways0028,"VEGFA-VEGFR2 pathway",GENE2005
WikiPathways,WikiPathways0028,"VEGFA-VEGFR2 pathway",GENE1763
WikiPathways,WikiPathways0028,"VEGFA-VEGFR2 pathway",GENE1509
WikiPathways,WikiPathways0028,"VEGFA-VEGFR2 pathway",GENE2377
WikiPathways,WikiPathways0028,"VEGFA-VEGFR2 pathway",GENE0300
WikiPathways,WikiPathways0028,"VEGFA-VEGFR2 pathway",GENE1737
WikiPathways,WikiPathways0028,"VEGFA-VEGFR2 pathway",GENE1183
WikiPathways,WikiPathways0028,"VEGFA-VEGFR2 pathway",GENE1483
WikiPathways,WikiPathways0028,"VEGFA-VEGFR2 pathway",GENE1286
WikiPathways,WikiPathways0028,"VEGFA-VEGFR2 pathway",GENE2740
WikiPathways,WikiPathways0028,"VEGFA-VEGFR2 pathway",GENE1794
WikiPathways,WikiPathways0028,"VEGFA-VEGFR2 pathway",GENE1560
WikiPathways,WikiPathways0028,"VEGFA-VEGFR2 pathway",GENE0612
WikiPathways,WikiPathways0028,"VEGFA-VEGFR2 pathway",GENE2482
WikiPathways,WikiPathways0028,"VEGFA-VEGFR2 pathway",GENE1382
WikiPathways,WikiPathways0028,"VEGFA-VEGFR2 pathway",GENE2965
WikiPathways,WikiPathways0028,"VEGFA-VEGFR2 pathway",GENE2876
WikiPathways,WikiPathways0028,"VEGFA-VEGFR2 pathway",GENE0951
WikiPathways,WikiPathways0028,"VEGFA-VEGFR2 pathway",GENE0610
WikiPathways,WikiPathways0028,"VEGFA-VEGFR2 pathway",GENE2138
WikiPathways,WikiPathways0028,"VEGFA-VEGFR2 pathway",GENE1451
WikiPathways,WikiPathways0028,"VEGFA-VEGFR2 pathway",GENE2462
WikiPathways,WikiPathways0028,"VEGFA-VEGFR2 pathway",GENE2166
WikiPathways,WikiPathways0028,"VEGFA-VEGFR2 pathway",GENE2869
WikiPathways,WikiPathways0028,"VEGFA-VEGFR2 pathway",GENE1455
WikiPathways,WikiPathways0028,"VEGFA-VEGFR2 pathway",GENE0745
WikiPathways,WikiPathways0028,"VEGFA-VEGFR2 pathway",GENE0592
WikiPathways,WikiPathways0028,"VEGFA-VEGFR2 pathway",GENE1591
WikiPathways,WikiPathways0028,"VEGFA-VEGFR2 pathway",GENE2617
WikiPathways,WikiPathways0028,"VEGFA-VEGFR2 pathway",GENE1984
WikiPathways,WikiPathways0028,"VEGFA-VEGFR2 pathway",GENE0597
WikiPathways,WikiPathways0028,"VEGFA-VEGFR2 pathway",GENE1233
WikiPathways,WikiPathways0028,"VEGFA-VEGFR2 pathway",GENE2170
WikiPathways,WikiPathways0028,"VEGFA-VEGFR2 pathway",GENE2263
WikiPathways,WikiPathways0028,"VEGFA-VEGFR2 pathway",GENE0253
WikiPathways,WikiPathways0028,"VEGFA-VEGFR2 pathway",GENE0902
WikiPathways,WikiPathways0028,"VEGFA-VEGFR2 pathway",GENE2486
WikiPathways,WikiPathways0028,"VEGFA-VEGFR2 pathway",GENE0806
WikiPathways,WikiPathways0028,"VEGFA-VEGFR2 pathway",GENE1562
WikiPathways,WikiPathways0028,"VEGFA-VEGFR2 pathway",GENE2094
WikiPathways,WikiPathways0028,"VEGFA-VEGFR2 pathway",GENE2137
WikiPathways,WikiPathways0028,"VEGFA-VEGFR2 pathway",GENE1772
WikiPathways,WikiPathways0028,"VEGFA-VEGFR2 pathway",GENE0703
WikiPathways,WikiPathways0028,"VEGFA-VEGFR2 pathway",GENE0850
WikiPathways,WikiPathways0028,"VEGFA-VEGFR2 pathway",GENE0983
WikiPathways,WikiPathways0028,"VEGFA-VEGFR2 pathway",GENE2591
WikiPathways,WikiPathways0028,"VEGFA-VEGFR2 pathway",GENE1522
WikiPathways,WikiPathways0028,"VEGFA-VEGFR2 pathway",GENE1147
WikiPathways,WikiPathways0028,"VEGFA-VEGFR2 pathway",GENE0081
WikiPathways,WikiPathways0028,"VEGFA-VEGFR2 pathway",GENE1320
WikiPathways,WikiPathways0028,"VEGFA-VEGFR2 pathway",GENE2621
WikiPathways,WikiPathways0028,"VEGFA-VEGFR2 pathway",BCL2
WikiPathways,WikiPathways0028,"VEGFA-VEGFR2 pathway",GENE2624
WikiPathways,WikiPathways0028,"VEGFA-VEGFR2 pathway",GENE1295
WikiPathways,WikiPathways0028,"VEGFA-VEGFR2 pathway",GENE0614
WikiPathways,WikiPathways0028,"VEGFA-VEGFR2 pathway",GENE2433
WikiPathways,WikiPathways0028,"VEGFA-VEGFR2 pathway",GENE2667
WikiPathways,WikiPathways0028,"VEGFA-VEGFR2 pathway",GENE0634
WikiPathways,WikiPathways0028,"VEGFA-VEGFR2 pathway",GENE2321
WikiPathways,WikiPathways0028,"VEGFA-VEGFR2 pathway",GENE0792
WikiPathways,WikiPathways0028,"VEGFA-VEGFR2 pathway",GENE2378
WikiPathways,WikiPathways0028,"VEGFA-VEGFR2 pathway",GENE1384
WikiPathways,WikiPathways0028,"VEGFA-VEGFR2 pathway",GENE1243
WikiPathways,WikiPathways0028,"VEGFA-VEGFR2 pathway",GENE2865
WikiPathways,WikiPathways0028,"VEGFA-VEGFR2 pathway",GENE1594
WikiPathways,WikiPathways0028,"VEGFA-VEGFR2 pathway",GENE0520
WikiPathways,WikiPathways0028,"VEGFA-VEGFR2 pathway",GENE2196
WikiPathways,WikiPathways0028,"VEGFA-VEGFR2 pathway",GENE0529
WikiPathways,WikiPathways0028,"VEGFA-VEGFR2 pathway",GENE0728
WikiPathways,WikiPathways0028,"VEGFA-VEGFR2 pathway",GENE0236
WikiPathways,WikiPathways0028,"VEGFA-VEGFR2 pathway",GENE0606
WikiPathways,WikiPathways0028,"VEGFA-VEGFR2 pathway",GENE0746
WikiPathways,WikiPathways0028,"VEGFA-VEGFR2 pathway",GENE1781
WikiPathways,WikiPathways0028,"VEGFA-VEGFR2 pathway",GENE0469
WikiPathways,WikiPathways0028,"VEGFA-VEGFR2 pathway",GENE2782
WikiPathways,WikiPathways0028,"VEGFA-VEGFR2 pathway",GENE1618
WikiPathways,WikiPathways0028,"VEGFA-VEGFR2 pathway",GENE0503
WikiPathways,WikiPathways0028,"VEGFA-VEGFR2 pathway",GENE1433
WikiPathways,WikiPathways0028,"VEGFA-VEGFR2 pathway",GENE1290
WikiPathways,WikiPathways0028,"VEGFA-VEGFR2 pathway",GENE0834
WikiPathways,WikiPathways0028,"VEGFA-VEGFR2 pathway",GENE1907
WikiPathways,WikiPathways0028,"VEGFA-VEGFR2 pathway",GENE1284
WikiPathways,WikiPathways0028,"VEGFA-VEGFR2 pathway",GENE2976
WikiPathways,WikiPathways0028,"VEGFA-VEGFR2 pathway",GENE0557
WikiPathways,WikiPathways0028,"VEGFA-VEGFR2 pathway",GENE2821
WikiPathways,WikiPathways0028,"VEGFA-VEGFR2 pathway",GENE0249
WikiPathways,WikiPathways0028,"VEGFA-VEGFR2 pathway",GENE1543
WikiPathways,WikiPathways0028,"VEGFA-VEGFR2 pathway",GENE0316
WikiPathways,WikiPathways0028,"VEGFA-VEGFR2 pathway",GENE2608
WikiPathways,WikiPathways0028,"VEGFA-VEGFR2 pathway",GENE0959
WikiPathways,WikiPathways0028,"VEGFA-VEGFR2 pathway",CXCL10
WikiPathways,WikiPathways0028,"VEGFA-VEGFR2 pathway",GENE1846
WikiPathways,WikiPathways0028,"VEGFA-VEGFR2 pathway",GENE0057
WikiPathways,WikiPathways0028,"VEGFA-VEGFR2 pathway",GENE1221
WikiPathways,WikiPathways0028,"VEGFA-VEGFR2 pathway",GENE0110
WikiPathways,WikiPathways0028,"VEGFA-VEGFR2 pathway",GENE1095
WikiPathways,WikiPathways0028,"VEGFA-VEGFR2 pathway",GENE1529
WikiPathways,WikiPathways0028,"VEGFA-VEGFR2 pathway",GENE2347
WikiPathways,WikiPathways0028,"VEGFA-VEGFR2 pathway",GENE0031
WikiPathways,WikiPathways0028,"VEGFA-VEGFR2 pathway",GENE2468
WikiPathways,WikiPathways0028,"VEGFA-VEGFR2 pathway",GENE2887
WikiPathways,WikiPathways0028,"VEGFA-VEGFR2 pathway",GENE2798
WikiPathways,WikiPathways0028,"VEGFA-VEGFR2 pathway",GENE0869
WikiPathways,WikiPathways0028,"VEGFA-VEGFR2 pathway",GENE2239
WikiPathways,WikiPathways0028,"VEGFA-VEGFR2 pathway",GENE2681
WikiPathways,WikiPathways0028,"VEGFA-VEGFR2 pathway",GENE2497
WikiPathways,WikiPathways0028,"VEGFA-VEGFR2 pathway",GENE0228
WikiPathways,WikiPathways0028,"VEGFA-VEGFR2 pathway",GENE1002
WikiPathways,WikiPathways0028,"VEGFA-VEGFR2 pathway",GENE1302
WikiPathways,WikiPathways0028,"VEGFA-VEGFR2 pathway",GENE1196
WikiPathways,WikiPathways0028,"VEGFA-VEGFR2 pathway",GENE1362
WikiPathways,WikiPathways0028,"VEGFA-VEGFR2 pathway",GENE2829
WikiPathways,WikiPathways0028,"VEGFA-VEGFR2 pathway",GENE2121
WikiPathways,WikiPathways0028,"VEGFA-VEGFR2 pathway",GENE0160
WikiPathways,WikiPathways0028,"VEGFA-VEGFR2 pathway",GENE0389
WikiPathways,WikiPathways0028,"VEGFA-VEGFR2 pathway",GENE1686
WikiPathways,WikiPathways0028,"VEGFA-VEGFR2 pathway",GENE1056
WikiPathways,WikiPathways0028,"VEGFA-VEGFR2 pathway",GENE0218
WikiPathways,WikiPathways0028,"VEGFA-VEGFR2 pathway",GENE0368
WikiPathways,WikiPathways0028,"VEGFA-VEGFR2 pathway",GENE2194
WikiPathways,WikiPathways0028,"VEGFA-VEGFR2 pathway",GENE0461
WikiPathways,WikiPathways0028,"VEGFA-VEGFR2 pathway",GENE0659
WikiPathways,WikiPathways0028,"VEGFA-VEGFR2 pathway",GENE2730
WikiPathways,WikiPathways0028,"VEGFA-VEGFR2 pathway",GENE1369
WikiPathways,WikiPathways0028,"VEGFA-VEGFR2 pathway",GENE0084
WikiPathways,WikiPathways0028,"VEGFA-VEGFR2 pathway",GENE2958
WikiPathways,WikiPathways0028,"VEGFA-VEGFR2 pathway",GENE0695
WikiPathways,WikiPathways0028,"VEGFA-VEGFR2 pathway",GENE1410
WikiPathways,WikiPathways0028,"VEGFA-VEGFR2 pathway",GENE1164
WikiPathways,WikiPathways0028,"VEGFA-VEGFR2 pathway",GENE1588
WikiPathways,WikiPathways0028,"VEGFA-VEGFR2 pathway",GENE1178
WikiPathways,WikiPathways0028,"VEGFA-VEGFR2 pathway",GENE2732
WikiPathways,WikiPathways0028,"VEGFA-VEGFR2 pathway",GENE1518
WikiPathways,WikiPathways0028,"VEGFA-VEGFR2 pathway",GENE0209
WikiPathways,WikiPathways0028,"VEGFA-VEGFR2 pathway",GENE1786
WikiPathways,WikiPathways0028,"VEGFA-VEGFR2 pathway",GENE0654
WikiPathways,WikiPathways0028,"VEGFA-VEGFR2 pathway",GENE2151
WikiPathways,WikiPathways0028,"VEGFA-VEGFR2 pathway",GENE0558
WikiPathways,WikiPathways0028,"VEGFA-VEGFR2 pathway",GENE1042
WikiPathways,WikiPathways0028,"VEGFA-VEGFR2 pathway",GENE0335
WikiPathways,WikiPathways0028,"VEGFA-VEGFR2 pathway",GENE2247
WikiPathways,WikiPathways0028,"VEGFA-VEGFR2 pathway",GENE0865
WikiPathways,WikiPathways0028,"VEGFA-VEGFR2 pathway",GENE1804
WikiPathways,WikiPathways0028,"VEGFA-VEGFR2 pathway",GENE2431
WikiPathways,WikiPathways0028,"VEGFA-VEGFR2 pathway",GENE1602
WikiPathways,WikiPathways0028,"VEGFA-VEGFR2 pathway",GENE2832
WikiPathways,WikiPathways0028,"VEGFA-VEGFR2 pathway",GENE2506
WikiPathways,WikiPathways0028,"VEGFA-VEGFR2 pathway",GENE2049
WikiPathways,WikiPathways0028,"VEGFA-VEGFR2 pathway",GENE2129
WikiPathways,WikiPathways0028,"VEGFA-VEGFR2 pathway",GENE0326
WikiPathways,WikiPathways0028,"VEGFA-VEGFR2 pathway",GENE2035
WikiPathways,WikiPathways0028,"VEGFA-VEGFR2 pathway",GENE2171
WikiPathways,WikiPathways0028,"VEGFA-VEGFR2 pathway",GENE2914
WikiPathways,WikiPathways0028,"VEGFA-VEGFR2 pathway",GENE1263
WikiPathways,WikiPathways0028,"VEGFA-VEGFR2 pathway",GENE1926
WikiPathways,WikiPathways0028,"VEGFA-VEGFR2 pathway",GENE2962
WikiPathways,WikiPathways0028,"VEGFA-VEGFR2 pathway",GENE1090
WikiPathways,WikiPathways0028,"VEGFA-VEGFR2 pathway",GENE1762
WikiPathways,WikiPathways0028,"VEGFA-VEGFR2 pathway",GENE1867
WikiPathways,WikiPathways0028,"VEGFA-VEGFR2 pathway",GENE1818
WikiPathways,WikiPathways0028,"VEGFA-VEGFR2 pathway",GENE0472
WikiPathways,WikiPathways0028,"VEGFA-VEGFR2 pathway",GENE2709
WikiPathways,WikiPathways0028,"VEGFA-VEGFR2 pathway",GENE2184
WikiPathways,WikiPathways0028,"VEGFA-VEGFR2 pathway",GENE0411
WikiPathways,WikiPathways0028,"VEGFA-VEGFR2 pathway",GENE0148
WikiPathways,WikiPathways0028,"VEGFA-VEGFR2 pathway",GENE0479
WikiPathways,WikiPathways0028,"VEGFA-VEGFR2 pathway",GENE1598
WikiPathways,WikiPathways0028,"VEGFA-VEGFR2 pathway",GENE2201
WikiPathways,WikiPathways0028,"VEGFA-VEGFR2 pathway",GENE2208
WikiPathways,WikiPathways0028,"VEGFA-VEGFR2 pathway",GENE2221
WikiPathways,WikiPathways0028,"VEGFA-VEGFR2 pathway",GENE2179
WikiPathways,WikiPathways0028,"VEGFA-VEGFR2 pathway",GENE2891
WikiPathways,WikiPathways0028,"VEGFA-VEGFR2 pathway",GENE1931
WikiPathways,WikiPathways0028,"VEGFA-VEGFR2 pathway",GENE0693
WikiPathways,WikiPathways0028,"VEGFA-VEGFR2 pathway",GENE1388
WikiPathways,WikiPathways0028,"VEGFA-VEGFR2 pathway",GENE2878
WikiPathways,WikiPathways0028,"VEGFA-VEGFR2 pathway",GENE0946
WikiPathways,WikiPathways0028,"VEGFA-VEGFR2 pathway",GENE1556
WikiPathways,WikiPathways0028,"VEGFA-VEGFR2 pathway",GENE0287
WikiPathways,WikiPathways0028,"VEGFA-VEGFR2 pathway",GENE2098
WikiPathways,WikiPathways0028,"VEGFA-VEGFR2 pathway",GENE2585
WikiPathways,WikiPathways0028,"VEGFA-VEGFR2 pathway",GENE0615
WikiPathways,WikiPathways0028,"VEGFA-VEGFR2 pathway",GENE1709
WikiPathways,WikiPathways0028,"VEGFA-VEGFR2 pathway",GENE0611
WikiPathways,WikiPathways0028,"VEGFA-VEGFR2 pathway",GENE0974
WikiPathways,WikiPathways0028,"VEGFA-VEGFR2 pathway",GENE0624
WikiPathways,WikiPathways0028,"VEGFA-VEGFR2 pathway",GENE1690
WikiPathways,WikiPathways0028,"VEGFA-VEGFR2 pathway",GENE0662
WikiPathways,WikiPathways0028,"VEGFA-VEGFR2 pathway",GENE2810
WikiPathways,WikiPathways0028,"VEGFA-VEGFR2 pathway",GENE0604
WikiPathways,WikiPathways0028,"VEGFA-VEGFR2 pathway",GENE0261
WikiPathways,WikiPathways0028,"VEGFA-VEGFR2 pathway",GENE2627
WikiPathways,WikiPathways0028,"VEGFA-VEGFR2 pathway",GENE0131
WikiPathways,WikiPathways0028,"VEGFA-VEGFR2 pathway",GENE0583
WikiPathways,WikiPathways0028,"VEGFA-VEGFR2 pathway",GENE1209
WikiPathways,WikiPathways0028,"VEGFA-VEGFR2 pathway",GENE0450
WikiPathways,WikiPathways0028,"VEGFA-VEGFR2 pathway",GENE1366
WikiPathways,WikiPathways0028,"VEGFA-VEGFR2 pathway",MKI67
WikiPathways,WikiPathways0028,"VEGFA-VEGFR2 pathway",GENE2345
WikiPathways,WikiPathways0028,"VEGFA-VEGFR2 pathway",GENE1332
WikiPathways,WikiPathways0028,"VEGFA-VEGFR2 pathway",GENE0396
WikiPathways,WikiPathways0028,"VEGFA-VEGFR2 pathway",GENE1559
WikiPathways,WikiPathways0028,"VEGFA-VEGFR2 pathway",GENE0432
WikiPathways,WikiPathways0028,"VEGFA-VEGFR2 pathway",GENE0224
WikiPathways,WikiPathways0028,"VEGFA-VEGFR2 pathway",GENE1850
WikiPathways,WikiPathways0028,"VEGFA-VEGFR2 pathway",GENE2401
WikiPathways,WikiPathways0028,"VEGFA-VEGFR2 pathway",GENE2159
WikiPathways,WikiPathways0028,"VEGFA-VEGFR2 pathway",GENE0105
WikiPathways,WikiPathways0028,"VEGFA-VEGFR2 pathway",GENE0324
WikiPathways,WikiPathways0028,"VEGFA-VEGFR2 pathway",GENE2044
WikiPathways,WikiPathways0028,"VEGFA-VEGFR2 pathway",GENE1541
WikiPathways,WikiPathways0028,"VEGFA-VEGFR2 pathway",GENE1693
WikiPathways,WikiPathways0028,"VEGFA-VEGFR2 pathway",GENE2093
WikiPathways,WikiPathways0028,"VEGFA-VEGFR2 pathway",GENE1152
WikiPathways,WikiPathways0028,"VEGFA-VEGFR2 pathway",GENE0790
WikiPathways,WikiPathways0028,"VEGFA-VEGFR2 pathway",GENE0859
WikiPathways,WikiPathways0028,"VEGFA-VEGFR2 pathway",GENE0797
WikiPathways,WikiPathways0028,"VEGFA-VEGFR2 pathway",GENE1793
WikiPathways,WikiPathways0028,"VEGFA-VEGFR2 pathway",GENE0091
WikiPathways,WikiPathways0028,"VEGFA-VEGFR2 pathway",GENE0059
WikiPathways,WikiPathways0028,"VEGFA-VEGFR2 pathway",GENE0603
WikiPathways,WikiPathways0028,"VEGFA-VEGFR2 pathway",GENE1112
WikiPathways,WikiPathways0028,"VEGFA-VEGFR2 pathway",GENE1982
WikiPathways,WikiPathways0028,"VEGFA-VEGFR2 pathway",GENE2057
WikiPathways,WikiPathways0028,"VEGFA-VEGFR2 pathway",GENE0977
WikiPathways,WikiPathways0028,"VEGFA-VEGFR2 pathway",GENE2463
WikiPathways,WikiPathways0028,"VEGFA-VEGFR2 pathway",GENE2087
WikiPathways,WikiPathways0028,"VEGFA-VEGFR2 pathway",GENE1752
WikiPathways,WikiPathways0028,"VEGFA-VEGFR2 pathway",GENE1508
WikiPathways,WikiPathways0028,"VEGFA-VEGFR2 pathway",GENE2086
WikiPathways,WikiPathways0029,"Inflammatory Response Pathway",GENE2185
WikiPathways,WikiPathways0029,"Inflammatory Response Pathway",GENE2931
WikiPathways,WikiPathways0029,"Inflammatory Response Pathway",GENE2943
WikiPathways,WikiPathways0029,"Inflammatory Response Pathway",GENE0439
WikiPathways,WikiPathways0029,"Inflammatory Response Pathway",GENE1786
WikiPathways,WikiPathways0029,"Inflammatory Response Pathway",GENE1460
WikiPathways,WikiPathways0029,"Inflammatory Response Pathway",GENE1866
WikiPathways,WikiPathways0029,"Inflammatory Response Pathway",GENE2948
WikiPathways,WikiPathways0029,"Inflammatory Response Pathway",GENE2677
WikiPathways,WikiPathways0029,"Inflammatory Response Pathway",GENE0671
WikiPathways,WikiPathways0029,"Inflammatory Response Pathway",GENE2310
WikiPathways,WikiPathways0029,"Inflammatory Response Pathway",GENE2195
WikiPathways,WikiPathways0029,"Inflammatory Response Pathway",GENE2715
WikiPathways,WikiPathways0029,"Inflammatory Response Pathway",GENE1222
WikiPathways,WikiPathways0029,"Inflammatory Response Pathway",GENE2302
WikiPathways,WikiPathways0029,"Inflammatory Response Pathway",GENE0870
WikiPathways,WikiPathways0029,"Inflammatory Response Pathway",GENE1587
WikiPathways,WikiPathways0029,"Inflammatory Response Pathway",GENE1436
WikiPathways,WikiPathways0029,"Inflammatory Response Pathway",GENE1456
WikiPathways,WikiPathways0029,"Inflammatory Response Pathway",GENE2796
WikiPathways,WikiPathways0029,"Inflammatory Response Pathway",GENE0126
WikiPathways,WikiPathways0029,"Inflammatory Response Pathway",GENE2733
WikiPathways,WikiPathways0029,"Inflammatory Response Pathway",GENE1850
WikiPathways,WikiPathways0029,"Inflammatory Response Pathway",GENE0592
WikiPathways,WikiPathways0029,"Inflammatory Response Pathway",GENE0653
WikiPathways,WikiPathways0029,"Inflammatory Response Pathway",GENE1179
WikiPathways,WikiPathways0029,"Inflammatory Response Pathway",GENE2915
WikiPathways,WikiPathways0029,"Inflammatory Response Pathway",GENE2717
WikiPathways,WikiPathways0029,"Inflammatory Response Pathway",GENE2575
WikiPathways,WikiPathways0029,"Inflammatory Response Pathway",GENE2480
WikiPathways,WikiPathways0029,"Inflammatory Response Pathway",GENE2329
WikiPathways,WikiPathways0029,"Inflammatory Response Pathway",GENE1107
WikiPathways,WikiPathways0029,"Inflammatory Response Pathway",GENE0245
WikiPathways,WikiPathways0029,"Inflammatory Response Pathway",GENE0766
WikiPathways,WikiPathways0029,"Inflammatory Response Pathway",GENE0386
WikiPathways,WikiPathways0029,"Inflammatory Response Pathway",GENE2045
WikiPathways,WikiPathways0029,"Inflammatory Response Pathway",GENE0731
WikiPathways,WikiPathways0029,"Inflammatory Response Pathway",GENE2910
WikiPathways,WikiPathways0029,"Inflammatory Response Pathway",GENE0567
WikiPathways,WikiPathways0029,"Inflammatory Response Pathway",GENE1757
WikiPathways,WikiPathways0029,"Inflammatory Response Pathway",GENE2687
WikiPathways,WikiPathways0029,"Inflammatory Response Pathway",GENE1928
WikiPathways,WikiPathways0029,"Inflammatory Response Pathway",GENE0314
WikiPathways,WikiPathways0029,"Inflammatory Response Pathway",GENE0538
WikiPathways,WikiPathways0029,"Inflammatory Response Pathway",GENE2722
WikiPathways,WikiPathways0029,"Inflammatory Response Pathway",GENE1711
WikiPathways,WikiPathways0029,"Inflammatory Response Pathway",GENE2601
WikiPathways,WikiPathways0029,"Inflammatory Response Pathway",GENE1955
WikiPathways,WikiPathways0029,"Inflammatory Response Pathway",GENE0737
WikiPathways,WikiPathways0029,"Inflammatory Response Pathway",GENE2896
WikiPathways,WikiPathways0029,"Inflammatory Response Pathway",GENE1488
WikiPathways,WikiPathways0029,"Inflammatory Response Pathway",GENE2532
WikiPathways,WikiPathways0029,"Inflammatory Response Pathway",GENE0207
WikiPathways,WikiPathways0029,"Inflammatory Response Pathway",GENE1864
WikiPathways,WikiPathways0029,"Inflammatory Response Pathway",GENE0470
WikiPathways,WikiPathways0029,"Inflammatory Response Pathway",GENE0757
WikiPathways,WikiPathways0029,"Inflammatory Response Pathway",GENE2919
WikiPathways,WikiPathways0029,"Inflammatory Response Pathway",GENE1738
WikiPathways,WikiPathways0029,"Inflammatory Response Pathway",GENE1968
WikiPathways,WikiPathways0029,"Inflammatory Response Pathway",GENE1035
WikiPathways,WikiPathways0029,"Inflammatory Response Pathway",GENE0885
WikiPathways,WikiPathways0029,"Inflammatory Response Pathway",GENE1259
WikiPathways,WikiPathways0029,"Inflammatory Response Pathway",GENE1021
WikiPathways,WikiPathways0029,"Inflammatory Response Pathway",GENE1196
WikiPathways,WikiPathways0029,"Inflammatory Response Pathway",GENE1569
WikiPathways,WikiPathways0029,"Inflammatory Response Pathway",GENE0381
WikiPathways,WikiPathways0029,"Inflammatory Response Pathway",GENE1505
WikiPathways,WikiPathways0029,"Inflammatory Response Pathway",GENE1306
WikiPathways,WikiPathways0029,"Inflammatory Response Pathway",GENE1740
WikiPathways,WikiPathways0029,"Inflammatory Response Pathway",GENE1278
WikiPathways,WikiPathways0029,"Inflammatory Response Pathway",GENE1094
WikiPathways,WikiPathways0029,"Inflammatory Response Pathway",GENE0488
WikiPathways,WikiPathways0029,"Inflammatory Response Pathway",GENE2472
WikiPathways,WikiPathways0029,"Inflammatory Response Pathway",GENE0476
WikiPathways,WikiPathways0029,"Inflammatory Response Pathway",GENE0659
WikiPathways,WikiPathways0029,"Inflammatory Response Pathway",GENE0970
WikiPathways,WikiPathways0029,"Inflammatory Response Pathway",GENE0074
WikiPathways,WikiPathways0029,"Inflammatory Response Pathway",GENE2196
WikiPathways,WikiPathways0029,"Inflammatory Response Pathway",GENE0385
WikiPathways,WikiPathways0029,"Inflammatory Response Pathway",GENE0383
WikiPathways,WikiPathways0029,"Inflammatory Response Pathway",GENE2321
WikiPathways,WikiPathways0029,"Inflammatory Response Pathway",GENE2648
WikiPathways,WikiPathways0029,"Inflammatory Response Pathway",GENE1238
WikiPathways,WikiPathways0029,"Inflammatory Response Pathway",GENE2376
WikiPathways,WikiPathways0029,"Inflammatory Response Pathway",GENE2470
WikiPathways,WikiPathways0029,"Inflammatory Response Pathway",GENE1328
WikiPathways,WikiPathways0029,"Inflammatory Response Pathway",GENE2535
WikiPathways,WikiPathways0029,"Inflammatory Response Pathway",GENE1598
WikiPathways,WikiPathways0029,"Inflammatory Response Pathway",GENE1190
WikiPathways,WikiPathways0029,"Inflammatory Response Pathway",GENE2088
WikiPathways,WikiPathways0029,"Inflammatory Response Pathway",GENE0250
WikiPathways,WikiPathways0029,"Inflammatory Response Pathway",GENE2845
WikiPathways,WikiPathways0029,"Inflammatory Response Pathway",GENE2576
WikiPathways,WikiPathways0029,"Inflammatory Response Pathway",GENE0380
WikiPathways,WikiPathways0029,"Inflammatory Response Pathway",GENE2395
WikiPathways,WikiPathways0029,"Inflammatory Response Pathway",GENE1697
WikiPathways,WikiPathways0029,"Inflammatory Response Pathway",GENE1990
WikiPathways,WikiPathways0029,"Inflammatory Response Pathway",GENE0591
WikiPathways,WikiPathways0029,"Inflammatory Response Pathway",GENE0327
WikiPathways,WikiPathways0029,"Inflammatory Response Pathway",GENE0752
WikiPathways,WikiPathways0029,"Inflammatory Response Pathway",GENE1907
WikiPathways,WikiPathways0029,"Inflammatory Response Pathway",GENE2975
WikiPathways,WikiPathways0029,"Inflammatory Response Pathway",GENE2408
WikiPathways,WikiPathways0029,"Inflammatory Response Pathway",GENE2011
WikiPathways,WikiPathways0029,"Inflammatory Response Pathway",GENE1762
WikiPathways,WikiPathways0029,"Inflammatory Response Pathway",GENE2504
WikiPathways,WikiPathways0029,"Inflammatory Response Pathway",GENE0575
WikiPathways,WikiPathways0029,"Inflammatory Response Pathway",GENE0424
WikiPathways,WikiPathways0029,"Inflammatory Response Pathway",GENE3000
WikiPathways,WikiPathways0029,"Inflammatory Response Pathway",GENE1237
WikiPathways,WikiPathways0029,"Inflammatory Response Pathway",GENE1879
WikiPathways,WikiPathways0029,"Inflammatory Response Pathway",GENE2641
WikiPathways,WikiPathways0029,"Inflammatory Response Pathway",GENE0099
WikiPathways,WikiPathways0029,"Inflammatory Response Pathway",GENE0935
WikiPathways,WikiPathways0029,"Inflammatory Response Pathway",GENE0041
WikiPathways,WikiPathways0029,"Inflammatory Response Pathway",GENE0880
WikiPathways,WikiPathways0029,"Inflammatory Response Pathway",GENE1868
WikiPathways,WikiPathways0029,"Inflammatory Response Pathway",GENE2968
WikiPathways,WikiPathways0029,"Inflammatory Response Pathway",GENE1431
WikiPathways,WikiPathways0029,"Inflammatory Response Pathway",GENE0693
WikiPathways,WikiPathways0029,"Inflammatory Response Pathway",GENE0300
WikiPathways,WikiPathways0029,"Inflammatory Response Pathway",GENE1023
WikiPathways,WikiPathways0029,"Inflammatory Response Pathway",GENE1970
WikiPathways,WikiPathways0029,"Inflammatory Response Pathway",GENE0957
WikiPathways,WikiPathways0029,"Inflammatory Response Pathway",GENE1010
WikiPathways,WikiPathways0029,"Inflammatory Response Pathway",GENE2826
WikiPathways,WikiPathways0029,"Inflammatory Response Pathway",GENE1927
WikiPathways,WikiPathways0029,"Inflammatory Response Pathway",GENE0101
WikiPathways,WikiPathways0029,"Inflammatory Response Pathway",GENE0392
WikiPathways,WikiPathways0029,"Inflammatory Response Pathway",GENE0437
WikiPathways,WikiPathways0029,"Inflammatory Response Pathway",GENE0860
WikiPathways,WikiPathways0029,"Inflammatory Response Pathway",GENE1405
WikiPathways,WikiPathways0029,"Inflammatory Response Pathway",GENE1672
WikiPathways,WikiPathways0029,"Inflammatory Response Pathway",GENE0937
WikiPathways,WikiPathways0029,"Inflammatory Response Pathway",GENE1914
WikiPathways,WikiPathways0029,"Inflammatory Response Pathway",GENE0254
WikiPathways,WikiPathways0029,"Inflammatory Response Pathway",GENE2501
WikiPathways,WikiPathways0029,"Inflammatory Response Pathway",GENE0338
WikiPathways,WikiPathways0029,"Inflammatory Response Pathway",GENE0329
WikiPathways,WikiPathways0029,"Inflammatory Response Pathway",GENE1286
WikiPathways,WikiPathways0029,"Inflammatory Response Pathway",GENE0694
WikiPathways,WikiPathways0029,"Inflammatory Response Pathway",GENE1794
WikiPathways,WikiPathways0029,"Inflammatory Response Pathway",GENE1749
WikiPathways,WikiPathways0029,"Inflammatory Response Pathway",GENE2807
GSEA:H,GSEAH0030,"HALLMARK_TNFA_SIGNALING_VIA_NFKB",GENE0774
GSEA:H,GSEAH0030,"HALLMARK_TNFA_SIGNALING_VIA_NFKB",GENE2641
GSEA:H,GSEAH0030,"HALLMARK_TNFA_SIGNALING_VIA_NFKB",GENE2897
GSEA:H,GSEAH0030,"HALLMARK_TNFA_SIGNALING_VIA_NFKB",GENE2899
GSEA:H,GSEAH0030,"HALLMARK_TNFA_SIGNALING_VIA_NFKB",GENE1451
GSEA:H,GSEAH0030,"HALLMARK_TNFA_SIGNALING_VIA_NFKB",GENE1648
GSEA:H,GSEAH0030,"HALLMARK_TNFA_SIGNALING_VIA_NFKB",GENE0642
GSEA:H,GSEAH0030,"HALLMARK_TNFA_SIGNALING_VIA_NFKB",GENE1731
GSEA:H,GSEAH0030,"HALLMARK_TNFA_SIGNALING_VIA_NFKB",GENE0836
GSEA:H,GSEAH0030,"HALLMARK_TNFA_SIGNALING_VIA_NFKB",GENE2344
GSEA:H,GSEAH0030,"HALLMARK_TNFA_SIGNALING_VIA_NFKB",GENE1583
GSEA:H,GSEAH0030,"HALLMARK_TNFA_SIGNALING_VIA_NFKB",GENE0333
GSEA:H,GSEAH0030,"HALLMARK_TNFA_SIGNALING_VIA_NFKB",GENE2824
GSEA:H,GSEAH0030,"HALLMARK_TNFA_SIGNALING_VIA_NFKB",GENE0418
GSEA:H,GSEAH0030,"HALLMARK_TNFA_SIGNALING_VIA_NFKB",GENE2488
GSEA:H,GSEAH0030,"HALLMARK_TNFA_SIGNALING_VIA_NFKB",GENE1179
GSEA:H,GSEAH0030,"HALLMARK_TNFA_SIGNALING_VIA_NFKB",GENE2931
GSEA:H,GSEAH0030,"HALLMARK_TNFA_SIGNALING_VIA_NFKB",GENE2820
GSEA:H,GSEAH0030,"HALLMARK_TNFA_SIGNALING_VIA_NFKB",GENE1758
GSEA:H,GSEAH0030,"HALLMARK_TNFA_SIGNALING_VIA_NFKB",GENE2143
GSEA:H,GSEAH0030,"HALLMARK_TNFA_SIGNALING_VIA_NFKB",GENE1374
GSEA:H,GSEAH0030,"HALLMARK_TNFA_SIGNALING_VIA_NFKB",GENE1748
GSEA:H,GSEAH0030,"HALLMARK_TNFA_SIGNALING_VIA_NFKB",GENE1782
GSEA:H,GSEAH0030,"HALLMARK_TNFA_SIGNALING_VIA_NFKB",GENE1295
GSEA:H,GSEAH0030,"HALLMARK_TNFA_SIGNALING_VIA_NFKB",GENE2680
GSEA:H,GSEAH0030,"HALLMARK_TNFA_SIGNALING_VIA_NFKB",GENE2195
GSEA:H,GSEAH0030,"HALLMARK_TNFA_SIGNALING_VIA_NFKB",GENE0318
GSEA:H,GSEAH0030,"HALLMARK_TNFA_SIGNALING_VIA_NFKB",GENE1902
GSEA:H,GSEAH0030,"HALLMARK_TNFA_SIGNALING_VIA_NFKB",GENE1660
GSEA:H,GSEAH0030,"HALLMARK_TNFA_SIGNALING_VIA_NFKB",GENE1408
GSEA:H,GSEAH0030,"HALLMARK_TNFA_SIGNALING_VIA_NFKB",GENE1464
GSEA:H,GSEAH0030,"HALLMARK_TNFA_SIGNALING_VIA_NFKB",GENE0942
GSEA:H,GSEAH0030,"HALLMARK_TNFA_SIGNALING_VIA_NFKB",GENE0118
GSEA:H,GSEAH0030,"HALLMARK_TNFA_SIGNALING_VIA_NFKB",GENE1062
GSEA:H,GSEAH0030,"HALLMARK_TNFA_SIGNALING_VIA_NFKB",GENE0707
GSEA:H,GSEAH0030,"HALLMARK_TNFA_SIGNALING_VIA_NFKB",GENE1254
GSEA:H,GSEAH0030,"HALLMARK_TNFA_SIGNALING_VIA_NFKB",GENE0283
GSEA:H,GSEAH0030,"HALLMARK_TNFA_SIGNALING_VIA_NFKB",GENE1771
GSEA:H,GSEAH0030,"HALLMARK_TNFA_SIGNALING_VIA_NFKB",GENE1463
GSEA:H,GSEAH0030,"HALLMARK_TNFA_SIGNALING_VIA_NFKB",GENE0485
GSEA:H,GSEAH0030,"HALLMARK_TNFA_SIGNALING_VIA_NFKB",GENE2440
GSEA:H,GSEAH0030,"HALLMARK_TNFA_SIGNALING_VIA_NFKB",GENE0066
GSEA:H,GSEAH0030,"HALLMARK_TNFA_SIGNALING_VIA_NFKB",GENE1222
GSEA:H,GSEAH0030,"HALLMARK_TNFA_SIGNALING_VIA_NFKB",GENE0147
GSEA:H,GSEAH0030,"HALLMARK_TNFA_SIGNALING_VIA_NFKB",GENE0153
GSEA:H,GSEAH0030,"HALLMARK_TNFA_SIGNALING_VIA_NFKB",GENE1923
GSEA:H,GSEAH0030,"HALLMARK_TNFA_SIGNALING_VIA_NFKB",GENE2703
GSEA:H,GSEAH0030,"HALLMARK_TNFA_SIGNALING_VIA_NFKB",GENE0464
GSEA:H,GSEAH0030,"HALLMARK_TNFA_SIGNALING_VIA_NFKB",GENE0557
GSEA:H,GSEAH0030,"HALLMARK_TNFA_SIGNALING_VIA_NFKB",GENE2685
GSEA:H,GSEAH0030,"HALLMARK_TNFA_SIGNALING_VIA_NFKB",GENE1820
GSEA:H,GSEAH0030,"HALLMARK_TNFA_SIGNALING_VIA_NFKB",GENE1473
GSEA:H,GSEAH0030,"HALLMARK_TNFA_SIGNALING_VIA_NFKB",GENE1786
GSEA:H,GSEAH0030,"HALLMARK_TNFA_SIGNALING_VIA_NFKB",GENE0555
GSEA:H,GSEAH0030,"HALLMARK_TNFA_SIGNALING_VIA_NFKB",GENE1672
GSEA:H,GSEAH0030,"HALLMARK_TNFA_SIGNALING_VIA_NFKB",GENE1337
GSEA:H,GSEAH0030,"HALLMARK_TNFA_SIGNALING_VIA_NFKB",GENE2869
GSEA:H,GSEAH0030,"HALLMARK_TNFA_SIGNALING_VIA_NFKB",GENE0194
GSEA:H,GSEAH0030,"HALLMARK_TNFA_SIGNALING_VIA_NFKB",GENE2307
GSEA:H,GSEAH0030,"HALLMARK_TNFA_SIGNALING_VIA_NFKB",GENE1350
GSEA:H,GSEAH0030,"HALLMARK_TNFA_SIGNALING_VIA_NFKB",GENE0195
GSEA:H,GSEAH0030,"HALLMARK_TNFA_SIGNALING_VIA_NFKB",GENE1930
GSEA:H,GSEAH0030,"HALLMARK_TNFA_SIGNALING_VIA_NFKB",GENE1518
GSEA:H,GSEAH0030,"HALLMARK_TNFA_SIGNALING_VIA_NFKB",GENE1669
GSEA:H,GSEAH0030,"HALLMARK_TNFA_SIGNALING_VIA_NFKB",GENE2849
GSEA:H,GSEAH0030,"HALLMARK_TNFA_SIGNALING_VIA_NFKB",GENE1957
GSEA:H,GSEAH0030,"HALLMARK_TNFA_SIGNALING_VIA_NFKB",GENE1239
GSEA:H,GSEAH0030,"HALLMARK_TNFA_SIGNALING_VIA_NFKB",GENE1381
GSEA:H,GSEAH0030,"HALLMARK_TNFA_SIGNALING_VIA_NFKB",GENE0431
GSEA:H,GSEAH0030,"HALLMARK_TNFA_SIGNALING_VIA_NFKB",GENE1199
GSEA:H,GSEAH0030,"HALLMARK_TNFA_SIGNALING_VIA_NFKB",GENE0636
GSEA:H,GSEAH0030,"HALLMARK_TNFA_SIGNALING_VIA_NFKB",GENE2600
GSEA:H,GSEAH0030,"HALLMARK_TNFA_SIGNALING_VIA_NFKB",GENE1874
GSEA:H,GSEAH0030,"HALLMARK_TNFA_SIGNALING_VIA_NFKB",GENE1193
GSEA:H,GSEAH0030,"HALLMARK_TNFA_SIGNALING_VIA_NFKB",GENE2994
GSEA:H,GSEAH0030,"HALLMARK_TNFA_SIGNALING_VIA_NFKB",GENE1841
GSEA:H,GSEAH0030,"HALLMARK_TNFA_SIGNALING_VIA_NFKB",GENE2155
GSEA:H,GSEAH0030,"HALLMARK_TNFA_SIGNALING_VIA_NFKB",GENE0337
GSEA:H,GSEAH0030,"HALLMARK_TNFA_SIGNALING_VIA_NFKB",GENE1780
GSEA:H,GSEAH0030,"HALLMARK_TNFA_SIGNALING_VIA_NFKB",GENE0781
GSEA:H,GSEAH0030,"HALLMARK_TNFA_SIGNALING_VIA_NFKB",GENE0673
GSEA:H,GSEAH0030,"HALLMARK_TNFA_SIGNALING_VIA_NFKB",GENE2257
GSEA:H,GSEAH0030,"HALLMARK_TNFA_SIGNALING_VIA_NFKB",GENE1937
GSEA:H,GSEAH0030,"HALLMARK_TNFA_SIGNALING_VIA_NFKB",GENE0832
GSEA:H,GSEAH0030,"HALLMARK_TNFA_SIGNALING_VIA_NFKB",GENE0051
GSEA:H,GSEAH0030,"HALLMARK_TNFA_SIGNALING_VIA_NFKB",GENE1607
GSEA:H,GSEAH0030,"HALLMARK_TNFA_SIGNALING_VIA_NFKB",GENE1343
GSEA:H,GSEAH0030,"HALLMARK_TNFA_SIGNALING_VIA_NFKB",GENE0400
GSEA:H,GSEAH0030,"HALLMARK_TNFA_SIGNALING_VIA_NFKB",GENE2667
GSEA:H,GSEAH0030,"HALLMARK_TNFA_SIGNALING_VIA_NFKB",GENE2857
GSEA:H,GSEAH0030,"HALLMARK_TNFA_SIGNALING_VIA_NFKB",GENE1096
GSEA:H,GSEAH0030,"HALLMARK_TNFA_SIGNALING_VIA_NFKB",GENE1665
GSEA:H,GSEAH0030,"HALLMARK_TNFA_SIGNALING_VIA_NFKB",GENE1873
GSEA:H,GSEAH0030,"HALLMARK_TNFA_SIGNALING_VIA_NFKB",GENE1701
GSEA:H,GSEAH0030,"HALLMARK_TNFA_SIGNALING_VIA_NFKB",GENE1893
GSEA:H,GSEAH0030,"HALLMARK_TNFA_SIGNALING_VIA_NFKB",GENE2930
GSEA:H,GSEAH0030,"HALLMARK_TNFA_SIGNALING_VIA_NFKB",GENE1163
GSEA:H,GSEAH0030,"HALLMARK_TNFA_SIGNALING_VIA_NFKB",GENE1924
GSEA:H,GSEAH0030,"HALLMARK_TNFA_SIGNALING_VIA_NFKB",GENE0844
GSEA:H,GSEAH0030,"HALLMARK_TNFA_SIGNALING_VIA_NFKB",GENE0042
GSEA:H,GSEAH0030,"HALLMARK_TNFA_SIGNALING_VIA_NFKB",GENE2942
GSEA:H,GSEAH0030,"HALLMARK_TNFA_SIGNALING_VIA_NFKB",GENE2403
GSEA:H,GSEAH0030,"HALLMARK_TNFA_SIGNALING_VIA_NFKB",GENE0332
GSEA:H,GSEAH0030,"HALLMARK_TNFA_SIGNALING_VIA_NFKB",GENE1457
GSEA:H,GSEAH0030,"HALLMARK_TNFA_SIGNALING_VIA_NFKB",GENE1006
GSEA:H,GSEAH0030,"HALLMARK_TNFA_SIGNALING_VIA_NFKB",GENE1829
GSEA:H,GSEAH0030,"HALLMARK_TNFA_SIGNALING_VIA_NFKB",GENE2663
GSEA:H,GSEAH0030,"HALLMARK_TNFA_SIGNALING_VIA_NFKB",GENE2705
GSEA:H,GSEAH0030,"HALLMARK_TNFA_SIGNALING_VIA_NFKB",GENE0965
GSEA:H,GSEAH0030,"HALLMARK_TNFA_SIGNALING_VIA_NFKB",GENE2711
GSEA:H,GSEAH0030,"HALLMARK_TNFA_SIGNALING_VIA_NFKB",GENE0145
GSEA:H,GSEAH0030,"HALLMARK_TNFA_SIGNALING_VIA_NFKB",GENE0997
GSEA:H,GSEAH0030,"HALLMARK_TNFA_SIGNALING_VIA_NFKB",GENE0317
GSEA:H,GSEAH0030,"HALLMARK_TNFA_SIGNALING_VIA_NFKB",GENE1281
GSEA:H,GSEAH0030,"HALLMARK_TNFA_SIGNALING_VIA_NFKB",GENE2736
GSEA:H,GSEAH0030,"HALLMARK_TNFA_SIGNALING_VIA_NFKB",GENE1413
GSEA:H,GSEAH0030,"HALLMARK_TNFA_SIGNALING_VIA_NFKB",GENE2760
GSEA:H,GSEAH0030,"HALLMARK_TNFA_SIGNALING_VIA_NFKB",GENE0583
GSEA:H,GSEAH0030,"HALLMARK_TNFA_SIGNALING_VIA_NFKB",GENE1384
GSEA:H,GSEAH0030,"HALLMARK_TNFA_SIGNALING_VIA_NFKB",GENE2340
GSEA:H,GSEAH0030,"HALLMARK_TNFA_SIGNALING_VIA_NFKB",GENE2117
GSEA:H,GSEAH0030,"HALLMARK_TNFA_SIGNALING_VIA_NFKB",GENE1447
GSEA:H,GSEAH0030,"HALLMARK_TNFA_SIGNALING_VIA_NFKB",GENE1230
GSEA:H,GSEAH0030,"HALLMARK_TNFA_SIGNALING_VIA_NFKB",GENE0822
GSEA:H,GSEAH0030,"HALLMARK_TNFA_SIGNALING_VIA_NFKB",GENE1137
GSEA:H,GSEAH0030,"HALLMARK_TNFA_SIGNALING_VIA_NFKB",GENE2794
GSEA:H,GSEAH0030,"HALLMARK_TNFA_SIGNALING_VIA_NFKB",GENE2212
GSEA:H,GSEAH0030,"HALLMARK_TNFA_SIGNALING_VIA_NFKB",GENE0342
GSEA:H,GSEAH0030,"HALLMARK_TNFA_SIGNALING_VIA_NFKB",GENE2910
GSEA:H,GSEAH0030,"HALLMARK_TNFA_SIGNALING_VIA_NFKB",GENE0585
GSEA:H,GSEAH0030,"HALLMARK_TNFA_SIGNALING_VIA_NFKB",GENE1729
GSEA:H,GSEAH0030,"HALLMARK_TNFA_SIGNALING_VIA_NFKB",GENE1323
GSEA:H,GSEAH0030,"HALLMARK_TNFA_SIGNALING_VIA_NFKB",GENE2739
GSEA:H,GSEAH0030,"HALLMARK_TNFA_SIGNALING_VIA_NFKB",GENE0141
GSEA:H,GSEAH0030,"HALLMARK_TNFA_SIGNALING_VIA_NFKB",GENE1544
GSEA:H,GSEAH0030,"HALLMARK_TNFA_SIGNALING_VIA_NFKB",GENE1956
GSEA:H,GSEAH0030,"HALLMARK_TNFA_SIGNALING_VIA_NFKB",GENE0752
GSEA:H,GSEAH0030,"HALLMARK_TNFA_SIGNALING_VIA_NFKB",GENE2148
GSEA:H,GSEAH0030,"HALLMARK_TNFA_SIGNALING_VIA_NFKB",GENE2124
GSEA:H,GSEAH0030,"HALLMARK_TNFA_SIGNALING_VIA_NFKB",GENE1449
GSEA:H,GSEAH0030,"HALLMARK_TNFA_SIGNALING_VIA_NFKB",GENE1553
GSEA:H,GSEAH0030,"HALLMARK_TNFA_SIGNALING_VIA_NFKB",GENE0184
GSEA:H,GSEAH0030,"HALLMARK_TNFA_SIGNALING_VIA_NFKB",GENE2254
GSEA:H,GSEAH0030,"HALLMARK_TNFA_SIGNALING_VIA_NFKB",GENE1792
GSEA:H,GSEAH0030,"HALLMARK_TNFA_SIGNALING_VIA_NFKB",GENE1212
GSEA:H,GSEAH0030,"HALLMARK_TNFA_SIGNALING_VIA_NFKB",GENE0819
GSEA:H,GSEAH0030,"HALLMARK_TNFA_SIGNALING_VIA_NFKB",GENE2779
GSEA:H,GSEAH0030,"HALLMARK_TNFA_SIGNALING_VIA_NFKB",GENE0840
GSEA:H,GSEAH0030,"HALLMARK_TNFA_SIGNALING_VIA_NFKB",GENE2170
GSEA:H,GSEAH0030,"HALLMARK_TNFA_SIGNALING_VIA_NFKB",GENE1233
GSEA:H,GSEAH0030,"HALLMARK_TNFA_SIGNALING_VIA_NFKB",GENE2279
GSEA:H,GSEAH0030,"HALLMARK_TNFA_SIGNALING_VIA_NFKB",GENE2011
GSEA:H,GSEAH0030,"HALLMARK_TNFA_SIGNALING_VIA_NFKB",GENE1204
GSEA:H,GSEAH0030,"HALLMARK_TNFA_SIGNALING_VIA_NFKB",GENE2668
GSEA:H,GSEAH0030,"HALLMARK_TNFA_SIGNALING_VIA_NFKB",GENE1109
GSEA:H,GSEAH0030,"HALLMARK_TNFA_SIGNALING_VIA_NFKB",GENE2891
GSEA:H,GSEAH0030,"HALLMARK_TNFA_SIGNALING_VIA_NFKB",GENE2541
GSEA:H,GSEAH0030,"HALLMARK_TNFA_SIGNALING_VIA_NFKB",GENE1188
GSEA:H,GSEAH0030,"HALLMARK_TNFA_SIGNALING_VIA_NFKB",GENE1695
GSEA:H,GSEAH0030,"HALLMARK_TNFA_SIGNALING_VIA_NFKB",GENE1313
GSEA:H,GSEAH0030,"HALLMARK_TNFA_SIGNALING_VIA_NFKB",GENE1853
GSEA:H,GSEAH0030,"HALLMARK_TNFA_SIGNALING_VIA_NFKB",GENE2819
GSEA:H,GSEAH0030,"HALLMARK_TNFA_SIGNALING_VIA_NFKB",GENE0363
GSEA:H,GSEAH0030,"HALLMARK_TNFA_SIGNALING_VIA_NFKB",GENE1635
GSEA:H,GSEAH0030,"HALLMARK_TNFA_SIGNALING_VIA_NFKB",GENE1277
GSEA:H,GSEAH0030,"HALLMARK_TNFA_SIGNALING_VIA_NFKB",GENE2509
GSEA:H,GSEAH0030,"HALLMARK_TNFA_SIGNALING_VIA_NFKB",GENE2706
GSEA:H,GSEAH0030,"HALLMARK_TNFA_SIGNALING_VIA_NFKB",GENE1865
GSEA:H,GSEAH0030,"HALLMARK_TNFA_SIGNALING_VIA_NFKB",GENE1487
GSEA:H,GSEAH0030,"HALLMARK_TNFA_SIGNALING_VIA_NFKB",GENE1195
GSEA:H,GSEAH0030,"HALLMARK_TNFA_SIGNALING_VIA_NFKB",GENE2295
GSEA:H,GSEAH0030,"HALLMARK_TNFA_SIGNALING_VIA_NFKB",GENE2166
GSEA:H,GSEAH0030,"HALLMARK_TNFA_SIGNALING_VIA_NFKB",GENE2007
GSEA:H,GSEAH0030,"HALLMARK_TNFA_SIGNALING_VIA_NFKB",GENE2039
GSEA:H,GSEAH0030,"HALLMARK_TNFA_SIGNALING_VIA_NFKB",GENE1063
GSEA:H,GSEAH0030,"HALLMARK_TNFA_SIGNALING_VIA_NFKB",GENE1749
GSEA:H,GSEAH0030,"HALLMARK_TNFA_SIGNALING_VIA_NFKB",GENE2659
GSEA:H,GSEAH0030,"HALLMARK_TNFA_SIGNALING_VIA_NFKB",GENE2530
GSEA:H,GSEAH0030,"HALLMARK_TNFA_SIGNALING_VIA_NFKB",GENE0133
GSEA:H,GSEAH0030,"HALLMARK_TNFA_SIGNALING_VIA_NFKB",GENE0972
GSEA:H,GSEAH0030,"HALLMARK_TNFA_SIGNALING_VIA_NFKB",GENE2984
GSEA:H,GSEAH0030,"HALLMARK_TNFA_SIGNALING_VIA_NFKB",GENE0952
GSEA:H,GSEAH0030,"HALLMARK_TNFA_SIGNALING_VIA_NFKB",GENE0087
GSEA:H,GSEAH0030,"HALLMARK_TNFA_SIGNALING_VIA_NFKB",GENE1460
GSEA:H,GSEAH0030,"HALLMARK_TNFA_SIGNALING_VIA_NFKB",GENE2889
GSEA:H,GSEAH0030,"HALLMARK_TNFA_SIGNALING_VIA_NFKB",GENE2939
GSEA:H,GSEAH0030,"HALLMARK_TNFA_SIGNALING_VIA_NFKB",GENE2085
GSEA:H,GSEAH0030,"HALLMARK_TNFA_SIGNALING_VIA_NFKB",GENE1793
GSEA:H,GSEAH0030,"HALLMARK_TNFA_SIGNALING_VIA_NFKB",GENE1387
GSEA:H,GSEAH0030,"HALLMARK_TNFA_SIGNALING_VIA_NFKB",GENE1215
GSEA:H,GSEAH0030,"HALLMARK_TNFA_SIGNALING_VIA_NFKB",GENE2402
GSEA:H,GSEAH0030,"HALLMARK_TNFA_SIGNALING_VIA_NFKB",GENE1211
GSEA:H,GSEAH0030,"HALLMARK_TNFA_SIGNALING_VIA_NFKB",GENE1369
GSEA:H,GSEAH0030,"HALLMARK_TNFA_SIGNALING_VIA_NFKB",GENE0694
GSEA:H,GSEAH0030,"HALLMARK_TNFA_SIGNALING_VIA_NFKB",GENE2872
GSEA:H,GSEAH0030,"HALLMARK_TNFA_SIGNALING_VIA_NFKB",GENE0417
GSEA:H,GSEAH0030,"HALLMARK_TNFA_SIGNALING_VIA_NFKB",GENE0723
GSEA:H,GSEAH0030,"HALLMARK_TNFA_SIGNALING_VIA_NFKB",GENE1706
GSEA:H,GSEAH0030,"HALLMARK_TNFA_SIGNALING_VIA_NFKB",GENE0564
GSEA:H,GSEAH0030,"HALLMARK_TNFA_SIGNALING_VIA_NFKB",GENE0408
GSEA:H,GSEAH0030,"HALLMARK_TNFA_SIGNALING_VIA_NFKB",GENE2288
GSEA:H,GSEAH0030,"HALLMARK_TNFA_SIGNALING_VIA_NFKB",GENE2168
GSEA:H,GSEAH0030,"HALLMARK_TNFA_SIGNALING_VIA_NFKB",GENE1546
GSEA:H,GSEAH0030,"HALLMARK_TNFA_SIGNALING_VIA_NFKB",GENE0857
GSEA:H,GSEAH0030,"HALLMARK_TNFA_SIGNALING_VIA_NFKB",GENE1220
GSEA:H,GSEAH0030,"HALLMARK_TNFA_SIGNALING_VIA_NFKB",GENE2036
GSEA:H,GSEAH0030,"HALLMARK_TNFA_SIGNALING_VIA_NFKB",GENE0412
GSEA:H,GSEAH0030,"HALLMARK_TNFA_SIGNALING_VIA_NFKB",GENE0763
GSEA:H,GSEAH0030,"HALLMARK_TNFA_SIGNALING_VIA_NFKB",GENE2390
GSEA:H,GSEAH0030,"HALLMARK_TNFA_SIGNALING_VIA_NFKB",GENE1584
GSEA:H,GSEAH0030,"HALLMARK_TNFA_SIGNALING_VIA_NFKB",GENE2983
GSEA:H,GSEAH0030,"HALLMARK_TNFA_SIGNALING_VIA_NFKB",GENE2225
GSEA:H,GSEAH0030,"HALLMARK_TNFA_SIGNALING_VIA_NFKB",GENE1047
GSEA:H,GSEAH0030,"HALLMARK_TNFA_SIGNALING_VIA_NFKB",GENE1248
GSEA:H,GSEAH0030,"HALLMARK_TNFA_SIGNALING_VIA_NFKB",GENE0604
GSEA:H,GSEAH0030,"HALLMARK_TNFA_SIGNALING_VIA_NFKB",GENE1143
GSEA:H,GSEAH0030,"HALLMARK_TNFA_SIGNALING_VIA_NFKB",GENE0126
GSEA:H,GSEAH0030,"HALLMARK_TNFA_SIGNALING_VIA_NFKB",GENE0415
GSEA:H,GSEAH0030,"HALLMARK_TNFA_SIGNALING_VIA_NFKB",GENE1177
GSEA:H,GSEAH0030,"HALLMARK_TNFA_SIGNALING_VIA_NFKB",GENE2758
GSEA:H,GSEAH0030,"HALLMARK_TNFA_SIGNALING_VIA_NFKB",GENE1042
GSEA:H,GSEAH0030,"HALLMARK_TNFA_SIGNALING_VIA_NFKB",GENE2598
GSEA:H,GSEAH0030,"HALLMARK_TNFA_SIGNALING_VIA_NFKB",GENE1113
GSEA:H,GSEAH0030,"HALLMARK_TNFA_SIGNALING_VIA_NFKB",GENE1217
GSEA:H,GSEAH0030,"HALLMARK_TNFA_SIGNALING_VIA_NFKB",GENE2191
GSEA:H,GSEAH0030,"HALLMARK_TNFA_SIGNALING_VIA_NFKB",GENE0278
GSEA:H,GSEAH0030,"HALLMARK_TNFA_SIGNALING_VIA_NFKB",GENE0939
GSEA:H,GSEAH0030,"HALLMARK_TNFA_SIGNALING_VIA_NFKB",GENE2890
GSEA:H,GSEAH0030,"HALLMARK_TNFA_SIGNALING_VIA_NFKB",GENE1692
GSEA:H,GSEAH0030,"HALLMARK_TNFA_SIGNALING_VIA_NFKB",GENE1330
GSEA:H,GSEAH0030,"HALLMARK_TNFA_SIGNALING_VIA_NFKB",GENE0157
GSEA:H,GSEAH0030,"HALLMARK_TNFA_SIGNALING_VIA_NFKB",GENE1144
GSEA:H,GSEAH0030,"HALLMARK_TNFA_SIGNALING_VIA_NFKB",GENE0653
GSEA:H,GSEAH0030,"HALLMARK_TNFA_SIGNALING_VIA_NFKB",GENE1504
GSEA:H,GSEAH0030,"HALLMARK_TNFA_SIGNALING_VIA_NFKB",GENE1667
GSEA:H,GSEAH0030,"HALLMARK_TNFA_SIGNALING_VIA_NFKB",SOD2
GSEA:H,GSEAH0030,"HALLMARK_TNFA_SIGNALING_VIA_NFKB",GENE0787
GSEA:H,GSEAH0030,"HALLMARK_TNFA_SIGNALING_VIA_NFKB",GENE2053
GSEA:H,GSEAH0030,"HALLMARK_TNFA_SIGNALING_VIA_NFKB",GENE1488
GSEA:H,GSEAH0030,"HALLMARK_TNFA_SIGNALING_VIA_NFKB",GENE2830
GSEA:H,GSEAH0030,"HALLMARK_TNFA_SIGNALING_VIA_NFKB",GENE2497
GSEA:H,GSEAH0030,"HALLMARK_TNFA_SIGNALING_VIA_NFKB",GENE0452
GSEA:H,GSEAH0030,"HALLMARK_TNFA_SIGNALING_VIA_NFKB",GENE1781
GSEA:H,GSEAH0030,"HALLMARK_TNFA_SIGNALING_VIA_NFKB",GENE0755
GSEA:H,GSEAH0030,"HALLMARK_TNFA_SIGNALING_VIA_NFKB",GENE2981
GSEA:H,GSEAH0030,"HALLMARK_TNFA_SIGNALING_VIA_NFKB",GENE2666
GSEA:H,GSEAH0030,"HALLMARK_TNFA_SIGNALING_VIA_NFKB",GENE1561
GSEA:H,GSEAH0030,"HALLMARK_TNFA_SIGNALING_VIA_NFKB",TNF
GSEA:H,GSEAH0030,"HALLMARK_TNFA_SIGNALING_VIA_NFKB",GENE2025
GSEA:H,GSEAH0030,"HALLMARK_TNFA_SIGNALING_VIA_NFKB",GENE0467
GSEA:H,GSEAH0030,"HALLMARK_TNFA_SIGNALING_VIA_NFKB",GENE2649
GSEA:H,GSEAH0030,"HALLMARK_TNFA_SIGNALING_VIA_NFKB",GENE1770
GSEA:H,GSEAH0030,"HALLMARK_TNFA_SIGNALING_VIA_NFKB",GENE1628
GSEA:H,GSEAH0030,"HALLMARK_TNFA_SIGNALING_VIA_NFKB",GENE0726
GSEA:H,GSEAH0030,"HALLMARK_TNFA_SIGNALING_VIA_NFKB",GENE1954
GSEA:H,GSEAH0030,"HALLMARK_TNFA_SIGNALING_VIA_NFKB",GENE2571
GSEA:H,GSEAH0030,"HALLMARK_TNFA_SIGNALING_VIA_NFKB",GENE1894
GSEA:H,GSEAH0030,"HALLMARK_TNFA_SIGNALING_VIA_NFKB",GENE0213
GSEA:H,GSEAH0030,"HALLMARK_TNFA_SIGNALING_VIA_NFKB",GENE1125
GSEA:H,GSEAH0030,"HALLMARK_TNFA_SIGNALING_VIA_NFKB",GENE2066
GSEA:H,GSEAH0030,"HALLMARK_TNFA_SIGNALING_VIA_NFKB",GENE2818
GSEA:H,GSEAH0030,"HALLMARK_TNFA_SIGNALING_VIA_NFKB",GENE2306
GSEA:H,GSEAH0030,"HALLMARK_TNFA_SIGNALING_VIA_NFKB",GENE0173
GSEA:H,GSEAH0030,"HALLMARK_TNFA_SIGNALING_VIA_NFKB",GENE1225
GSEA:H,GSEAH0030,"HALLMARK_TNFA_SIGNALING_VIA_NFKB",GENE1875
GSEA:H,GSEAH0030,"HALLMARK_TNFA_SIGNALING_VIA_NFKB",GENE1656
GSEA:H,GSEAH0030,"HALLMARK_TNFA_SIGNALING_VIA_NFKB",GENE1974
GSEA:H,GSEAH0030,"HALLMARK_TNFA_SIGNALING_VIA_NFKB",GENE2647
GSEA:H,GSEAH0030,"HALLMARK_TNFA_SIGNALING_VIA_NFKB",GENE0236
GSEA:H,GSEAH0030,"HALLMARK_TNFA_SIGNALING_VIA_NFKB",GENE2268
GSEA:H,GSEAH0030,"HALLMARK_TNFA_SIGNALING_VIA_NFKB",FOS
GSEA:H,GSEAH0030,"HALLMARK_TNFA_SIGNALING_VIA_NFKB",GENE0786
GSEA:H,GSEAH0030,"HALLMARK_TNFA_SIGNALING_VIA_NFKB",GENE2965
GSEA:H,GSEAH0030,"HALLMARK_TNFA_SIGNALING_VIA_NFKB",GENE2579
GSEA:H,GSEAH0030,"HALLMARK_TNFA_SIGNALING_VIA_NFKB",GENE2859
GSEA:H,GSEAH0030,"HALLMARK_TNFA_SIGNALING_VIA_NFKB",GENE1438
GSEA:H,GSEAH0030,"HALLMARK_TNFA_SIGNALING_VIA_NFKB",GENE0470
GSEA:H,GSEAH0030,"HALLMARK_TNFA_SIGNALING_VIA_NFKB",GENE1847
GSEA:H,GSEAH0030,"HALLMARK_TNFA_SIGNALING_VIA_NFKB",GENE1852
GSEA:H,GSEAH0030,"HALLMARK_TNFA_SIGNALING_VIA_NFKB",GENE0220
GSEA:H,GSEAH0030,"HALLMARK_TNFA_SIGNALING_VIA_NFKB",GENE2114
GSEA:H,GSEAH0030,"HALLMARK_TNFA_SIGNALING_VIA_NFKB",GENE1702
GSEA:H,GSEAH0030,"HALLMARK_TNFA_SIGNALING_VIA_NFKB",GENE1445
GSEA:H,GSEAH0030,"HALLMARK_TNFA_SIGNALING_VIA_NFKB",GENE2223
GSEA:H,GSEAH0030,"HALLMARK_TNFA_SIGNALING_VIA_NFKB",GENE2651
GSEA:H,GSEAH0030,"HALLMARK_TNFA_SIGNALING_VIA_NFKB",GENE2157
GSEA:H,GSEAH0030,"HALLMARK_TNFA_SIGNALING_VIA_NFKB",GENE2359
GSEA:H,GSEAH0030,"HALLMARK_TNFA_SIGNALING_VIA_NFKB",GENE1728
GSEA:H,GSEAH0031,"HALLMARK_INFLAMMATORY_RESPONSE",GENE0612
GSEA:H,GSEAH0031,"HALLMARK_INFLAMMATORY_RESPONSE",GENE2437
GSEA:H,GSEAH0031,"HALLMARK_INFLAMMATORY_RESPONSE",GENE2072
GSEA:H,GSEAH0031,"HALLMARK_INFLAMMATORY_RESPONSE",GENE0404
GSEA:H,GSEAH0031,"HALLMARK_INFLAMMATORY_RESPONSE",GENE0968
GSEA:H,GSEAH0031,"HALLMARK_INFLAMMATORY_RESPONSE",GENE2612
GSEA:H,GSEAH0031,"HALLMARK_INFLAMMATORY_RESPONSE",GENE1546
GSEA:H,GSEAH0031,"HALLMARK_INFLAMMATORY_RESPONSE",GENE0628
GSEA:H,GSEAH0031,"HALLMARK_INFLAMMATORY_RESPONSE",GENE0613
GSEA:H,GSEAH0031,"HALLMARK_INFLAMMATORY_RESPONSE",GENE1758
GSEA:H,GSEAH0031,"HALLMARK_INFLAMMATORY_RESPONSE",GENE1755
GSEA:H,GSEAH0031,"HALLMARK_INFLAMMATORY_RESPONSE",GENE0871
GSEA:H,GSEAH0031,"HALLMARK_INFLAMMATORY_RESPONSE",GENE2375
GSEA:H,GSEAH0031,"HALLMARK_INFLAMMATORY_RESPONSE",GENE2926
GSEA:H,GSEAH0031,"HALLMARK_INFLAMMATORY_RESPONSE",GENE2901
GSEA:H,GSEAH0031,"HALLMARK_INFLAMMATORY_RESPONSE",GENE1081
GSEA:H,GSEAH0031,"HALLMARK_INFLAMMATORY_RESPONSE",GENE2702
GSEA:H,GSEAH0031,"HALLMARK_INFLAMMATORY_RESPONSE",GENE1964
GSEA:H,GSEAH0031,"HALLMARK_INFLAMMATORY_RESPONSE",GENE1351
GSEA:H,GSEAH0031,"HALLMARK_INFLAMMATORY_RESPONSE",GENE1877
GSEA:H,GSEAH0031,"HALLMARK_INFLAMMATORY_RESPONSE",GENE0515
GSEA:H,GSEAH0031,"HALLMARK_INFLAMMATORY_RESPONSE",GENE1477
GSEA:H,GSEAH0031,"HALLMARK_INFLAMMATORY_RESPONSE",GENE1771
GSEA:H,GSEAH0031,"HALLMARK_INFLAMMATORY_RESPONSE",GENE2062
GSEA:H,GSEAH0031,"HALLMARK_INFLAMMATORY_RESPONSE",GENE0547
GSEA:H,GSEAH0031,"HALLMARK_INFLAMMATORY_RESPONSE",GENE0855
GSEA:H,GSEAH0031,"HALLMARK_INFLAMMATORY_RESPONSE",GENE1310
GSEA:H,GSEAH0031,"HALLMARK_INFLAMMATORY_RESPONSE",GENE0642
GSEA:H,GSEAH0031,"HALLMARK_INFLAMMATORY_RESPONSE",GENE2897
GSEA:H,GSEAH0031,"HALLMARK_INFLAMMATORY_RESPONSE",GENE2924
GSEA:H,GSEAH0031,"HALLMARK_INFLAMMATORY_RESPONSE",GENE0670
GSEA:H,GSEAH0031,"HALLMARK_INFLAMMATORY_RESPONSE",GENE0382
GSEA:H,GSEAH0031,"HALLMARK_INFLAMMATORY_RESPONSE",GENE1163
GSEA:H,GSEAH0031,"HALLMARK_INFLAMMATORY_RESPONSE",GENE1988
GSEA:H,GSEAH0031,"HALLMARK_INFLAMMATORY_RESPONSE",GENE0318
GSEA:H,GSEAH0031,"HALLMARK_INFLAMMATORY_RESPONSE",GENE0707
GSEA:H,GSEAH0031,"HALLMARK_INFLAMMATORY_RESPONSE",GENE1859
GSEA:H,GSEAH0031,"HALLMARK_INFLAMMATORY_RESPONSE",GENE1660
GSEA:H,GSEAH0031,"HALLMARK_INFLAMMATORY_RESPONSE",GENE0478
GSEA:H,GSEAH0031,"HALLMARK_INFLAMMATORY_RESPONSE",GENE1204
GSEA:H,GSEAH0031,"HALLMARK_INFLAMMATORY_RESPONSE",GENE1424
GSEA:H,GSEAH0031,"HALLMARK_INFLAMMATORY_RESPONSE",GENE2820
GSEA:H,GSEAH0031,"HALLMARK_INFLAMMATORY_RESPONSE",GENE2778
GSEA:H,GSEAH0031,"HALLMARK_INFLAMMATORY_RESPONSE",GENE1941
GSEA:H,GSEAH0031,"HALLMARK_INFLAMMATORY_RESPONSE",GENE2752
GSEA:H,GSEAH0031,"HALLMARK_INFLAMMATORY_RESPONSE",GENE2014
GSEA:H,GSEAH0031,"HALLMARK_INFLAMMATORY_RESPONSE",GENE0195
GSEA:H,GSEAH0031,"HALLMARK_INFLAMMATORY_RESPONSE",GENE0356
GSEA:H,GSEAH0031,"HALLMARK_INFLAMMATORY_RESPONSE",GENE2680
GSEA:H,GSEAH0031,"HALLMARK_INFLAMMATORY_RESPONSE",GENE0120
GSEA:H,GSEAH0031,"HALLMARK_INFLAMMATORY_RESPONSE",GENE2405
GSEA:H,GSEAH0031,"HALLMARK_INFLAMMATORY_RESPONSE",GENE1741
GSEA:H,GSEAH0031,"HALLMARK_INFLAMMATORY_RESPONSE",GENE1748
GSEA:H,GSEAH0031,"HALLMARK_INFLAMMATORY_RESPONSE",GENE1970
GSEA:H,GSEAH0031,"HALLMARK_INFLAMMATORY_RESPONSE",GENE2210
GSEA:H,GSEAH0031,"HALLMARK_INFLAMMATORY_RESPONSE",GENE0905
GSEA:H,GSEAH0031,"HALLMARK_INFLAMMATORY_RESPONSE",GENE1825
GSEA:H,GSEAH0031,"HALLMARK_INFLAMMATORY_RESPONSE",GENE2355
GSEA:H,GSEAH0031,"HALLMARK_INFLAMMATORY_RESPONSE",GENE0623
GSEA:H,GSEAH0031,"HALLMARK_INFLAMMATORY_RESPONSE",GENE1937
GSEA:H,GSEAH0031,"HALLMARK_INFLAMMATORY_RESPONSE",GENE0291
GSEA:H,GSEAH0031,"HALLMARK_INFLAMMATORY_RESPONSE",GENE0208
GSEA:H,GSEAH0031,"HALLMARK_INFLAMMATORY_RESPONSE",GENE1986
GSEA:H,GSEAH0031,"HALLMARK_INFLAMMATORY_RESPONSE",GENE2075
GSEA:H,GSEAH0031,"HALLMARK_INFLAMMATORY_RESPONSE",GENE1332
GSEA:H,GSEAH0031,"HALLMARK_INFLAMMATORY_RESPONSE",GENE1166
GSEA:H,GSEAH0031,"HALLMARK_INFLAMMATORY_RESPONSE",GENE1798
GSEA:H,GSEAH0031,"HALLMARK_INFLAMMATORY_RESPONSE",GENE1030
GSEA:H,GSEAH0031,"HALLMARK_INFLAMMATORY_RESPONSE",GENE2192
GSEA:H,GSEAH0031,"HALLMARK_INFLAMMATORY_RESPONSE",GENE2124
GSEA:H,GSEAH0031,"HALLMARK_INFLAMMATORY_RESPONSE",GENE0054
GSEA:H,GSEAH0031,"HALLMARK_INFLAMMATORY_RESPONSE",GENE0609
GSEA:H,GSEAH0031,"HALLMARK_INFLAMMATORY_RESPONSE",VEGFA
GSEA:H,GSEAH0031,"HALLMARK_INFLAMMATORY_RESPONSE",GENE0712
GSEA:H,GSEAH0031,"HALLMARK_INFLAMMATORY_RESPONSE",GENE0284
GSEA:H,GSEAH0031,"HALLMARK_INFLAMMATORY_RESPONSE",GENE2434
GSEA:H,GSEAH0031,"HALLMARK_INFLAMMATORY_RESPONSE",GENE1738
GSEA:H,GSEAH0031,"HALLMARK_INFLAMMATORY_RESPONSE",GENE0437
GSEA:H,GSEAH0031,"HALLMARK_INFLAMMATORY_RESPONSE",GENE0821
GSEA:H,GSEAH0031,"HALLMARK_INFLAMMATORY_RESPONSE",GENE2269
GSEA:H,GSEAH0031,"HALLMARK_INFLAMMATORY_RESPONSE",GENE1572
GSEA:H,GSEAH0031,"HALLMARK_INFLAMMATORY_RESPONSE",GENE1720
GSEA:H,GSEAH0031,"HALLMARK_INFLAMMATORY_RESPONSE",GENE1169
GSEA:H,GSEAH0031,"HALLMARK_INFLAMMATORY_RESPONSE",GENE1487
GSEA:H,GSEAH0031,"HALLMARK_INFLAMMATORY_RESPONSE",GENE2581
GSEA:H,GSEAH0031,"HALLMARK_INFLAMMATORY_RESPONSE",GENE2796
GSEA:H,GSEAH0031,"HALLMARK_INFLAMMATORY_RESPONSE",GENE0483
GSEA:H,GSEAH0031,"HALLMARK_INFLAMMATORY_RESPONSE",GENE0299
GSEA:H,GSEAH0031,"HALLMARK_INFLAMMATORY_RESPONSE",GENE2163
GSEA:H,GSEAH0031,"HALLMARK_INFLAMMATORY_RESPONSE",GENE1122
GSEA:H,GSEAH0031,"HALLMARK_INFLAMMATORY_RESPONSE",GENE1435
GSEA:H,GSEAH0031,"HALLMARK_INFLAMMATORY_RESPONSE",GENE1047
GSEA:H,GSEAH0031,"HALLMARK_INFLAMMATORY_RESPONSE",GENE1193
GSEA:H,GSEAH0031,"HALLMARK_INFLAMMATORY_RESPONSE",GENE0540
GSEA:H,GSEAH0031,"HALLMARK_INFLAMMATORY_RESPONSE",GENE1057
GSEA:H,GSEAH0031,"HALLMARK_INFLAMMATORY_RESPONSE",GENE0377
GSEA:H,GSEAH0031,"HALLMARK_INFLAMMATORY_RESPONSE",GENE2206
GSEA:H,GSEAH0031,"HALLMARK_INFLAMMATORY_RESPONSE",GENE1908
GSEA:H,GSEAH0031,"HALLMARK_INFLAMMATORY_RESPONSE",GENE1889
GSEA:H,GSEAH0031,"HALLMARK_INFLAMMATORY_RESPONSE",GENE1907
GSEA:H,GSEAH0031,"HALLMARK_INFLAMMATORY_RESPONSE",GENE2645
GSEA:H,GSEAH0031,"HALLMARK_INFLAMMATORY_RESPONSE",GENE0466
GSEA:H,GSEAH0031,"HALLMARK_INFLAMMATORY_RESPONSE",GENE0687
GSEA:H,GSEAH0031,"HALLMARK_INFLAMMATORY_RESPONSE",GENE2273
GSEA:H,GSEAH0031,"HALLMARK_INFLAMMATORY_RESPONSE",GENE1390
GSEA:H,GSEAH0031,"HALLMARK_INFLAMMATORY_RESPONSE",GENE2902
GSEA:H,GSEAH0031,"HALLMARK_INFLAMMATORY_RESPONSE",GENE0142
GSEA:H,GSEAH0031,"HALLMARK_INFLAMMATORY_RESPONSE",GENE0282
GSEA:H,GSEAH0031,"HALLMARK_INFLAMMATORY_RESPONSE",FOS
GSEA:H,GSEAH0031,"HALLMARK_INFLAMMATORY_RESPONSE",GENE2250
GSEA:H,GSEAH0031,"HALLMARK_INFLAMMATORY_RESPONSE",GENE0572
GSEA:H,GSEAH0031,"HALLMARK_INFLAMMATORY_RESPONSE",GENE2697
GSEA:H,GSEAH0031,"HALLMARK_INFLAMMATORY_RESPONSE",GENE1784
GSEA:H,GSEAH0031,"HALLMARK_INFLAMMATORY_RESPONSE",GENE0735
GSEA:H,GSEAH0031,"HALLMARK_INFLAMMATORY_RESPONSE",GENE1656
GSEA:H,GSEAH0031,"HALLMARK_INFLAMMATORY_RESPONSE",GENE2534
GSEA:H,GSEAH0031,"HALLMARK_INFLAMMATORY_RESPONSE",GENE0594
GSEA:H,GSEAH0031,"HALLMARK_INFLAMMATORY_RESPONSE",GENE1054
GSEA:H,GSEAH0031,"HALLMARK_INFLAMMATORY_RESPONSE",GENE2666
GSEA:H,GSEAH0031,"HALLMARK_INFLAMMATORY_RESPONSE",GENE0079
GSEA:H,GSEAH0031,"HALLMARK_INFLAMMATORY_RESPONSE",GENE1040
GSEA:H,GSEAH0031,"HALLMARK_INFLAMMATORY_RESPONSE",GENE2068
GSEA:H,GSEAH0031,"HALLMARK_INFLAMMATORY_RESPONSE",GENE2770
GSEA:H,GSEAH0031,"HALLMARK_INFLAMMATORY_RESPONSE",GENE0118
GSEA:H,GSEAH0031,"HALLMARK_INFLAMMATORY_RESPONSE",GENE0655
GSEA:H,GSEAH0031,"HALLMARK_INFLAMMATORY_RESPONSE",GENE2321
GSEA:H,GSEAH0031,"HALLMARK_INFLAMMATORY_RESPONSE",GENE0875
GSEA:H,GSEAH0031,"HALLMARK_INFLAMMATORY_RESPONSE",GENE1790
GSEA:H,GSEAH0031,"HALLMARK_INFLAMMATORY_RESPONSE",GENE0210
GSEA:H,GSEAH0031,"HALLMARK_INFLAMMATORY_RESPONSE",GENE1049
GSEA:H,GSEAH0031,"HALLMARK_INFLAMMATORY_RESPONSE",GENE0638
GSEA:H,GSEAH0031,"HALLMARK_INFLAMMATORY_RESPONSE",IFNG
GSEA:H,GSEAH0031,"HALLMARK_INFLAMMATORY_RESPONSE",GENE2295
GSEA:H,GSEAH0031,"HALLMARK_INFLAMMATORY_RESPONSE",GENE0823
GSEA:H,GSEAH0031,"HALLMARK_INFLAMMATORY_RESPONSE",GENE1077
GSEA:H,GSEAH0031,"HALLMARK_INFLAMMATORY_RESPONSE",GENE1284
GSEA:H,GSEAH0031,"HALLMARK_INFLAMMATORY_RESPONSE",GENE0489
GSEA:H,GSEAH0031,"HALLMARK_INFLAMMATORY_RESPONSE",GENE2436
GSEA:H,GSEAH0031,"HALLMARK_INFLAMMATORY_RESPONSE",GENE1921
GSEA:H,GSEAH0031,"HALLMARK_INFLAMMATORY_RESPONSE",GENE2019
GSEA:H,GSEAH0031,"HALLMARK_INFLAMMATORY_RESPONSE",GENE1513
GSEA:H,GSEAH0031,"HALLMARK_INFLAMMATORY_RESPONSE",GENE0130
GSEA:H,GSEAH0031,"HALLMARK_INFLAMMATORY_RESPONSE",GENE1194
GSEA:H,GSEAH0031,"HALLMARK_INFLAMMATORY_RESPONSE",GENE1408
GSEA:H,GSEAH0031,"HALLMARK_INFLAMMATORY_RESPONSE",GENE1582
GSEA:H,GSEAH0031,"HALLMARK_INFLAMMATORY_RESPONSE",GENE1239
GSEA:H,GSEAH0031,"HALLMARK_INFLAMMATORY_RESPONSE",GENE2771
GSEA:H,GSEAH0031,"HALLMARK_INFLAMMATORY_RESPONSE",GENE2840
GSEA:H,GSEAH0031,"HALLMARK_INFLAMMATORY_RESPONSE",GENE1797
GSEA:H,GSEAH0031,"HALLMARK_INFLAMMATORY_RESPONSE",GENE2394
GSEA:H,GSEAH0031,"HALLMARK_INFLAMMATORY_RESPONSE",GENE0071
GSEA:H,GSEAH0031,"HALLMARK_INFLAMMATORY_RESPONSE",GENE2971
GSEA:H,GSEAH0031,"HALLMARK_INFLAMMATORY_RESPONSE",GENE1092
GSEA:H,GSEAH0031,"HALLMARK_INFLAMMATORY_RESPONSE",GENE2214
GSEA:H,GSEAH0031,"HALLMARK_INFLAMMATORY_RESPONSE",GENE0129
GSEA:H,GSEAH0031,"HALLMARK_INFLAMMATORY_RESPONSE",GENE0438
GSEA:H,GSEAH0031,"HALLMARK_INFLAMMATORY_RESPONSE",NFKB1
GSEA:H,GSEAH0031,"HALLMARK_INFLAMMATORY_RESPONSE",GENE1835
GSEA:H,GSEAH0031,"HALLMARK_INFLAMMATORY_RESPONSE",GENE0149
GSEA:H,GSEAH0031,"HALLMARK_INFLAMMATORY_RESPONSE",GENE2453
GSEA:H,GSEAH0031,"HALLMARK_INFLAMMATORY_RESPONSE",GENE2417
GSEA:H,GSEAH0031,"HALLMARK_INFLAMMATORY_RESPONSE",GENE0388
GSEA:H,GSEAH0031,"HALLMARK_INFLAMMATORY_RESPONSE",GENE1750
GSEA:H,GSEAH0031,"HALLMARK_INFLAMMATORY_RESPONSE",GENE2766
GSEA:H,GSEAH0031,"HALLMARK_INFLAMMATORY_RESPONSE",GENE1870
GSEA:H,GSEAH0031,"HALLMARK_INFLAMMATORY_RESPONSE",GENE2347
GSEA:H,GSEAH0031,"HALLMARK_INFLAMMATORY_RESPONSE",GENE2345
GSEA:H,GSEAH0031,"HALLMARK_INFLAMMATORY_RESPONSE",GENE1328
GSEA:H,GSEAH0031,"HALLMARK_INFLAMMATORY_RESPONSE",GENE1675
GSEA:H,GSEAH0031,"HALLMARK_INFLAMMATORY_RESPONSE",GENE0804
GSEA:H,GSEAH0031,"HALLMARK_INFLAMMATORY_RESPONSE",GENE2272
GSEA:H,GSEAH0031,"HALLMARK_INFLAMMATORY_RESPONSE",GENE1347
GSEA:H,GSEAH0031,"HALLMARK_INFLAMMATORY_RESPONSE",GENE0393
GSEA:H,GSEAH0031,"HALLMARK_INFLAMMATORY_RESPONSE",GENE2470
GSEA:H,GSEAH0031,"HALLMARK_INFLAMMATORY_RESPONSE",GENE0203
GSEA:H,GSEAH0031,"HALLMARK_INFLAMMATORY_RESPONSE",GENE2187
GSEA:H,GSEAH0031,"HALLMARK_INFLAMMATORY_RESPONSE",GENE0440
GSEA:H,GSEAH0031,"HALLMARK_INFLAMMATORY_RESPONSE",GENE2262
GSEA:H,GSEAH0031,"HALLMARK_INFLAMMATORY_RESPONSE",GENE0400
GSEA:H,GSEAH0031,"HALLMARK_INFLAMMATORY_RESPONSE",GENE0233
GSEA:H,GSEAH0031,"HALLMARK_INFLAMMATORY_RESPONSE",GENE2930
GSEA:H,GSEAH0031,"HALLMARK_INFLAMMATORY_RESPONSE",GENE2604
GSEA:H,GSEAH0031,"HALLMARK_INFLAMMATORY_RESPONSE",GENE1112
GSEA:H,GSEAH0031,"HALLMARK_INFLAMMATORY_RESPONSE",GENE1531
GSEA:H,GSEAH0031,"HALLMARK_INFLAMMATORY_RESPONSE",GENE2200
GSEA:H,GSEAH0031,"HALLMARK_INFLAMMATORY_RESPONSE",GENE2713
GSEA:H,GSEAH0031,"HALLMARK_INFLAMMATORY_RESPONSE",GENE2267
GSEA:H,GSEAH0031,"HALLMARK_INFLAMMATORY_RESPONSE",GENE1467
GSEA:H,GSEAH0031,"HALLMARK_INFLAMMATORY_RESPONSE",GENE0914
GSEA:H,GSEAH0031,"HALLMARK_INFLAMMATORY_RESPONSE",GENE0241
GSEA:H,GSEAH0031,"HALLMARK_INFLAMMATORY_RESPONSE",GENE0311
GSEA:H,GSEAH0031,"HALLMARK_INFLAMMATORY_RESPONSE",GENE1378
GSEA:H,GSEAH0031,"HALLMARK_INFLAMMATORY_RESPONSE",GENE1658
GSEA:H,GSEAH0031,"HALLMARK_INFLAMMATORY_RESPONSE",GENE2740
GSEA:H,GSEAH0031,"HALLMARK_INFLAMMATORY_RESPONSE",GENE2739
GSEA:H,GSEAH0031,"HALLMARK_INFLAMMATORY_RESPONSE",GENE0147
GSEA:H,GSEAH0031,"HALLMARK_INFLAMMATORY_RESPONSE",GENE1983
GSEA:H,GSEAH0031,"HALLMARK_INFLAMMATORY_RESPONSE",GENE1340
GSEA:H,GSEAH0031,"HALLMARK_INFLAMMATORY_RESPONSE",GENE1370
GSEA:H,GSEAH0031,"HALLMARK_INFLAMMATORY_RESPONSE",GENE1594
GSEA:H,GSEAH0031,"HALLMARK_INFLAMMATORY_RESPONSE",GENE0379
GSEA:H,GSEAH0031,"HALLMARK_INFLAMMATORY_RESPONSE",GENE1928
GSEA:H,GSEAH0031,"HALLMARK_INFLAMMATORY_RESPONSE",INS
GSEA:H,GSEAH0031,"HALLMARK_INFLAMMATORY_RESPONSE",GENE0274
GSEA:H,GSEAH0031,"HALLMARK_INFLAMMATORY_RESPONSE",GENE0116
GSEA:H,GSEAH0031,"HALLMARK_INFLAMMATORY_RESPONSE",GENE1802
GSEA:H,GSEAH0031,"HALLMARK_INFLAMMATORY_RESPONSE",GENE1475
GSEA:H,GSEAH0031,"HALLMARK_INFLAMMATORY_RESPONSE",GENE2172
GSEA:H,GSEAH0031,"HALLMARK_INFLAMMATORY_RESPONSE",GENE2692
GSEA:H,GSEAH0031,"HALLMARK_INFLAMMATORY_RESPONSE",GENE1945
GSEA:H,GSEAH0031,"HALLMARK_INFLAMMATORY_RESPONSE",GENE0163
GSEA:H,GSEAH0031,"HALLMARK_INFLAMMATORY_RESPONSE",GENE1686
GSEA:H,GSEAH0031,"HALLMARK_INFLAMMATORY_RESPONSE",GENE1315
GSEA:H,GSEAH0031,"HALLMARK_INFLAMMATORY_RESPONSE",GENE1048
GSEA:H,GSEAH0031,"HALLMARK_INFLAMMATORY_RESPONSE",GENE2907
GSEA:H,GSEAH0031,"HALLMARK_INFLAMMATORY_RESPONSE",GENE2481
GSEA:H,GSEAH0031,"HALLMARK_INFLAMMATORY_RESPONSE",GENE1824
GSEA:H,GSEAH0031,"HALLMARK_INFLAMMATORY_RESPONSE",GENE0111
GSEA:H,GSEAH0031,"HALLMARK_INFLAMMATORY_RESPONSE",GENE0223
GSEA:H,GSEAH0031,"HALLMARK_INFLAMMATORY_RESPONSE",GENE2552
GSEA:H,GSEAH0031,"HALLMARK_INFLAMMATORY_RESPONSE",GENE0565
GSEA:H,GSEAH0031,"HALLMARK_INFLAMMATORY_RESPONSE",GENE0191
GSEA:H,GSEAH0031,"HALLMARK_INFLAMMATORY_RESPONSE",GENE0911
GSEA:H,GSEAH0031,"HALLMARK_INFLAMMATORY_RESPONSE",GENE0423
GSEA:H,GSEAH0031,"HALLMARK_INFLAMMATORY_RESPONSE",GENE0067
GSEA:H,GSEAH0031,"HALLMARK_INFLAMMATORY_RESPONSE",GENE0907
GSEA:H,GSEAH0031,"HALLMARK_INFLAMMATORY_RESPONSE",GENE0434
GSEA:H,GSEAH0031,"HALLMARK_INFLAMMATORY_RESPONSE",GENE2964
GSEA:H,GSEAH0031,"HALLMARK_INFLAMMATORY_RESPONSE",GENE0545
GSEA:H,GSEAH0031,"HALLMARK_INFLAMMATORY_RESPONSE",GENE0403
GSEA:H,GSEAH0031,"HALLMARK_INFLAMMATORY_RESPONSE",GENE2224
GSEA:H,GSEAH0031,"HALLMARK_INFLAMMATORY_RESPONSE",GENE1623
GSEA:H,GSEAH0031,"HALLMARK_INFLAMMATORY_RESPONSE",GENE0697
GSEA:H,GSEAH0031,"HALLMARK_INFLAMMATORY_RESPONSE",GENE1461
GSEA:H,GSEAH0031,"HALLMARK_INFLAMMATORY_RESPONSE",GENE2661
GSEA:H,GSEAH0031,"HALLMARK_INFLAMMATORY_RESPONSE",GENE2037
GSEA:H,GSEAH0031,"HALLMARK_INFLAMMATORY_RESPONSE",GENE2450
GSEA:H,GSEAH0031,"HALLMARK_INFLAMMATORY_RESPONSE",GENE2738
GSEA:H,GSEAH0031,"HALLMARK_INFLAMMATORY_RESPONSE",GENE2503
GSEA:H,GSEAH0031,"HALLMARK_INFLAMMATORY_RESPONSE",GENE0826
GSEA:H,GSEAH0031,"HALLMARK_INFLAMMATORY_RESPONSE",GENE0327
GSEA:H,GSEAH0031,"HALLMARK_INFLAMMATORY_RESPONSE",GENE1494
GSEA:H,GSEAH0031,"HALLMARK_INFLAMMATORY_RESPONSE",GENE0774
GSEA:H,GSEAH0031,"HALLMARK_INFLAMMATORY_RESPONSE",GENE2870
GSEA:H,GSEAH0031,"HALLMARK_INFLAMMATORY_RESPONSE",GENE2852
GSEA:H,GSEAH0031,"HALLMARK_INFLAMMATORY_RESPONSE",GENE2776
GSEA:H,GSEAH0031,"HALLMARK_INFLAMMATORY_RESPONSE",GENE0416
GSEA:H,GSEAH0031,"HALLMARK_INFLAMMATORY_RESPONSE",GENE2474
GSEA:H,GSEAH0032,"HALLMARK_HYPOXIA",GENE0812
GSEA:H,GSEAH0032,"HALLMARK_HYPOXIA",GENE0610
GSEA:H,GSEAH0032,"HALLMARK_HYPOXIA",GENE1488
GSEA:H,GSEAH0032,"HALLMARK_HYPOXIA",GENE1530
GSEA:H,GSEAH0032,"HALLMARK_HYPOXIA",GENE0571
GSEA:H,GSEAH0032,"HALLMARK_HYPOXIA",GENE0823
GSEA:H,GSEAH0032,"HALLMARK_HYPOXIA",GENE0066
GSEA:H,GSEAH0032,"HALLMARK_HYPOXIA",GENE2110
GSEA:H,GSEAH0032,"HALLMARK_HYPOXIA",GENE2143
GSEA:H,GSEAH0032,"HALLMARK_HYPOXIA",GENE0153
GSEA:H,GSEAH0032,"HALLMARK_HYPOXIA",GENE1859
GSEA:H,GSEAH0032,"HALLMARK_HYPOXIA",GENE0824
GSEA:H,GSEAH0032,"HALLMARK_HYPOXIA",GENE0629
GSEA:H,GSEAH0032,"HALLMARK_HYPOXIA",GENE2078
GSEA:H,GSEAH0032,"HALLMARK_HYPOXIA",GENE1665
GSEA:H,GSEAH0032,"HALLMARK_HYPOXIA",GENE2740
GSEA:H,GSEAH0032,"HALLMARK_HYPOXIA",GENE1004
GSEA:H,GSEAH0032,"HALLMARK_HYPOXIA",GENE2690
GSEA:H,GSEAH0032,"HALLMARK_HYPOXIA",GENE1930
GSEA:H,GSEAH0032,"HALLMARK_HYPOXIA",GENE1675
GSEA:H,GSEAH0032,"HALLMARK_HYPOXIA",GENE2109
GSEA:H,GSEAH0032,"HALLMARK_HYPOXIA",GENE0961
GSEA:H,GSEAH0032,"HALLMARK_HYPOXIA",GENE1919
GSEA:H,GSEAH0032,"HALLMARK_HYPOXIA",GENE0622
GSEA:H,GSEAH0032,"HALLMARK_HYPOXIA",GENE2940
GSEA:H,GSEAH0032,"HALLMARK_HYPOXIA",GENE2026
GSEA:H,GSEAH0032,"HALLMARK_HYPOXIA",GENE0404
GSEA:H,GSEAH0032,"HALLMARK_HYPOXIA",GENE1339
GSEA:H,GSEAH0032,"HALLMARK_HYPOXIA",GENE1644
GSEA:H,GSEAH0032,"HALLMARK_HYPOXIA",GENE0791
GSEA:H,GSEAH0032,"HALLMARK_HYPOXIA",GENE1332
GSEA:H,GSEAH0032,"HALLMARK_HYPOXIA",GENE2685
GSEA:H,GSEAH0032,"HALLMARK_HYPOXIA",GENE0395
GSEA:H,GSEAH0032,"HALLMARK_HYPOXIA",GENE1337
GSEA:H,GSEAH0032,"HALLMARK_HYPOXIA",GENE0070
GSEA:H,GSEAH0032,"HALLMARK_HYPOXIA",GENE0450
GSEA:H,GSEAH0032,"HALLMARK_HYPOXIA",GENE2227
GSEA:H,GSEAH0032,"HALLMARK_HYPOXIA",GENE1375
GSEA:H,GSEAH0032,"HALLMARK_HYPOXIA",GENE0592
GSEA:H,GSEAH0032,"HALLMARK_HYPOXIA",GENE0418
GSEA:H,GSEAH0032,"HALLMARK_HYPOXIA",GENE1935
GSEA:H,GSEAH0032,"HALLMARK_HYPOXIA",GENE0744
GSEA:H,GSEAH0032,"HALLMARK_HYPOXIA",GENE2663
GSEA:H,GSEAH0032,"HALLMARK_HYPOXIA",GENE1866
GSEA:H,GSEAH0032,"HALLMARK_HYPOXIA",GENE1993
GSEA:H,GSEAH0032,"HALLMARK_HYPOXIA",GENE0220
GSEA:H,GSEAH0032,"HALLMARK_HYPOXIA",GENE1560
GSEA:H,GSEAH0032,"HALLMARK_HYPOXIA",GENE1697
GSEA:H,GSEAH0032,"HALLMARK_HYPOXIA",GENE2062
GSEA:H,GSEAH0032,"HALLMARK_HYPOXIA",GENE1463
GSEA:H,GSEAH0032,"HALLMARK_HYPOXIA",GENE2193
GSEA:H,GSEAH0032,"HALLMARK_HYPOXIA",GENE1321
GSEA:H,GSEAH0032,"HALLMARK_HYPOXIA",GENE2378
GSEA:H,GSEAH0032,"HALLMARK_HYPOXIA",GENE2780
GSEA:H,GSEAH0032,"HALLMARK_HYPOXIA",GENE1741
GSEA:H,GSEAH0032,"HALLMARK_HYPOXIA",GENE1846
GSEA:H,GSEAH0032,"HALLMARK_HYPOXIA",GENE0753
GSEA:H,GSEAH0032,"HALLMARK_HYPOXIA",GENE0556
GSEA:H,GSEAH0032,"HALLMARK_HYPOXIA",GENE2826
GSEA:H,GSEAH0032,"HALLMARK_HYPOXIA",GENE1690
GSEA:H,GSEAH0032,"HALLMARK_HYPOXIA",GENE1436
GSEA:H,GSEAH0032,"HALLMARK_HYPOXIA",GENE1505
GSEA:H,GSEAH0032,"HALLMARK_HYPOXIA",GENE2112
GSEA:H,GSEAH0032,"HALLMARK_HYPOXIA",GENE0219
GSEA:H,GSEAH0032,"HALLMARK_HYPOXIA",GENE2622
GSEA:H,GSEAH0032,"HALLMARK_HYPOXIA",GENE1172
GSEA:H,GSEAH0032,"HALLMARK_HYPOXIA",GENE1204
GSEA:H,GSEAH0032,"HALLMARK_HYPOXIA",GENE2484
GSEA:H,GSEAH0032,"HALLMARK_HYPOXIA",GENE2038
GSEA:H,GSEAH0032,"HALLMARK_HYPOXIA",GENE1669
GSEA:H,GSEAH0032,"HALLMARK_HYPOXIA",GENE1104
GSEA:H,GSEAH0032,"HALLMARK_HYPOXIA",GENE2235
GSEA:H,GSEAH0032,"HALLMARK_HYPOXIA",GENE1336
GSEA:H,GSEAH0032,"HALLMARK_HYPOXIA",GENE2233
GSEA:H,GSEAH0032,"HALLMARK_HYPOXIA",GENE1264
GSEA:H,GSEAH0032,"HALLMARK_HYPOXIA",GENE0988
GSEA:H,GSEAH0032,"HALLMARK_HYPOXIA",GENE2782
GSEA:H,GSEAH0032,"HALLMARK_HYPOXIA",GENE1361
GSEA:H,GSEAH0032,"HALLMARK_HYPOXIA",GENE2116
GSEA:H,GSEAH0032,"HALLMARK_HYPOXIA",GENE1239
GSEA:H,GSEAH0032,"HALLMARK_HYPOXIA",GENE2725
GSEA:H,GSEAH0032,"HALLMARK_HYPOXIA",GENE1091
GSEA:H,GSEAH0032,"HALLMARK_HYPOXIA",GENE0645
GSEA:H,GSEAH0032,"HALLMARK_HYPOXIA",GENE1620
GSEA:H,GSEAH0032,"HALLMARK_HYPOXIA",GENE2591
GSEA:H,GSEAH0032,"HALLMARK_HYPOXIA",GENE1212
GSEA:H,GSEAH0032,"HALLMARK_HYPOXIA",GENE1803
GSEA:H,GSEAH0032,"HALLMARK_HYPOXIA",GENE1650
GSEA:H,GSEAH0032,"HALLMARK_HYPOXIA",GENE1196
GSEA:H,GSEAH0032,"HALLMARK_HYPOXIA",GENE0774
GSEA:H,GSEAH0032,"HALLMARK_HYPOXIA",GENE1080
GSEA:H,GSEAH0032,"HALLMARK_HYPOXIA",GENE0246
GSEA:H,GSEAH0032,"HALLMARK_HYPOXIA",GENE1760
GSEA:H,GSEAH0032,"HALLMARK_HYPOXIA",GENE0909
GSEA:H,GSEAH0032,"HALLMARK_HYPOXIA",GENE2127
GSEA:H,GSEAH0032,"HALLMARK_HYPOXIA",GENE0843
GSEA:H,GSEAH0032,"HALLMARK_HYPOXIA",GENE0490
GSEA:H,GSEAH0032,"HALLMARK_HYPOXIA",GENE1117
GSEA:H,GSEAH0032,"HALLMARK_HYPOXIA",GENE2366
GSEA:H,GSEAH0032,"HALLMARK_HYPOXIA",GENE1419
GSEA:H,GSEAH0032,"HALLMARK_HYPOXIA",GENE1699
GSEA:H,GSEAH0032,"HALLMARK_HYPOXIA",GENE1299
GSEA:H,GSEAH0032,"HALLMARK_HYPOXIA",GENE2489
GSEA:H,GSEAH0032,"HALLMARK_HYPOXIA",GENE0979
GSEA:H,GSEAH0032,"HALLMARK_HYPOXIA",GENE2618
GSEA:H,GSEAH0032,"HALLMARK_HYPOXIA",GENE2607
GSEA:H,GSEAH0032,"HALLMARK_HYPOXIA",GENE0685
GSEA:H,GSEAH0032,"HALLMARK_HYPOXIA",GENE2778
GSEA:H,GSEAH0032,"HALLMARK_HYPOXIA",GENE0140
GSEA:H,GSEAH0032,"HALLMARK_HYPOXIA",GENE0480
GSEA:H,GSEAH0032,"HALLMARK_HYPOXIA",GENE1571
GSEA:H,GSEAH0032,"HALLMARK_HYPOXIA",GENE2242
GSEA:H,GSEAH0032,"HALLMARK_HYPOXIA",GENE0262
GSEA:H,GSEAH0032,"HALLMARK_HYPOXIA",GENE1814
GSEA:H,GSEAH0032,"HALLMARK_HYPOXIA",GENE1272
GSEA:H,GSEAH0032,"HALLMARK_HYPOXIA",GENE0865
GSEA:H,GSEAH0032,"HALLMARK_HYPOXIA",GENE1430
GSEA:H,GSEAH0032,"HALLMARK_HYPOXIA",GENE1460
GSEA:H,GSEAH0032,"HALLMARK_HYPOXIA",GENE0618
GSEA:H,GSEAH0032,"HALLMARK_HYPOXIA",GENE2033
GSEA:H,GSEAH0032,"HALLMARK_HYPOXIA",GENE2120
GSEA:H,GSEAH0032,"HALLMARK_HYPOXIA",GENE1707
GSEA:H,GSEAH0032,"HALLMARK_HYPOXIA",GENE2285
GSEA:H,GSEAH0032,"HALLMARK_HYPOXIA",GENE1949
GSEA:H,GSEAH0032,"HALLMARK_HYPOXIA",GENE0036
GSEA:H,GSEAH0032,"HALLMARK_HYPOXIA",GENE1723
GSEA:H,GSEAH0032,"HALLMARK_HYPOXIA",GENE2713
GSEA:H,GSEAH0032,"HALLMARK_HYPOXIA",GENE1238
GSEA:H,GSEAH0032,"HALLMARK_HYPOXIA",GENE1592
GSEA:H,GSEAH0032,"HALLMARK_HYPOXIA",GENE0048
GSEA:H,GSEAH0032,"HALLMARK_HYPOXIA",GENE2167
GSEA:H,GSEAH0032,"HALLMARK_HYPOXIA",GENE1891
GSEA:H,GSEAH0032,"HALLMARK_HYPOXIA",GENE0566
GSEA:H,GSEAH0032,"HALLMARK_HYPOXIA",GENE1333
GSEA:H,GSEAH0032,"HALLMARK_HYPOXIA",GENE0882
GSEA:H,GSEAH0032,"HALLMARK_HYPOXIA",GENE2803
GSEA:H,GSEAH0032,"HALLMARK_HYPOXIA",GENE2720
GSEA:H,GSEAH0032,"HALLMARK_HYPOXIA",GENE0897
GSEA:H,GSEAH0032,"HALLMARK_HYPOXIA",GENE1756
GSEA:H,GSEAH0032,"HALLMARK_HYPOXIA",GENE1516
GSEA:H,GSEAH0032,"HALLMARK_HYPOXIA",GENE2488
GSEA:H,GSEAH0032,"HALLMARK_HYPOXIA",GENE2526
GSEA:H,GSEAH0032,"HALLMARK_HYPOXIA",GENE0308
GSEA:H,GSEAH0032,"HALLMARK_HYPOXIA",GENE2264
GSEA:H,GSEAH0032,"HALLMARK_HYPOXIA",GENE0745
GSEA:H,GSEAH0032,"HALLMARK_HYPOXIA",GENE2693
GSEA:H,GSEAH0032,"HALLMARK_HYPOXIA",GENE0873
GSEA:H,GSEAH0032,"HALLMARK_HYPOXIA",GENE2211
GSEA:H,GSEAH0032,"HALLMARK_HYPOXIA",GENE0886
GSEA:H,GSEAH0032,"HALLMARK_HYPOXIA",GENE0839
GSEA:H,GSEAH0032,"HALLMARK_HYPOXIA",GENE0488
GSEA:H,GSEAH0032,"HALLMARK_HYPOXIA",GENE2542
GSEA:H,GSEAH0032,"HALLMARK_HYPOXIA",GENE0405
GSEA:H,GSEAH0032,"HALLMARK_HYPOXIA",GENE0255
GSEA:H,GSEAH0032,"HALLMARK_HYPOXIA",GENE1827
GSEA:H,GSEAH0032,"HALLMARK_HYPOXIA",GENE2475
GSEA:H,GSEAH0032,"HALLMARK_HYPOXIA",GENE0368
GSEA:H,GSEAH0032,"HALLMARK_HYPOXIA",GENE1706
GSEA:H,GSEAH0032,"HALLMARK_HYPOXIA",GENE2263
GSEA:H,GSEAH0032,"HALLMARK_HYPOXIA",GENE0391
GSEA:H,GSEAH0032,"HALLMARK_HYPOXIA",GENE2981
GSEA:H,GSEAH0032,"HALLMARK_HYPOXIA",GENE1166
GSEA:H,GSEAH0032,"HALLMARK_HYPOXIA",GENE0931
GSEA:H,GSEAH0032,"HALLMARK_HYPOXIA",GENE0384
GSEA:H,GSEAH0032,"HALLMARK_HYPOXIA",GENE0664
GSEA:H,GSEAH0032,"HALLMARK_HYPOXIA",GENE2999
GSEA:H,GSEAH0032,"HALLMARK_HYPOXIA",GENE0653
GSEA:H,GSEAH0032,"HALLMARK_HYPOXIA",GENE2827
GSEA:H,GSEAH0032,"HALLMARK_HYPOXIA",GENE2875
GSEA:H,GSEAH0032,"HALLMARK_HYPOXIA",GENE2096
GSEA:H,GSEAH0032,"HALLMARK_HYPOXIA",GENE2202
GSEA:H,GSEAH0032,"HALLMARK_HYPOXIA",GENE2962
GSEA:H,GSEAH0032,"HALLMARK_HYPOXIA",GENE1805
GSEA:H,GSEAH0032,"HALLMARK_HYPOXIA",GENE1655
GSEA:H,GSEAH0032,"HALLMARK_HYPOXIA",GENE2088
GSEA:H,GSEAH0032,"HALLMARK_HYPOXIA",GENE0271
GSEA:H,GSEAH0032,"HALLMARK_HYPOXIA",GENE0555
GSEA:H,GSEAH0032,"HALLMARK_HYPOXIA",GENE1618
GSEA:H,GSEAH0032,"HALLMARK_HYPOXIA",GENE1695
GSEA:H,GSEAH0032,"HALLMARK_HYPOXIA",GENE1622
GSEA:H,GSEAH0032,"HALLMARK_HYPOXIA",GENE1755
GSEA:H,GSEAH0032,"HALLMARK_HYPOXIA",GENE0989
GSEA:H,GSEAH0032,"HALLMARK_HYPOXIA",GENE0524
GSEA:H,GSEAH0032,"HALLMARK_HYPOXIA",GENE1423
GSEA:H,GSEAH0032,"HALLMARK_HYPOXIA",GENE1677
GSEA:H,GSEAH0032,"HALLMARK_HYPOXIA",GENE0349
GSEA:H,GSEAH0032,"HALLMARK_HYPOXIA",GENE2668
GSEA:H,GSEAH0032,"HALLMARK_HYPOXIA",GENE0150
GSEA:H,GSEAH0032,"HALLMARK_HYPOXIA",GENE1481
GSEA:H,GSEAH0032,"HALLMARK_HYPOXIA",GENE1066
GSEA:H,GSEAH0032,"HALLMARK_HYPOXIA",GENE1158
GSEA:H,GSEAH0032,"HALLMARK_HYPOXIA",GENE2205
GSEA:H,GSEAH0032,"HALLMARK_HYPOXIA",GENE1578
GSEA:H,GSEAH0032,"HALLMARK_HYPOXIA",GENE0465
GSEA:H,GSEAH0032,"HALLMARK_HYPOXIA",GENE1317
GSEA:H,GSEAH0032,"HALLMARK_HYPOXIA",GENE2199
GSEA:H,GSEAH0032,"HALLMARK_HYPOXIA",GENE2561
GSEA:H,GSEAH0032,"HALLMARK_HYPOXIA",GENE0663
GSEA:H,GSEAH0032,"HALLMARK_HYPOXIA",GENE0944
GSEA:H,GSEAH0032,"HALLMARK_HYPOXIA",GENE2871
GSEA:H,GSEAH0032,"HALLMARK_HYPOXIA",GENE2018
GSEA:H,GSEAH0032,"HALLMARK_HYPOXIA",GENE2082
GSEA:H,GSEAH0032,"HALLMARK_HYPOXIA",GENE2701
GSEA:H,GSEAH0032,"HALLMARK_HYPOXIA",GENE2933
GSEA:H,GSEAH0032,"HALLMARK_HYPOXIA",GENE2755
GSEA:H,GSEAH0032,"HALLMARK_HYPOXIA",GENE1214
GSEA:H,GSEAH0032,"HALLMARK_HYPOXIA",TNF
GSEA:H,GSEAH0032,"HALLMARK_HYPOXIA",GENE2602
GSEA:H,GSEAH0032,"HALLMARK_HYPOXIA",GENE0636
GSEA:H,GSEAH0032,"HALLMARK_HYPOXIA",GENE1176
GSEA:H,GSEAH0032,"HALLMARK_HYPOXIA",GENE0311
GSEA:H,GSEAH0032,"HALLMARK_HYPOXIA",GENE1035
GSEA:H,GSEAH0032,"HALLMARK_HYPOXIA",GENE0751
GSEA:H,GSEAH0032,"HALLMARK_HYPOXIA",GENE1504
GSEA:H,GSEAH0032,"HALLMARK_HYPOXIA",GENE2676
GSEA:H,GSEAH0032,"HALLMARK_HYPOXIA",GENE0786
GSEA:H,GSEAH0032,"HALLMARK_HYPOXIA",GENE1716
GSEA:H,GSEAH0032,"HALLMARK_HYPOXIA",GENE2063
GSEA:H,GSEAH0032,"HALLMARK_HYPOXIA",GENE1250
GSEA:H,GSEAH0032,"HALLMARK_HYPOXIA",GENE2681
GSEA:H,GSEAH0032,"HALLMARK_HYPOXIA",GENE1306
GSEA:H,GSEAH0032,"HALLMARK_HYPOXIA",GENE0190
GSEA:H,GSEAH0032,"HALLMARK_HYPOXIA",GENE2984
GSEA:H,GSEAH0032,"HALLMARK_HYPOXIA",GENE1500
GSEA:H,GSEAH0032,"HALLMARK_HYPOXIA",GENE1747
GSEA:H,GSEAH0032,"HALLMARK_HYPOXIA",GENE0258
GSEA:H,GSEAH0032,"HALLMARK_HYPOXIA",GENE1743
GSEA:H,GSEAH0032,"HALLMARK_HYPOXIA",GENE0600
GSEA:H,GSEAH0032,"HALLMARK_HYPOXIA",GENE1845
GSEA:H,GSEAH0032,"HALLMARK_HYPOXIA",GENE2068
GSEA:H,GSEAH0032,"HALLMARK_HYPOXIA",GENE1701
GSEA:H,GSEAH0032,"HALLMARK_HYPOXIA",GENE0134
GSEA:H,GSEAH0032,"HALLMARK_HYPOXIA",GENE1758
GSEA:H,GSEAH0032,"HALLMARK_HYPOXIA",GENE1124
GSEA:H,GSEAH0032,"HALLMARK_HYPOXIA",GENE1005
GSEA:H,GSEAH0032,"HALLMARK_HYPOXIA",GENE1357
GSEA:H,GSEAH0032,"HALLMARK_HYPOXIA",GENE1411
GSEA:H,GSEAH0032,"HALLMARK_HYPOXIA",GENE1114
GSEA:H,GSEAH0032,"HALLMARK_HYPOXIA",GENE2583
GSEA:H,GSEAH0032,"HALLMARK_HYPOXIA",GENE0521
GSEA:H,GSEAH0032,"HALLMARK_HYPOXIA",GENE0303
GSEA:H,GSEAH0032,"HALLMARK_HYPOXIA",GENE1119
GSEA:H,GSEAH0032,"HALLMARK_HYPOXIA",GENE1927
GSEA:H,GSEAH0032,"HALLMARK_HYPOXIA",GENE2568
GSEA:H,GSEAH0032,"HALLMARK_HYPOXIA",GENE1029
GSEA:H,GSEAH0032,"HALLMARK_HYPOXIA",GENE0719
GSEA:H,GSEAH0032,"HALLMARK_HYPOXIA",GENE2898
GSEA:H,GSEAH0032,"HALLMARK_HYPOXIA",GENE2197
GSEA:H,GSEAH0032,"HALLMARK_HYPOXIA",GENE0269
GSEA:H,GSEAH0032,"HALLMARK_HYPOXIA",GENE0733
GSEA:H,GSEAH0032,"HALLMARK_HYPOXIA",GENE0088
GSEA:H,GSEAH0032,"HALLMARK_HYPOXIA",GENE2275
GSEA:H,GSEAH0032,"HALLMARK_HYPOXIA",GENE0235
GSEA:H,GSEAH0032,"HALLMARK_HYPOXIA",GENE0135
GSEA:H,GSEAH0032,"HALLMARK_HYPOXIA",GENE1349
GSEA:H,GSEAH0032,"HALLMARK_HYPOXIA",GENE1307
GSEA:H,GSEAH0032,"HALLMARK_HYPOXIA",GENE1167
GSEA:H,GSEAH0032,"HALLMARK_HYPOXIA",GENE1517
GSEA:H,GSEAH0032,"HALLMARK_HYPOXIA",GENE2628
GSEA:H,GSEAH0032,"HALLMARK_HYPOXIA",GENE2620
GSEA:H,GSEAH0032,"HALLMARK_HYPOXIA",GENE0268
GSEA:H,GSEAH0032,"HALLMARK_HYPOXIA",GENE2332
GSEA:H,GSEAH0032,"HALLMARK_HYPOXIA",GENE2915
GSEA:H,GSEAH0032,"HALLMARK_HYPOXIA",GENE2253
GSEA:H,GSEAH0032,"HALLMARK_HYPOXIA",GENE2564
GSEA:H,GSEAH0032,"HALLMARK_HYPOXIA",GENE2258
GSEA:H,GSEAH0032,"HALLMARK_HYPOXIA",GENE2917
GSEA:H,GSEAH0032,"HALLMARK_HYPOXIA",GENE1400
GSEA:H,GSEAH0032,"HALLMARK_HYPOXIA",GENE1577
GSEA:H,GSEAH0032,"HALLMARK_HYPOXIA",GENE2516
GSEA:H,GSEAH0032,"HALLMARK_HYPOXIA",GENE1546
GSEA:H,GSEAH0032,"HALLMARK_HYPOXIA",GENE0858
GSEA:H,GSEAH0032,"HALLMARK_HYPOXIA",GENE1207
GSEA:H,GSEAH0032,"HALLMARK_HYPOXIA",GENE1477
GSEA:H,GSEAH0032,"HALLMARK_HYPOXIA",GENE0174
GSEA:H,GSEAH0032,"HALLMARK_HYPOXIA",GENE2696
GSEA:H,GSEAH0032,"HALLMARK_HYPOXIA",GENE1787
GSEA:H,GSEAH0032,"HALLMARK_HYPOXIA",GENE1886
GSEA:H,GSEAH0032,"HALLMARK_HYPOXIA",GENE1146
GSEA:H,GSEAH0033,"HALLMARK_P53_PATHWAY",GENE0629
GSEA:H,GSEAH0033,"HALLMARK_P53_PATHWAY",GENE1939
GSEA:H,GSEAH0033,"HALLMARK_P53_PATHWAY",GENE1887
GSEA:H,GSEAH0033,"HALLMARK_P53_PATHWAY",GENE0056
GSEA:H,GSEAH0033,"HALLMARK_P53_PATHWAY",GENE1347
GSEA:H,GSEAH0033,"HALLMARK_P53_PATHWAY",GENE0891
GSEA:H,GSEAH0033,"HALLMARK_P53_PATHWAY",GENE0401
GSEA:H,GSEAH0033,"HALLMARK_P53_PATHWAY",GENE1858
GSEA:H,GSEAH0033,"HALLMARK_P53_PATHWAY",GENE0812
GSEA:H,GSEAH0033,"HALLMARK_P53_PATHWAY",GENE1725
GSEA:H,GSEAH0033,"HALLMARK_P53_PATHWAY",GENE0975
GSEA:H,GSEAH0033,"HALLMARK_P53_PATHWAY",GENE2560
GSEA:H,GSEAH0033,"HALLMARK_P53_PATHWAY",GENE0771
GSEA:H,GSEAH0033,"HALLMARK_P53_PATHWAY",GENE1665
GSEA:H,GSEAH0033,"HALLMARK_P53_PATHWAY",GENE2235
GSEA:H,GSEAH0033,"HALLMARK_P53_PATHWAY",GENE2376
GSEA:H,GSEAH0033,"HALLMARK_P53_PATHWAY",GENE2819
GSEA:H,GSEAH0033,"HALLMARK_P53_PATHWAY",GENE0199
GSEA:H,GSEAH0033,"HALLMARK_P53_PATHWAY",GENE0671
GSEA:H,GSEAH0033,"HALLMARK_P53_PATHWAY",GENE2561
GSEA:H,GSEAH0033,"HALLMARK_P53_PATHWAY",GENE0217
GSEA:H,GSEAH0033,"HALLMARK_P53_PATHWAY",GENE0803
GSEA:H,GSEAH0033,"HALLMARK_P53_PATHWAY",GENE1488
GSEA:H,GSEAH0033,"HALLMARK_P53_PATHWAY",GENE0592
GSEA:H,GSEAH0033,"HALLMARK_P53_PATHWAY",GENE1432
GSEA:H,GSEAH0033,"HALLMARK_P53_PATHWAY",GENE2774
GSEA:H,GSEAH0033,"HALLMARK_P53_PATHWAY",GENE2581
GSEA:H,GSEAH0033,"HALLMARK_P53_PATHWAY",GENE2209
GSEA:H,GSEAH0033,"HALLMARK_P53_PATHWAY",GENE0988
GSEA:H,GSEAH0033,"HALLMARK_P53_PATHWAY",GENE2072
GSEA:H,GSEAH0033,"HALLMARK_P53_PATHWAY",GENE0557
GSEA:H,GSEAH0033,"HALLMARK_P53_PATHWAY",GENE2112
GSEA:H,GSEAH0033,"HALLMARK_P53_PATHWAY",GENE1774
GSEA:H,GSEAH0033,"HALLMARK_P53_PATHWAY",GENE2307
GSEA:H,GSEAH0033,"HALLMARK_P53_PATHWAY",GENE1451
GSEA:H,GSEAH0033,"HALLMARK_P53_PATHWAY",GENE1928
GSEA:H,GSEAH0033,"HALLMARK_P53_PATHWAY",GENE0118
GSEA:H,GSEAH0033,"HALLMARK_P53_PATHWAY",GENE0190
GSEA:H,GSEAH0033,"HALLMARK_P53_PATHWAY",GENE1081
GSEA:H,GSEAH0033,"HALLMARK_P53_PATHWAY",GENE2467
GSEA:H,GSEAH0033,"HALLMARK_P53_PATHWAY",GENE0770
GSEA:H,GSEAH0033,"HALLMARK_P53_PATHWAY",GENE1204
GSEA:H,GSEAH0033,"HALLMARK_P53_PATHWAY",GENE1988
GSEA:H,GSEAH0033,"HALLMARK_P53_PATHWAY",GENE1104
GSEA:H,GSEAH0033,"HALLMARK_P53_PATHWAY",GENE1091
GSEA:H,GSEAH0033,"HALLMARK_P53_PATHWAY",GENE1828
GSEA:H,GSEAH0033,"HALLMARK_P53_PATHWAY",GENE1643
GSEA:H,GSEAH0033,"HALLMARK_P53_PATHWAY",GENE0624
GSEA:H,GSEAH0033,"HALLMARK_P53_PATHWAY",GENE1741
GSEA:H,GSEAH0033,"HALLMARK_P53_PATHWAY",GENE0466
GSEA:H,GSEAH0033,"HALLMARK_P53_PATHWAY",GENE1803
GSEA:H,GSEAH0033,"HALLMARK_P53_PATHWAY",GENE1254
GSEA:H,GSEAH0033,"HALLMARK_P53_PATHWAY",GENE1620
GSEA:H,GSEAH0033,"HALLMARK_P53_PATHWAY",GENE1530
GSEA:H,GSEAH0033,"HALLMARK_P53_PATHWAY",GENE0909
GSEA:H,GSEAH0033,"HALLMARK_P53_PATHWAY",GENE0096
GSEA:H,GSEAH0033,"HALLMARK_P53_PATHWAY",GENE2782
GSEA:H,GSEAH0033,"HALLMARK_P53_PATHWAY",GENE0571
GSEA:H,GSEAH0033,"HALLMARK_P53_PATHWAY",GENE1941
GSEA:H,GSEAH0033,"HALLMARK_P53_PATHWAY",GENE0781
GSEA:H,GSEAH0033,"HALLMARK_P53_PATHWAY",GENE2484
GSEA:H,GSEAH0033,"HALLMARK_P53_PATHWAY",GENE2690
GSEA:H,GSEAH0033,"HALLMARK_P53_PATHWAY",GENE1900
GSEA:H,GSEAH0033,"HALLMARK_P53_PATHWAY",GENE1846
GSEA:H,GSEAH0033,"HALLMARK_P53_PATHWAY",GENE0912
GSEA:H,GSEAH0033,"HALLMARK_P53_PATHWAY",GENE1004
GSEA:H,GSEAH0033,"HALLMARK_P53_PATHWAY",GENE1179
GSEA:H,GSEAH0033,"HALLMARK_P53_PATHWAY",GENE0153
GSEA:H,GSEAH0033,"HALLMARK_P53_PATHWAY",GENE2378
GSEA:H,GSEAH0033,"HALLMARK_P53_PATHWAY",GENE1993
GSEA:H,GSEAH0033,"HALLMARK_P53_PATHWAY",GENE2639
GSEA:H,GSEAH0033,"HALLMARK_P53_PATHWAY",GENE2680
GSEA:H,GSEAH0033,"HALLMARK_P53_PATHWAY",GENE0429
GSEA:H,GSEAH0033,"HALLMARK_P53_PATHWAY",GENE1936
GSEA:H,GSEAH0033,"HALLMARK_P53_PATHWAY",GENE1808
GSEA:H,GSEAH0033,"HALLMARK_P53_PATHWAY",GENE2641
GSEA:H,GSEAH0033,"HALLMARK_P53_PATHWAY",GENE1239
GSEA:H,GSEAH0033,"HALLMARK_P53_PATHWAY",GENE1407
GSEA:H,GSEAH0033,"HALLMARK_P53_PATHWAY",GENE0435
GSEA:H,GSEAH0033,"HALLMARK_P53_PATHWAY",GENE0806
GSEA:H,GSEAH0033,"HALLMARK_P53_PATHWAY",GENE1866
GSEA:H,GSEAH0033,"HALLMARK_P53_PATHWAY",GENE1006
GSEA:H,GSEAH0033,"HALLMARK_P53_PATHWAY",GENE2146
GSEA:H,GSEAH0033,"HALLMARK_P53_PATHWAY",GENE0661
GSEA:H,GSEAH0033,"HALLMARK_P53_PATHWAY",GENE2351
GSEA:H,GSEAH0033,"HALLMARK_P53_PATHWAY",GENE2208
GSEA:H,GSEAH0033,"HALLMARK_P53_PATHWAY",GENE1434
GSEA:H,GSEAH0033,"HALLMARK_P53_PATHWAY",GENE2707
GSEA:H,GSEAH0033,"HALLMARK_P53_PATHWAY",GENE1060
GSEA:H,GSEAH0033,"HALLMARK_P53_PATHWAY",GENE0208
GSEA:H,GSEAH0033,"HALLMARK_P53_PATHWAY",GENE2001
GSEA:H,GSEAH0033,"HALLMARK_P53_PATHWAY",GENE2357
GSEA:H,GSEAH0033,"HALLMARK_P53_PATHWAY",GENE2366
GSEA:H,GSEAH0033,"HALLMARK_P53_PATHWAY",GENE2220
GSEA:H,GSEAH0033,"HALLMARK_P53_PATHWAY",GENE0304
GSEA:H,GSEAH0033,"HALLMARK_P53_PATHWAY",GENE2926
GSEA:H,GSEAH0033,"HALLMARK_P53_PATHWAY",GENE2568
GSEA:H,GSEAH0033,"HALLMARK_P53_PATHWAY",GENE1762
GSEA:H,GSEAH0033,"HALLMARK_P53_PATHWAY",GENE1823
GSEA:H,GSEAH0033,"HALLMARK_P53_PATHWAY",GENE2304
GSEA:H,GSEAH0033,"HALLMARK_P53_PATHWAY",GENE2129
GSEA:H,GSEAH0033,"HALLMARK_P53_PATHWAY",GENE1951
GSEA:H,GSEAH0033,"HALLMARK_P53_PATHWAY",GENE0953
GSEA:H,GSEAH0033,"HALLMARK_P53_PATHWAY",GENE2041
GSEA:H,GSEAH0033,"HALLMARK_P53_PATHWAY",GENE0395
GSEA:H,GSEAH0033,"HALLMARK_P53_PATHWAY",GENE1810
GSEA:H,GSEAH0033,"HALLMARK_P53_PATHWAY",GENE2031
GSEA:H,GSEAH0033,"HALLMARK_P53_PATHWAY",GENE1915
GSEA:H,GSEAH0033,"HALLMARK_P53_PATHWAY",GENE1108
GSEA:H,GSEAH0033,"HALLMARK_P53_PATHWAY",GENE2640
GSEA:H,GSEAH0033,"HALLMARK_P53_PATHWAY",GENE2725
GSEA:H,GSEAH0033,"HALLMARK_P53_PATHWAY",BRCA1
GSEA:H,GSEAH0033,"HALLMARK_P53_PATHWAY",GENE0164
GSEA:H,GSEAH0033,"HALLMARK_P53_PATHWAY",GENE0201
GSEA:H,GSEAH0033,"HALLMARK_P53_PATHWAY",GENE0863
GSEA:H,GSEAH0033,"HALLMARK_P53_PATHWAY",GENE0461
GSEA:H,GSEAH0033,"HALLMARK_P53_PATHWAY",GENE0502
GSEA:H,GSEAH0033,"HALLMARK_P53_PATHWAY",GENE0098
GSEA:H,GSEAH0033,"HALLMARK_P53_PATHWAY",GENE0628
GSEA:H,GSEAH0033,"HALLMARK_P53_PATHWAY",GENE0935
GSEA:H,GSEAH0033,"HALLMARK_P53_PATHWAY",GENE1321
GSEA:H,GSEAH0033,"HALLMARK_P53_PATHWAY",GENE0712
GSEA:H,GSEAH0033,"HALLMARK_P53_PATHWAY",GENE1013
GSEA:H,GSEAH0033,"HALLMARK_P53_PATHWAY",GENE2184
GSEA:H,GSEAH0033,"HALLMARK_P53_PATHWAY",GENE2249
GSEA:H,GSEAH0033,"HALLMARK_P53_PATHWAY",GENE0446
GSEA:H,GSEAH0033,"HALLMARK_P53_PATHWAY",GENE1177
GSEA:H,GSEAH0033,"HALLMARK_P53_PATHWAY",GENE0585
GSEA:H,GSEAH0033,"HALLMARK_P53_PATHWAY",GENE2916
GSEA:H,GSEAH0033,"HALLMARK_P53_PATHWAY",GENE2299
GSEA:H,GSEAH0033,"HALLMARK_P53_PATHWAY",GENE1759
GSEA:H,GSEAH0033,"HALLMARK_P53_PATHWAY",GENE0243
GSEA:H,GSEAH0033,"HALLMARK_P53_PATHWAY",GENE0677
GSEA:H,GSEAH0033,"HALLMARK_P53_PATHWAY",GENE2517
GSEA:H,GSEAH0033,"HALLMARK_P53_PATHWAY",GENE0055
GSEA:H,GSEAH0033,"HALLMARK_P53_PATHWAY",GENE0535
GSEA:H,GSEAH0033,"HALLMARK_P53_PATHWAY",GENE1649
GSEA:H,GSEAH0033,"HALLMARK_P53_PATHWAY",GENE0134
GSEA:H,GSEAH0033,"HALLMARK_P53_PATHWAY",GENE0613
GSEA:H,GSEAH0033,"HALLMARK_P53_PATHWAY",GENE0210
GSEA:H,GSEAH0033,"HALLMARK_P53_PATHWAY",GENE0222
GSEA:H,GSEAH0033,"HALLMARK_P53_PATHWAY",GENE1213
GSEA:H,GSEAH0033,"HALLMARK_P53_PATHWAY",GENE2426
GSEA:H,GSEAH0033,"HALLMARK_P53_PATHWAY",GENE1740
GSEA:H,GSEAH0033,"HALLMARK_P53_PATHWAY",GENE1563
GSEA:H,GSEAH0033,"HALLMARK_P53_PATHWAY",GENE0630
GSEA:H,GSEAH0033,"HALLMARK_P53_PATHWAY",GENE2211
GSEA:H,GSEAH0033,"HALLMARK_P53_PATHWAY",GENE1149
GSEA:H,GSEAH0033,"HALLMARK_P53_PATHWAY",GENE1138
GSEA:H,GSEAH0033,"HALLMARK_P53_PATHWAY",GENE0785
GSEA:H,GSEAH0033,"HALLMARK_P53_PATHWAY",GENE1707
GSEA:H,GSEAH0033,"HALLMARK_P53_PATHWAY",GENE0513
GSEA:H,GSEAH0033,"HALLMARK_P53_PATHWAY",GENE1005
GSEA:H,GSEAH0033,"HALLMARK_P53_PATHWAY",GENE1300
GSEA:H,GSEAH0033,"HALLMARK_P53_PATHWAY",GENE2268
GSEA:H,GSEAH0033,"HALLMARK_P53_PATHWAY",GENE2186
GSEA:H,GSEAH0033,"HALLMARK_P53_PATHWAY",GENE2842
GSEA:H,GSEAH0033,"HALLMARK_P53_PATHWAY",GENE2728
GSEA:H,GSEAH0033,"HALLMARK_P53_PATHWAY",GENE1659
GSEA:H,GSEAH0033,"HALLMARK_P53_PATHWAY",GENE1896
GSEA:H,GSEAH0033,"HALLMARK_P53_PATHWAY",GENE2688
GSEA:H,GSEAH0033,"HALLMARK_P53_PATHWAY",GENE0202
GSEA:H,GSEAH0033,"HALLMARK_P53_PATHWAY",GENE2281
GSEA:H,GSEAH0033,"HALLMARK_P53_PATHWAY",GENE2970
GSEA:H,GSEAH0033,"HALLMARK_P53_PATHWAY",GENE0529
GSEA:H,GSEAH0033,"HALLMARK_P53_PATHWAY",GENE2252
GSEA:H,GSEAH0033,"HALLMARK_P53_PATHWAY",GENE1129
GSEA:H,GSEAH0033,"HALLMARK_P53_PATHWAY",GENE0312
GSEA:H,GSEAH0033,"HALLMARK_P53_PATHWAY",GENE0467
GSEA:H,GSEAH0033,"HALLMARK_P53_PATHWAY",GENE2387
GSEA:H,GSEAH0033,"HALLMARK_P53_PATHWAY",GENE1934
GSEA:H,GSEAH0033,"HALLMARK_P53_PATHWAY",GENE0726
GSEA:H,GSEAH0033,"HALLMARK_P53_PATHWAY",GENE0969
GSEA:H,GSEAH0033,"HALLMARK_P53_PATHWAY",GENE0556
GSEA:H,GSEAH0033,"HALLMARK_P53_PATHWAY",GENE0706
GSEA:H,GSEAH0033,"HALLMARK_P53_PATHWAY",GENE0778
GSEA:H,GSEAH0033,"HALLMARK_P53_PATHWAY",GENE2331
GSEA:H,GSEAH0033,"HALLMARK_P53_PATHWAY",GENE0388
GSEA:H,GSEAH0033,"HALLMARK_P53_PATHWAY",GENE2068
GSEA:H,GSEAH0033,"HALLMARK_P53_PATHWAY",GENE2193
GSEA:H,GSEAH0033,"HALLMARK_P53_PATHWAY",GENE2277
GSEA:H,GSEAH0033,"HALLMARK_P53_PATHWAY",GENE0146
GSEA:H,GSEAH0033,"HALLMARK_P53_PATHWAY",GENE2420
GSEA:H,GSEAH0033,"HALLMARK_P53_PATHWAY",GENE1795
GSEA:H,GSEAH0033,"HALLMARK_P53_PATHWAY",GENE2396
GSEA:H,GSEAH0033,"HALLMARK_P53_PATHWAY",GENE2596
GSEA:H,GSEAH0033,"HALLMARK_P53_PATHWAY",GENE1406
GSEA:H,GSEAH0033,"HALLMARK_P53_PATHWAY",GENE1431
GSEA:H,GSEAH0033,"HALLMARK_P53_PATHWAY",GENE0804
GSEA:H,GSEAH0033,"HALLMARK_P53_PATHWAY",GENE2930
GSEA:H,GSEAH0033,"HALLMARK_P53_PATHWAY",GENE1963
GSEA:H,GSEAH0033,"HALLMARK_P53_PATHWAY",GENE0567
GSEA:H,GSEAH0033,"HALLMARK_P53_PATHWAY",GENE1299
GSEA:H,GSEAH0033,"HALLMARK_P53_PATHWAY",GENE1292
GSEA:H,GSEAH0033,"HALLMARK_P53_PATHWAY",GENE0886
GSEA:H,GSEAH0033,"HALLMARK_P53_PATHWAY",GENE2847
GSEA:H,GSEAH0033,"HALLMARK_P53_PATHWAY",GENE0072
GSEA:H,GSEAH0033,"HALLMARK_P53_PATHWAY",GENE1989
GSEA:H,GSEAH0033,"HALLMARK_P53_PATHWAY",GENE1290
GSEA:H,GSEAH0033,"HALLMARK_P53_PATHWAY",GENE0491
GSEA:H,GSEAH0033,"HALLMARK_P53_PATHWAY",GENE0740
GSEA:H,GSEAH0033,"HALLMARK_P53_PATHWAY",GENE0717
GSEA:H,GSEAH0033,"HALLMARK_P53_PATHWAY",GENE1022
GSEA:H,GSEAH0033,"HALLMARK_P53_PATHWAY",GENE0614
GSEA:H,GSEAH0033,"HALLMARK_P53_PATHWAY",GENE1374
GSEA:H,GSEAH0033,"HALLMARK_P53_PATHWAY",GENE2316
GSEA:H,GSEAH0033,"HALLMARK_P53_PATHWAY",GENE2130
GSEA:H,GSEAH0033,"HALLMARK_P53_PATHWAY",GENE0268
GSEA:H,GSEAH0033,"HALLMARK_P53_PATHWAY",GENE0640
GSEA:H,GSEAH0033,"HALLMARK_P53_PATHWAY",GENE2541
GSEA:H,GSEAH0033,"HALLMARK_P53_PATHWAY",GENE1125
GSEA:H,GSEAH0033,"HALLMARK_P53_PATHWAY",GENE1014
GSEA:H,GSEAH0033,"HALLMARK_P53_PATHWAY",GENE0832
GSEA:H,GSEAH0033,"HALLMARK_P53_PATHWAY",GENE1469
GSEA:H,GSEAH0033,"HALLMARK_P53_PATHWAY",GENE1862
GSEA:H,GSEAH0033,"HALLMARK_P53_PATHWAY",GENE1176
GSEA:H,GSEAH0033,"HALLMARK_P53_PATHWAY",GENE0790
GSEA:H,GSEAH0033,"HALLMARK_P53_PATHWAY",GENE0383
GSEA:H,GSEAH0033,"HALLMARK_P53_PATHWAY",GENE0355
GSEA:H,GSEAH0033,"HALLMARK_P53_PATHWAY",GENE0748
GSEA:H,GSEAH0033,"HALLMARK_P53_PATHWAY",GENE0656
GSEA:H,GSEAH0033,"HALLMARK_P53_PATHWAY",GENE2413
GSEA:H,GSEAH0033,"HALLMARK_P53_PATHWAY",GENE0913
GSEA:H,GSEAH0033,"HALLMARK_P53_PATHWAY",GENE0947
GSEA:H,GSEAH0033,"HALLMARK_P53_PATHWAY",GENE1087
GSEA:H,GSEAH0033,"HALLMARK_P53_PATHWAY",GENE1201
GSEA:H,GSEAH0033,"HALLMARK_P53_PATHWAY",GENE1516
GSEA:H,GSEAH0033,"HALLMARK_P53_PATHWAY",GENE0345
GSEA:H,GSEAH0033,"HALLMARK_P53_PATHWAY",GENE2899
GSEA:H,GSEAH0033,"HALLMARK_P53_PATHWAY",GENE2242
GSEA:H,GSEAH0033,"HALLMARK_P53_PATHWAY",GENE1772
GSEA:H,GSEAH0033,"HALLMARK_P53_PATHWAY",GENE1672
GSEA:H,GSEAH0033,"HALLMARK_P53_PATHWAY",GENE0856
GSEA:H,GSEAH0033,"HALLMARK_P53_PATHWAY",GENE2625
GSEA:H,GSEAH0033,"HALLMARK_P53_PATHWAY",GENE0824
GSEA:H,GSEAH0033,"HALLMARK_P53_PATHWAY",GENE2456
GSEA:H,GSEAH0033,"HALLMARK_P53_PATHWAY",GENE1717
GSEA:H,GSEAH0033,"HALLMARK_P53_PATHWAY",GENE2696
GSEA:H,GSEAH0033,"HALLMARK_P53_PATHWAY",GENE2809
GSEA:H,GSEAH0033,"HALLMARK_P53_PATHWAY",GENE1739
GSEA:H,GSEAH0033,"HALLMARK_P53_PATHWAY",GENE1102
GSEA:H,GSEAH0033,"HALLMARK_P53_PATHWAY",GENE2288
GSEA:H,GSEAH0033,"HALLMARK_P53_PATHWAY",GENE2332
GSEA:H,GSEAH0033,"HALLMARK_P53_PATHWAY",GENE0858
GSEA:H,GSEAH0033,"HALLMARK_P53_PATHWAY",GENE1100
GSEA:H,GSEAH0033,"HALLMARK_P53_PATHWAY",GENE1821
GSEA:H,GSEAH0033,"HALLMARK_P53_PATHWAY",GENE2355
GSEA:H,GSEAH0033,"HALLMARK_P53_PATHWAY",GENE0923
GSEA:H,GSEAH0033,"HALLMARK_P53_PATHWAY",GENE2683
GSEA:H,GSEAH0033,"HALLMARK_P53_PATHWAY",GENE0928
GSEA:H,GSEAH0033,"HALLMARK_P53_PATHWAY",GENE2721
GSEA:H,GSEAH0033,"HALLMARK_P53_PATHWAY",GENE2401
GSEA:H,GSEAH0033,"HALLMARK_P53_PATHWAY",GENE1388
GSEA:H,GSEAH0033,"HALLMARK_P53_PATHWAY",GENE2579
GSEA:H,GSEAH0033,"HALLMARK_P53_PATHWAY",GENE1997
GSEA:H,GSEAH0033,"HALLMARK_P53_PATHWAY",GENE1616
GSEA:H,GSEAH0033,"HALLMARK_P53_PATHWAY",GENE1640
GSEA:H,GSEAH0033,"HALLMARK_P53_PATHWAY",GENE2678
GSEA:H,GSEAH0033,"HALLMARK_P53_PATHWAY",GENE0796
GSEA:H,GSEAH0033,"HALLMARK_P53_PATHWAY",GENE2140
GSEA:H,GSEAH0033,"HALLMARK_P53_PATHWAY",GENE2230
GSEA:H,GSEAH0033,"HALLMARK_P53_PATHWAY",HIF1A
GSEA:H,GSEAH0033,"HALLMARK_P53_PATHWAY",GENE2282
GSEA:H,GSEAH0033,"HALLMARK_P53_PATHWAY",GENE2065
GSEA:H,GSEAH0033,"HALLMARK_P53_PATHWAY",GENE0323
GSEA:H,GSEAH0033,"HALLMARK_P53_PATHWAY",GENE2874
GSEA:H,GSEAH0033,"HALLMARK_P53_PATHWAY",GENE1322
GSEA:H,GSEAH0033,"HALLMARK_P53_PATHWAY",GENE0231
GSEA:H,GSEAH0033,"HALLMARK_P53_PATHWAY",GENE2014
GSEA:H,GSEAH0033,"HALLMARK_P53_PATHWAY",GENE0966
GSEA:H,GSEAH0033,"HALLMARK_P53_PATHWAY",TP53
GSEA:H,GSEAH0033,"HALLMARK_P53_PATHWAY",GENE0462
GSEA:H,GSEAH0033,"HALLMARK_P53_PATHWAY",GENE2459
GSEA:H,GSEAH0033,"HALLMARK_P53_PATHWAY",GENE0573
GSEA:H,GSEAH0033,"HALLMARK_P53_PATHWAY",GENE1017
GSEA:H,GSEAH0033,"HALLMARK_P53_PATHWAY",GENE2427
GSEA:H,GSEAH0033,"HALLMARK_P53_PATHWAY",GENE2447
GSEA:H,GSEAH0033,"HALLMARK_P53_PATHWAY",GENE1369
GSEA:H,GSEAH0033,"HALLMARK_P53_PATHWAY",GENE2600
GSEA:H,GSEAH0033,"HALLMARK_P53_PATHWAY",GENE2402
GSEA:H,GSEAH0033,"HALLMARK_P53_PATHWAY",GENE0067
GSEA:H,GSEAH0033,"HALLMARK_P53_PATHWAY",GENE2147
GSEA:H,GSEAH0033,"HALLMARK_P53_PATHWAY",GENE1252
GSEA:H,GSEAH0033,"HALLMARK_P53_PATHWAY",GENE2859
GSEA:H,GSEAH0033,"HALLMARK_P53_PATHWAY",GENE2676
GSEA:H,GSEAH0034,"HALLMARK_APOPTOSIS",GENE0794
GSEA:H,GSEAH0034,"HALLMARK_APOPTOSIS",GENE1604
GSEA:H,GSEAH0034,"HALLMARK_APOPTOSIS",GENE0429
GSEA:H,GSEAH0034,"HALLMARK_APOPTOSIS",GENE0404
GSEA:H,GSEAH0034,"HALLMARK_APOPTOSIS",GENE2562
GSEA:H,GSEAH0034,"HALLMARK_APOPTOSIS",GENE1339
GSEA:H,GSEAH0034,"HALLMARK_APOPTOSIS",GENE2538
GSEA:H,GSEAH0034,"HALLMARK_APOPTOSIS",GENE1576
GSEA:H,GSEAH0034,"HALLMARK_APOPTOSIS",GENE1988
GSEA:H,GSEAH0034,"HALLMARK_APOPTOSIS",GENE0699
GSEA:H,GSEAH0034,"HALLMARK_APOPTOSIS",GENE0208
GSEA:H,GSEAH0034,"HALLMARK_APOPTOSIS",GENE1098
GSEA:H,GSEAH0034,"HALLMARK_APOPTOSIS",GENE1058
GSEA:H,GSEAH0034,"HALLMARK_APOPTOSIS",GENE2622
GSEA:H,GSEAH0034,"HALLMARK_APOPTOSIS",GENE1993
GSEA:H,GSEAH0034,"HALLMARK_APOPTOSIS",GENE2680
GSEA:H,GSEAH0034,"HALLMARK_APOPTOSIS",GENE1243
GSEA:H,GSEAH0034,"HALLMARK_APOPTOSIS",GENE2445
GSEA:H,GSEAH0034,"HALLMARK_APOPTOSIS",GENE2835
GSEA:H,GSEAH0034,"HALLMARK_APOPTOSIS",GENE2238
GSEA:H,GSEAH0034,"HALLMARK_APOPTOSIS",GENE2824
GSEA:H,GSEAH0034,"HALLMARK_APOPTOSIS",GENE0066
GSEA:H,GSEAH0034,"HALLMARK_APOPTOSIS",GENE0673
GSEA:H,GSEAH0034,"HALLMARK_APOPTOSIS",GENE2740
GSEA:H,GSEAH0034,"HALLMARK_APOPTOSIS",GENE1222
GSEA:H,GSEAH0034,"HALLMARK_APOPTOSIS",GENE2527
GSEA:H,GSEAH0034,"HALLMARK_APOPTOSIS",GENE0803
GSEA:H,GSEAH0034,"HALLMARK_APOPTOSIS",GENE1104
GSEA:H,GSEAH0034,"HALLMARK_APOPTOSIS",GENE0106
GSEA:H,GSEAH0034,"HALLMARK_APOPTOSIS",GENE1531
GSEA:H,GSEAH0034,"HALLMARK_APOPTOSIS",GENE0441
GSEA:H,GSEAH0034,"HALLMARK_APOPTOSIS",GENE1004
GSEA:H,GSEAH0034,"HALLMARK_APOPTOSIS",GENE0836
GSEA:H,GSEAH0034,"HALLMARK_APOPTOSIS",GENE2376
GSEA:H,GSEAH0034,"HALLMARK_APOPTOSIS",GENE1477
GSEA:H,GSEAH0034,"HALLMARK_APOPTOSIS",GENE0687
GSEA:H,GSEAH0034,"HALLMARK_APOPTOSIS",GENE2014
GSEA:H,GSEAH0034,"HALLMARK_APOPTOSIS",GENE1473
GSEA:H,GSEAH0034,"HALLMARK_APOPTOSIS",GENE1919
GSEA:H,GSEAH0034,"HALLMARK_APOPTOSIS",GENE0450
GSEA:H,GSEAH0034,"HALLMARK_APOPTOSIS",GENE1308
GSEA:H,GSEAH0034,"HALLMARK_APOPTOSIS",GENE1786
GSEA:H,GSEAH0034,"HALLMARK_APOPTOSIS",GENE0858
GSEA:H,GSEAH0034,"HALLMARK_APOPTOSIS",GENE0975
GSEA:H,GSEAH0034,"HALLMARK_APOPTOSIS",GENE2461
GSEA:H,GSEAH0034,"HALLMARK_APOPTOSIS",GENE0244
GSEA:H,GSEAH0034,"HALLMARK_APOPTOSIS",GENE0612
GSEA:H,GSEAH0034,"HALLMARK_APOPTOSIS",GENE0671
GSEA:H,GSEAH0034,"HALLMARK_APOPTOSIS",GENE0677
GSEA:H,GSEAH0034,"HALLMARK_APOPTOSIS",GENE2649
GSEA:H,GSEAH0034,"HALLMARK_APOPTOSIS",GENE0968
GSEA:H,GSEAH0034,"HALLMARK_APOPTOSIS",GENE0707
GSEA:H,GSEAH0034,"HALLMARK_APOPTOSIS",GENE1959
GSEA:H,GSEAH0034,"HALLMARK_APOPTOSIS",GENE1935
GSEA:H,GSEAH0034,"HALLMARK_APOPTOSIS",GENE0097
GSEA:H,GSEAH0034,"HALLMARK_APOPTOSIS",GENE1436
GSEA:H,GSEAH0034,"HALLMARK_APOPTOSIS",GENE1456
GSEA:H,GSEAH0034,"HALLMARK_APOPTOSIS",GENE2796
GSEA:H,GSEAH0034,"HALLMARK_APOPTOSIS",GENE0870
GSEA:H,GSEAH0034,"HALLMARK_APOPTOSIS",GENE0589
GSEA:H,GSEAH0034,"HALLMARK_APOPTOSIS",GENE1887
GSEA:H,GSEAH0034,"HALLMARK_APOPTOSIS",GENE1204
GSEA:H,GSEAH0034,"HALLMARK_APOPTOSIS",GENE0894
GSEA:H,GSEAH0034,"HALLMARK_APOPTOSIS",GENE0712
GSEA:H,GSEAH0034,"HALLMARK_APOPTOSIS",GENE1393
GSEA:H,GSEAH0034,"HALLMARK_APOPTOSIS",GENE2488
GSEA:H,GSEAH0034,"HALLMARK_APOPTOSIS",GENE1690
GSEA:H,GSEAH0034,"HALLMARK_APOPTOSIS",GENE1480
GSEA:H,GSEAH0034,"HALLMARK_APOPTOSIS",GENE1758
GSEA:H,GSEAH0034,"HALLMARK_APOPTOSIS",GENE0126
GSEA:H,GSEAH0034,"HALLMARK_APOPTOSIS",GENE1773
GSEA:H,GSEAH0034,"HALLMARK_APOPTOSIS",GENE0333
GSEA:H,GSEAH0034,"HALLMARK_APOPTOSIS",GENE1817
GSEA:H,GSEAH0034,"HALLMARK_APOPTOSIS",GENE0909
GSEA:H,GSEAH0034,"HALLMARK_APOPTOSIS",GENE1252
GSEA:H,GSEAH0034,"HALLMARK_APOPTOSIS",GENE1938
GSEA:H,GSEAH0034,"HALLMARK_APOPTOSIS",GENE0283
GSEA:H,GSEAH0034,"HALLMARK_APOPTOSIS",GENE0538
GSEA:H,GSEAH0034,"HALLMARK_APOPTOSIS",GENE1760
GSEA:H,GSEAH0034,"HALLMARK_APOPTOSIS",GENE1657
GSEA:H,GSEAH0034,"HALLMARK_APOPTOSIS",GENE2074
GSEA:H,GSEAH0034,"HALLMARK_APOPTOSIS",GENE1347
GSEA:H,GSEAH0034,"HALLMARK_APOPTOSIS",GENE0744
GSEA:H,GSEAH0034,"HALLMARK_APOPTOSIS",GENE1795
GSEA:H,GSEAH0034,"HALLMARK_APOPTOSIS",GENE1381
GSEA:H,GSEAH0034,"HALLMARK_APOPTOSIS",GENE0120
GSEA:H,GSEAH0034,"HALLMARK_APOPTOSIS",GENE0318
GSEA:H,GSEAH0034,"HALLMARK_APOPTOSIS",GENE2437
GSEA:H,GSEAH0034,"HALLMARK_APOPTOSIS",GENE1297
GSEA:H,GSEAH0034,"HALLMARK_APOPTOSIS",GENE1877
GSEA:H,GSEAH0034,"HALLMARK_APOPTOSIS",GENE0123
GSEA:H,GSEAH0034,"HALLMARK_APOPTOSIS",GENE0371
GSEA:H,GSEAH0034,"HALLMARK_APOPTOSIS",GENE2549
GSEA:H,GSEAH0034,"HALLMARK_APOPTOSIS",GENE1505
GSEA:H,GSEAH0034,"HALLMARK_APOPTOSIS",GENE1755
GSEA:H,GSEAH0034,"HALLMARK_APOPTOSIS",GENE0557
GSEA:H,GSEAH0034,"HALLMARK_APOPTOSIS",GENE0170
GSEA:H,GSEAH0034,"HALLMARK_APOPTOSIS",GENE0313
GSEA:H,GSEAH0034,"HALLMARK_APOPTOSIS",GENE0121
GSEA:H,GSEAH0034,"HALLMARK_APOPTOSIS",GENE0983
GSEA:H,GSEAH0034,"HALLMARK_APOPTOSIS",GENE0788
GSEA:H,GSEAH0034,"HALLMARK_APOPTOSIS",GENE0789
GSEA:H,GSEAH0034,"HALLMARK_APOPTOSIS",GENE0113
GSEA:H,GSEAH0034,"HALLMARK_APOPTOSIS",GENE2718
GSEA:H,GSEAH0034,"HALLMARK_APOPTOSIS",GENE2465
GSEA:H,GSEAH0034,"HALLMARK_APOPTOSIS",GENE2941
GSEA:H,GSEAH0034,"HALLMARK_APOPTOSIS",GENE0488
GSEA:H,GSEAH0034,"HALLMARK_APOPTOSIS",GENE0784
GSEA:H,GSEAH0034,"HALLMARK_APOPTOSIS",GENE2083
GSEA:H,GSEAH0034,"HALLMARK_APOPTOSIS",GENE2196
GSEA:H,GSEAH0034,"HALLMARK_APOPTOSIS",GENE0233
GSEA:H,GSEAH0034,"HALLMARK_APOPTOSIS",GENE1235
GSEA:H,GSEAH0034,"HALLMARK_APOPTOSIS",GENE0084
GSEA:H,GSEAH0034,"HALLMARK_APOPTOSIS",GENE1329
GSEA:H,GSEAH0034,"HALLMARK_APOPTOSIS",GENE0868
GSEA:H,GSEAH0034,"HALLMARK_APOPTOSIS",GENE2569
GSEA:H,GSEAH0034,"HALLMARK_APOPTOSIS",GENE1110
GSEA:H,GSEAH0034,"HALLMARK_APOPTOSIS",GENE1911
GSEA:H,GSEAH0034,"HALLMARK_APOPTOSIS",GENE1312
GSEA:H,GSEAH0034,"HALLMARK_APOPTOSIS",GENE1198
GSEA:H,GSEAH0034,"HALLMARK_APOPTOSIS",GENE1720
GSEA:H,GSEAH0034,"HALLMARK_APOPTOSIS",GENE0130
GSEA:H,GSEAH0034,"HALLMARK_APOPTOSIS",GENE0817
GSEA:H,GSEAH0034,"HALLMARK_APOPTOSIS",GENE0390
GSEA:H,GSEAH0034,"HALLMARK_APOPTOSIS",GENE1891
GSEA:H,GSEAH0034,"HALLMARK_APOPTOSIS",MKI67
GSEA:H,GSEAH0034,"HALLMARK_APOPTOSIS",GENE0254
GSEA:H,GSEAH0034,"HALLMARK_APOPTOSIS",GENE2805
GSEA:H,GSEAH0034,"HALLMARK_APOPTOSIS",GENE2126
GSEA:H,GSEAH0034,"HALLMARK_APOPTOSIS",GENE1581
GSEA:H,GSEAH0034,"HALLMARK_APOPTOSIS",GENE2312
GSEA:H,GSEAH0034,"HALLMARK_APOPTOSIS",GENE2349
GSEA:H,GSEAH0034,"HALLMARK_APOPTOSIS",GENE0500
GSEA:H,GSEAH0034,"HALLMARK_APOPTOSIS",GENE1697
GSEA:H,GSEAH0034,"HALLMARK_APOPTOSIS",GENE1869
GSEA:H,GSEAH0034,"HALLMARK_APOPTOSIS",GENE1160
GSEA:H,GSEAH0034,"HALLMARK_APOPTOSIS",GENE2898
GSEA:H,GSEAH0034,"HALLMARK_APOPTOSIS",GENE0516
GSEA:H,GSEAH0034,"HALLMARK_APOPTOSIS",GENE1780
GSEA:H,GSEAH0034,"HALLMARK_APOPTOSIS",GENE2785
GSEA:H,GSEAH0034,"HALLMARK_APOPTOSIS",GENE2367
GSEA:H,GSEAH0034,"HALLMARK_APOPTOSIS",GENE0340
GSEA:H,GSEAH0034,"HALLMARK_APOPTOSIS",GENE2178
GSEA:H,GSEAH0034,"HALLMARK_APOPTOSIS",GENE2660
GSEA:H,GSEAH0034,"HALLMARK_APOPTOSIS",GENE2186
GSEA:H,GSEAH0034,"HALLMARK_APOPTOSIS",GENE2471
GSEA:H,GSEAH0034,"HALLMARK_APOPTOSIS",GENE1276
GSEA:H,GSEAH0034,"HALLMARK_APOPTOSIS",GENE1964
GSEA:H,GSEAH0034,"HALLMARK_APOPTOSIS",GENE2776
GSEA:H,GSEAH0034,"HALLMARK_APOPTOSIS",GENE0556
GSEA:H,GSEAH0034,"HALLMARK_APOPTOSIS",GENE2393
GSEA:H,GSEAH0034,"HALLMARK_APOPTOSIS",GENE1350
GSEA:H,GSEAH0034,"HALLMARK_APOPTOSIS",GENE1886
GSEA:H,GSEAH0034,"HALLMARK_APOPTOSIS",GENE0901
GSEA:H,GSEAH0034,"HALLMARK_APOPTOSIS",GENE2067
GSEA:H,GSEAH0034,"HALLMARK_APOPTOSIS",GENE0388
GSEA:H,GSEAH0034,"HALLMARK_APOPTOSIS",GENE0057
GSEA:H,GSEAH0034,"HALLMARK_APOPTOSIS",GENE1849
GSEA:H,GSEAH0034,"HALLMARK_APOPTOSIS",GENE0746
GSEA:H,GSEAH0034,"HALLMARK_APOPTOSIS",GENE1410
GSEA:H,GSEAH0034,"HALLMARK_APOPTOSIS",GENE0832
GSEA:H,GSEAH0034,"HALLMARK_APOPTOSIS",GENE0771
GSEA:H,GSEAH0034,"HALLMARK_APOPTOSIS",GENE0155
GSEA:H,GSEAH0034,"HALLMARK_APOPTOSIS",GENE1898
GSEA:H,GSEAH0034,"HALLMARK_APOPTOSIS",GENE2637
GSEA:H,GSEAH0034,"HALLMARK_APOPTOSIS",GENE2867
GSEA:H,GSEAH0034,"HALLMARK_APOPTOSIS",GENE1850
GSEA:H,GSEAH0034,"HALLMARK_APOPTOSIS",GENE2938
GSEA:H,GSEAH0034,"HALLMARK_APOPTOSIS",GENE2321
GSEA:H,GSEAH0034,"HALLMARK_APOPTOSIS",GENE1299
GSEA:H,GSEAH0034,"HALLMARK_APOPTOSIS",GENE1270
GSEA:H,GSEAH0034,"HALLMARK_APOPTOSIS",GENE0112
GSEA:H,GSEAH0034,"HALLMARK_APOPTOSIS",GENE2446
GSEA:H,GSEAH0034,"HALLMARK_APOPTOSIS",GENE0467
GSEA:H,GSEAH0034,"HALLMARK_APOPTOSIS",GENE0716
GSEA:H,GSEAH0034,"HALLMARK_APOPTOSIS",GENE0372
GSEA:H,GSEAH0034,"HALLMARK_APOPTOSIS",GENE1363
GSEA:H,GSEAH0034,"HALLMARK_APOPTOSIS",GENE1192
GSEA:H,GSEAH0034,"HALLMARK_APOPTOSIS",GENE1705
GSEA:H,GSEAH0034,"HALLMARK_APOPTOSIS",GENE1450
GSEA:H,GSEAH0034,"HALLMARK_APOPTOSIS",GENE1655
GSEA:H,GSEAH0034,"HALLMARK_APOPTOSIS",GENE2232
GSEA:H,GSEAH0034,"HALLMARK_APOPTOSIS",GENE0795
GSEA:H,GSEAH0034,"HALLMARK_APOPTOSIS",GENE1466
GSEA:H,GSEAH0034,"HALLMARK_APOPTOSIS",GENE2480
GSEA:H,GSEAH0034,"HALLMARK_APOPTOSIS",GENE2094
GSEA:H,GSEAH0034,"HALLMARK_APOPTOSIS",GENE2401
GSEA:H,GSEAH0034,"HALLMARK_APOPTOSIS",GENE0926
GSEA:H,GSEAH0034,"HALLMARK_APOPTOSIS",GENE0737
GSEA:H,GSEAH0034,"HALLMARK_APOPTOSIS",GENE2454
GSEA:H,GSEAH0034,"HALLMARK_APOPTOSIS",GENE1330
GSEA:H,GSEAH0034,"HALLMARK_APOPTOSIS",GENE1046
GSEA:H,GSEAH0034,"HALLMARK_APOPTOSIS",GENE1894
GSEA:H,GSEAH0034,"HALLMARK_APOPTOSIS",GENE1253
GSEA:H,GSEAH0034,"HALLMARK_APOPTOSIS",GENE2217
GSEA:H,GSEAH0034,"HALLMARK_APOPTOSIS",GENE1790
GSEA:H,GSEAH0034,"HALLMARK_APOPTOSIS",GENE2042
GSEA:H,GSEAH0035,"HALLMARK_INTERFERON_GAMMA_RESPONSE",GENE2849
GSEA:H,GSEAH0035,"HALLMARK_INTERFERON_GAMMA_RESPONSE",GENE1897
GSEA:H,GSEAH0035,"HALLMARK_INTERFERON_GAMMA_RESPONSE",GENE2097
GSEA:H,GSEAH0035,"HALLMARK_INTERFERON_GAMMA_RESPONSE",GENE2484
GSEA:H,GSEAH0035,"HALLMARK_INTERFERON_GAMMA_RESPONSE",GENE1241
GSEA:H,GSEAH0035,"HALLMARK_INTERFERON_GAMMA_RESPONSE",GENE1758
GSEA:H,GSEAH0035,"HALLMARK_INTERFERON_GAMMA_RESPONSE",GENE0507
GSEA:H,GSEAH0035,"HALLMARK_INTERFERON_GAMMA_RESPONSE",GENE1546
GSEA:H,GSEAH0035,"HALLMARK_INTERFERON_GAMMA_RESPONSE",GENE2740
GSEA:H,GSEAH0035,"HALLMARK_INTERFERON_GAMMA_RESPONSE",GENE2960
GSEA:H,GSEAH0035,"HALLMARK_INTERFERON_GAMMA_RESPONSE",GENE1936
GSEA:H,GSEAH0035,"HALLMARK_INTERFERON_GAMMA_RESPONSE",GENE1321
GSEA:H,GSEAH0035,"HALLMARK_INTERFERON_GAMMA_RESPONSE",GENE2722
GSEA:H,GSEAH0035,"HALLMARK_INTERFERON_GAMMA_RESPONSE",GENE0373
GSEA:H,GSEAH0035,"HALLMARK_INTERFERON_GAMMA_RESPONSE",GENE0891
GSEA:H,GSEAH0035,"HALLMARK_INTERFERON_GAMMA_RESPONSE",GENE0699
GSEA:H,GSEAH0035,"HALLMARK_INTERFERON_GAMMA_RESPONSE",GENE2882
GSEA:H,GSEAH0035,"HALLMARK_INTERFERON_GAMMA_RESPONSE",GENE2780
GSEA:H,GSEAH0035,"HALLMARK_INTERFERON_GAMMA_RESPONSE",GENE2826
GSEA:H,GSEAH0035,"HALLMARK_INTERFERON_GAMMA_RESPONSE",GENE1155
GSEA:H,GSEAH0035,"HALLMARK_INTERFERON_GAMMA_RESPONSE",GENE0563
GSEA:H,GSEAH0035,"HALLMARK_INTERFERON_GAMMA_RESPONSE",GENE1417
GSEA:H,GSEAH0035,"HALLMARK_INTERFERON_GAMMA_RESPONSE",GENE1308
GSEA:H,GSEAH0035,"HALLMARK_INTERFERON_GAMMA_RESPONSE",GENE0097
GSEA:H,GSEAH0035,"HALLMARK_INTERFERON_GAMMA_RESPONSE",GENE2185
GSEA:H,GSEAH0035,"HALLMARK_INTERFERON_GAMMA_RESPONSE",GENE1288
GSEA:H,GSEAH0035,"HALLMARK_INTERFERON_GAMMA_RESPONSE",GENE1357
GSEA:H,GSEAH0035,"HALLMARK_INTERFERON_GAMMA_RESPONSE",GENE0549
GSEA:H,GSEAH0035,"HALLMARK_INTERFERON_GAMMA_RESPONSE",GENE1747
GSEA:H,GSEAH0035,"HALLMARK_INTERFERON_GAMMA_RESPONSE",GENE0555
GSEA:H,GSEAH0035,"HALLMARK_INTERFERON_GAMMA_RESPONSE",GENE0472
GSEA:H,GSEAH0035,"HALLMARK_INTERFERON_GAMMA_RESPONSE",GENE1098
GSEA:H,GSEAH0035,"HALLMARK_INTERFERON_GAMMA_RESPONSE",GENE1407
GSEA:H,GSEAH0035,"HALLMARK_INTERFERON_GAMMA_RESPONSE",GENE0323
GSEA:H,GSEAH0035,"HALLMARK_INTERFERON_GAMMA_RESPONSE",GENE1818
GSEA:H,GSEAH0035,"HALLMARK_INTERFERON_GAMMA_RESPONSE",GENE1347
GSEA:H,GSEAH0035,"HALLMARK_INTERFERON_GAMMA_RESPONSE",GENE1741
GSEA:H,GSEAH0035,"HALLMARK_INTERFERON_GAMMA_RESPONSE",GENE2197
GSEA:H,GSEAH0035,"HALLMARK_INTERFERON_GAMMA_RESPONSE",JUN
GSEA:H,GSEAH0035,"HALLMARK_INTERFERON_GAMMA_RESPONSE",GENE2109
GSEA:H,GSEAH0035,"HALLMARK_INTERFERON_GAMMA_RESPONSE",GENE1774
GSEA:H,GSEAH0035,"HALLMARK_INTERFERON_GAMMA_RESPONSE",GENE1410
GSEA:H,GSEAH0035,"HALLMARK_INTERFERON_GAMMA_RESPONSE",GENE0802
GSEA:H,GSEAH0035,"HALLMARK_INTERFERON_GAMMA_RESPONSE",GENE1604
GSEA:H,GSEAH0035,"HALLMARK_INTERFERON_GAMMA_RESPONSE",GENE2253
GSEA:H,GSEAH0035,"HALLMARK_INTERFERON_GAMMA_RESPONSE",GENE0761
GSEA:H,GSEAH0035,"HALLMARK_INTERFERON_GAMMA_RESPONSE",GENE0285
GSEA:H,GSEAH0035,"HALLMARK_INTERFERON_GAMMA_RESPONSE",GENE2970
GSEA:H,GSEAH0035,"HALLMARK_INTERFERON_GAMMA_RESPONSE",GENE2948
GSEA:H,GSEAH0035,"HALLMARK_INTERFERON_GAMMA_RESPONSE",GENE0147
GSEA:H,GSEAH0035,"HALLMARK_INTERFERON_GAMMA_RESPONSE",GENE1530
GSEA:H,GSEAH0035,"HALLMARK_INTERFERON_GAMMA_RESPONSE",GENE0088
GSEA:H,GSEAH0035,"HALLMARK_INTERFERON_GAMMA_RESPONSE",GENE1938
GSEA:H,GSEAH0035,"HALLMARK_INTERFERON_GAMMA_RESPONSE",GENE1657
GSEA:H,GSEAH0035,"HALLMARK_INTERFERON_GAMMA_RESPONSE",GENE0322
GSEA:H,GSEAH0035,"HALLMARK_INTERFERON_GAMMA_RESPONSE",GENE2461
GSEA:H,GSEAH0035,"HALLMARK_INTERFERON_GAMMA_RESPONSE",GENE0735
GSEA:H,GSEAH0035,"HALLMARK_INTERFERON_GAMMA_RESPONSE",GENE0187
GSEA:H,GSEAH0035,"HALLMARK_INTERFERON_GAMMA_RESPONSE",GENE1887
GSEA:H,GSEAH0035,"HALLMARK_INTERFERON_GAMMA_RESPONSE",GENE1172
GSEA:H,GSEAH0035,"HALLMARK_INTERFERON_GAMMA_RESPONSE",GENE2933
GSEA:H,GSEAH0035,"HALLMARK_INTERFERON_GAMMA_RESPONSE",GENE2622
GSEA:H,GSEAH0035,"HALLMARK_INTERFERON_GAMMA_RESPONSE",GENE1350
GSEA:H,GSEAH0035,"HALLMARK_INTERFERON_GAMMA_RESPONSE",GENE1795
GSEA:H,GSEAH0035,"HALLMARK_INTERFERON_GAMMA_RESPONSE",GENE0637
GSEA:H,GSEAH0035,"HALLMARK_INTERFERON_GAMMA_RESPONSE",GENE0538
GSEA:H,GSEAH0035,"HALLMARK_INTERFERON_GAMMA_RESPONSE",GENE2633
GSEA:H,GSEAH0035,"HALLMARK_INTERFERON_GAMMA_RESPONSE",GENE2078
GSEA:H,GSEAH0035,"HALLMARK_INTERFERON_GAMMA_RESPONSE",GENE1231
GSEA:H,GSEAH0035,"HALLMARK_INTERFERON_GAMMA_RESPONSE",GENE2233
GSEA:H,GSEAH0035,"HALLMARK_INTERFERON_GAMMA_RESPONSE",GENE1725
GSEA:H,GSEAH0035,"HALLMARK_INTERFERON_GAMMA_RESPONSE",GENE0770
GSEA:H,GSEAH0035,"HALLMARK_INTERFERON_GAMMA_RESPONSE",GENE2641
GSEA:H,GSEAH0035,"HALLMARK_INTERFERON_GAMMA_RESPONSE",GENE2282
GSEA:H,GSEAH0035,"HALLMARK_INTERFERON_GAMMA_RESPONSE",GENE1573
GSEA:H,GSEAH0035,"HALLMARK_INTERFERON_GAMMA_RESPONSE",GENE1196
GSEA:H,GSEAH0035,"HALLMARK_INTERFERON_GAMMA_RESPONSE",GENE2674
GSEA:H,GSEAH0035,"HALLMARK_INTERFERON_GAMMA_RESPONSE",GENE0803
GSEA:H,GSEAH0035,"HALLMARK_INTERFERON_GAMMA_RESPONSE",GENE1759
GSEA:H,GSEAH0035,"HALLMARK_INTERFERON_GAMMA_RESPONSE",GENE0933
GSEA:H,GSEAH0035,"HALLMARK_INTERFERON_GAMMA_RESPONSE",GENE0450
GSEA:H,GSEAH0035,"HALLMARK_INTERFERON_GAMMA_RESPONSE",GENE1443
GSEA:H,GSEAH0035,"HALLMARK_INTERFERON_GAMMA_RESPONSE",GENE1441
GSEA:H,GSEAH0035,"HALLMARK_INTERFERON_GAMMA_RESPONSE",GENE1133
GSEA:H,GSEAH0035,"HALLMARK_INTERFERON_GAMMA_RESPONSE",GENE1243
GSEA:H,GSEAH0035,"HALLMARK_INTERFERON_GAMMA_RESPONSE",GENE1352
GSEA:H,GSEAH0035,"HALLMARK_INTERFERON_GAMMA_RESPONSE",GENE2527
GSEA:H,GSEAH0035,"HALLMARK_INTERFERON_GAMMA_RESPONSE",GENE2310
GSEA:H,GSEAH0035,"HALLMARK_INTERFERON_GAMMA_RESPONSE",GENE2623
GSEA:H,GSEAH0035,"HALLMARK_INTERFERON_GAMMA_RESPONSE",GENE0571
GSEA:H,GSEAH0035,"HALLMARK_INTERFERON_GAMMA_RESPONSE",GENE0068
GSEA:H,GSEAH0035,"HALLMARK_INTERFERON_GAMMA_RESPONSE",GENE2553
GSEA:H,GSEAH0035,"HALLMARK_INTERFERON_GAMMA_RESPONSE",GENE1515
GSEA:H,GSEAH0035,"HALLMARK_INTERFERON_GAMMA_RESPONSE",GENE2765
GSEA:H,GSEAH0035,"HALLMARK_INTERFERON_GAMMA_RESPONSE",GENE1000
GSEA:H,GSEAH0035,"HALLMARK_INTERFERON_GAMMA_RESPONSE",GENE0702
GSEA:H,GSEAH0035,"HALLMARK_INTERFERON_GAMMA_RESPONSE",GENE2584
GSEA:H,GSEAH0035,"HALLMARK_INTERFERON_GAMMA_RESPONSE",GENE1464
GSEA:H,GSEAH0035,"HALLMARK_INTERFERON_GAMMA_RESPONSE",GENE2545
GSEA:H,GSEAH0035,"HALLMARK_INTERFERON_GAMMA_RESPONSE",GENE0606
GSEA:H,GSEAH0035,"HALLMARK_INTERFERON_GAMMA_RESPONSE",GENE0884
GSEA:H,GSEAH0035,"HALLMARK_INTERFERON_GAMMA_RESPONSE",GENE1687
GSEA:H,GSEAH0035,"HALLMARK_INTERFERON_GAMMA_RESPONSE",GENE2089
GSEA:H,GSEAH0035,"HALLMARK_INTERFERON_GAMMA_RESPONSE",GENE2991
GSEA:H,GSEAH0035,"HALLMARK_INTERFERON_GAMMA_RESPONSE",GENE0253
GSEA:H,GSEAH0035,"HALLMARK_INTERFERON_GAMMA_RESPONSE",GENE1287
GSEA:H,GSEAH0035,"HALLMARK_INTERFERON_GAMMA_RESPONSE",GENE2309
GSEA:H,GSEAH0035,"HALLMARK_INTERFERON_GAMMA_RESPONSE",GENE0929
GSEA:H,GSEAH0035,"HALLMARK_INTERFERON_GAMMA_RESPONSE",GENE1830
GSEA:H,GSEAH0035,"HALLMARK_INTERFERON_GAMMA_RESPONSE",GENE1153
GSEA:H,GSEAH0035,"HALLMARK_INTERFERON_GAMMA_RESPONSE",GENE0493
GSEA:H,GSEAH0035,"HALLMARK_INTERFERON_GAMMA_RESPONSE",GENE0583
GSEA:H,GSEAH0035,"HALLMARK_INTERFERON_GAMMA_RESPONSE",GENE1344
GSEA:H,GSEAH0035,"HALLMARK_INTERFERON_GAMMA_RESPONSE",GENE1606
GSEA:H,GSEAH0035,"HALLMARK_INTERFERON_GAMMA_RESPONSE",GENE1957
GSEA:H,GSEAH0035,"HALLMARK_INTERFERON_GAMMA_RESPONSE",GENE1182
GSEA:H,GSEAH0035,"HALLMARK_INTERFERON_GAMMA_RESPONSE",GENE1120
GSEA:H,GSEAH0035,"HALLMARK_INTERFERON_GAMMA_RESPONSE",GENE2476
GSEA:H,GSEAH0035,"HALLMARK_INTERFERON_GAMMA_RESPONSE",GENE2308
GSEA:H,GSEAH0035,"HALLMARK_INTERFERON_GAMMA_RESPONSE",GENE2437
GSEA:H,GSEAH0035,"HALLMARK_INTERFERON_GAMMA_RESPONSE",GENE2857
GSEA:H,GSEAH0035,"HALLMARK_INTERFERON_GAMMA_RESPONSE",GENE1459
GSEA:H,GSEAH0035,"HALLMARK_INTERFERON_GAMMA_RESPONSE",GENE0268
GSEA:H,GSEAH0035,"HALLMARK_INTERFERON_GAMMA_RESPONSE",GENE0267
GSEA:H,GSEAH0035,"HALLMARK_INTERFERON_GAMMA_RESPONSE",GENE1850
GSEA:H,GSEAH0035,"HALLMARK_INTERFERON_GAMMA_RESPONSE",GENE2668
GSEA:H,GSEAH0035,"HALLMARK_INTERFERON_GAMMA_RESPONSE",GENE1127
GSEA:H,GSEAH0035,"HALLMARK_INTERFERON_GAMMA_RESPONSE",GENE2092
GSEA:H,GSEAH0035,"HALLMARK_INTERFERON_GAMMA_RESPONSE",GENE2087
GSEA:H,GSEAH0035,"HALLMARK_INTERFERON_GAMMA_RESPONSE",GENE0059
GSEA:H,GSEAH0035,"HALLMARK_INTERFERON_GAMMA_RESPONSE",GENE1675
GSEA:H,GSEAH0035,"HALLMARK_INTERFERON_GAMMA_RESPONSE",GENE0899
GSEA:H,GSEAH0035,"HALLMARK_INTERFERON_GAMMA_RESPONSE",GENE2695
GSEA:H,GSEAH0035,"HALLMARK_INTERFERON_GAMMA_RESPONSE",GENE1874
GSEA:H,GSEAH0035,"HALLMARK_INTERFERON_GAMMA_RESPONSE",GENE2638
GSEA:H,GSEAH0035,"HALLMARK_INTERFERON_GAMMA_RESPONSE",GENE1719
GSEA:H,GSEAH0035,"HALLMARK_INTERFERON_GAMMA_RESPONSE",GENE0259
GSEA:H,GSEAH0035,"HALLMARK_INTERFERON_GAMMA_RESPONSE",GENE0598
GSEA:H,GSEAH0035,"HALLMARK_INTERFERON_GAMMA_RESPONSE",GENE0946
GSEA:H,GSEAH0035,"HALLMARK_INTERFERON_GAMMA_RESPONSE",GENE2927
GSEA:H,GSEAH0035,"HALLMARK_INTERFERON_GAMMA_RESPONSE",GENE1007
GSEA:H,GSEAH0035,"HALLMARK_INTERFERON_GAMMA_RESPONSE",GENE2190
GSEA:H,GSEAH0035,"HALLMARK_INTERFERON_GAMMA_RESPONSE",GENE1421
GSEA:H,GSEAH0035,"HALLMARK_INTERFERON_GAMMA_RESPONSE",GENE1806
GSEA:H,GSEAH0035,"HALLMARK_INTERFERON_GAMMA_RESPONSE",GENE2211
GSEA:H,GSEAH0035,"HALLMARK_INTERFERON_GAMMA_RESPONSE",GENE0449
GSEA:H,GSEAH0035,"HALLMARK_INTERFERON_GAMMA_RESPONSE",GENE2008
GSEA:H,GSEAH0035,"HALLMARK_INTERFERON_GAMMA_RESPONSE",GENE2005
GSEA:H,GSEAH0035,"HALLMARK_INTERFERON_GAMMA_RESPONSE",GENE2439
GSEA:H,GSEAH0035,"HALLMARK_INTERFERON_GAMMA_RESPONSE",GENE1139
GSEA:H,GSEAH0035,"HALLMARK_INTERFERON_GAMMA_RESPONSE",GENE2247
GSEA:H,GSEAH0035,"HALLMARK_INTERFERON_GAMMA_RESPONSE",GENE1091
GSEA:H,GSEAH0035,"HALLMARK_INTERFERON_GAMMA_RESPONSE",GENE1283
GSEA:H,GSEAH0035,"HALLMARK_INTERFERON_GAMMA_RESPONSE",GENE1803
GSEA:H,GSEAH0035,"HALLMARK_INTERFERON_GAMMA_RESPONSE",GENE1713
GSEA:H,GSEAH0035,"HALLMARK_INTERFERON_GAMMA_RESPONSE",GENE0695
GSEA:H,GSEAH0035,"HALLMARK_INTERFERON_GAMMA_RESPONSE",GENE0402
GSEA:H,GSEAH0035,"HALLMARK_INTERFERON_GAMMA_RESPONSE",GENE1309
GSEA:H,GSEAH0035,"HALLMARK_INTERFERON_GAMMA_RESPONSE",GENE0828
GSEA:H,GSEAH0035,"HALLMARK_INTERFERON_GAMMA_RESPONSE",GENE2323
GSEA:H,GSEAH0035,"HALLMARK_INTERFERON_GAMMA_RESPONSE",GENE0056
GSEA:H,GSEAH0035,"HALLMARK_INTERFERON_GAMMA_RESPONSE",GENE1028
GSEA:H,GSEAH0035,"HALLMARK_INTERFERON_GAMMA_RESPONSE",GENE0347
GSEA:H,GSEAH0035,"HALLMARK_INTERFERON_GAMMA_RESPONSE",GENE1395
GSEA:H,GSEAH0035,"HALLMARK_INTERFERON_GAMMA_RESPONSE",GENE2432
GSEA:H,GSEAH0035,"HALLMARK_INTERFERON_GAMMA_RESPONSE",GENE1642
GSEA:H,GSEAH0035,"HALLMARK_INTERFERON_GAMMA_RESPONSE",GENE1751
GSEA:H,GSEAH0035,"HALLMARK_INTERFERON_GAMMA_RESPONSE",GENE0925
GSEA:H,GSEAH0035,"HALLMARK_INTERFERON_GAMMA_RESPONSE",GENE2943
GSEA:H,GSEAH0035,"HALLMARK_INTERFERON_GAMMA_RESPONSE",GENE2173
GSEA:H,GSEAH0035,"HALLMARK_INTERFERON_GAMMA_RESPONSE",GENE2640
GSEA:H,GSEAH0035,"HALLMARK_INTERFERON_GAMMA_RESPONSE",GENE2711
GSEA:H,GSEAH0035,"HALLMARK_INTERFERON_GAMMA_RESPONSE",GENE0234
GSEA:H,GSEAH0035,"HALLMARK_INTERFERON_GAMMA_RESPONSE",GENE1476
GSEA:H,GSEAH0035,"HALLMARK_INTERFERON_GAMMA_RESPONSE",GENE0940
GSEA:H,GSEAH0035,"HALLMARK_INTERFERON_GAMMA_RESPONSE",GENE0739
GSEA:H,GSEAH0035,"HALLMARK_INTERFERON_GAMMA_RESPONSE",GENE0448
GSEA:H,GSEAH0035,"HALLMARK_INTERFERON_GAMMA_RESPONSE",GENE2581
GSEA:H,GSEAH0036,"HALLMARK_E2F_TARGETS",GENE1818
GSEA:H,GSEAH0036,"HALLMARK_E2F_TARGETS",GENE2690
GSEA:H,GSEAH0036,"HALLMARK_E2F_TARGETS",GENE1652
GSEA:H,GSEAH0036,"HALLMARK_E2F_TARGETS",GENE1650
GSEA:H,GSEAH0036,"HALLMARK_E2F_TARGETS",GENE0734
GSEA:H,GSEAH0036,"HALLMARK_E2F_TARGETS",CCND1
GSEA:H,GSEAH0036,"HALLMARK_E2F_TARGETS",GENE0450
GSEA:H,GSEAH0036,"HALLMARK_E2F_TARGETS",GENE2641
GSEA:H,GSEAH0036,"HALLMARK_E2F_TARGETS",GENE1374
GSEA:H,GSEAH0036,"HALLMARK_E2F_TARGETS",GENE2774
GSEA:H,GSEAH0036,"HALLMARK_E2F_TARGETS",GENE1062
GSEA:H,GSEAH0036,"HALLMARK_E2F_TARGETS",GENE1451
GSEA:H,GSEAH0036,"HALLMARK_E2F_TARGETS",GENE1546
GSEA:H,GSEAH0036,"HALLMARK_E2F_TARGETS",GENE2018
GSEA:H,GSEAH0036,"HALLMARK_E2F_TARGETS",GENE1897
GSEA:H,GSEAH0036,"HALLMARK_E2F_TARGETS",GENE0889
GSEA:H,GSEAH0036,"HALLMARK_E2F_TARGETS",GENE0653
GSEA:H,GSEAH0036,"HALLMARK_E2F_TARGETS",GENE1163
GSEA:H,GSEAH0036,"HALLMARK_E2F_TARGETS",GENE1995
GSEA:H,GSEAH0036,"HALLMARK_E2F_TARGETS",GENE1340
GSEA:H,GSEAH0036,"HALLMARK_E2F_TARGETS",GENE2453
GSEA:H,GSEAH0036,"HALLMARK_E2F_TARGETS",GENE0371
GSEA:H,GSEAH0036,"HALLMARK_E2F_TARGETS",GENE1321
GSEA:H,GSEAH0036,"HALLMARK_E2F_TARGETS",GENE2649
GSEA:H,GSEAH0036,"HALLMARK_E2F_TARGETS",GENE2253
GSEA:H,GSEAH0036,"HALLMARK_E2F_TARGETS",GENE2038
GSEA:H,GSEAH0036,"HALLMARK_E2F_TARGETS",GENE1748
GSEA:H,GSEAH0036,"HALLMARK_E2F_TARGETS",GENE1308
GSEA:H,GSEAH0036,"HALLMARK_E2F_TARGETS",GENE2188
GSEA:H,GSEAH0036,"HALLMARK_E2F_TARGETS",GENE1999
GSEA:H,GSEAH0036,"HALLMARK_E2F_TARGETS",GENE1003
GSEA:H,GSEAH0036,"HALLMARK_E2F_TARGETS",GENE0524
GSEA:H,GSEAH0036,"HALLMARK_E2F_TARGETS",GENE2388
GSEA:H,GSEAH0036,"HALLMARK_E2F_TARGETS",GENE1838
GSEA:H,GSEAH0036,"HALLMARK_E2F_TARGETS",GENE2591
GSEA:H,GSEAH0036,"HALLMARK_E2F_TARGETS",GENE0612
GSEA:H,GSEAH0036,"HALLMARK_E2F_TARGETS",GENE1100
GSEA:H,GSEAH0036,"HALLMARK_E2F_TARGETS",GENE2524
GSEA:H,GSEAH0036,"HALLMARK_E2F_TARGETS",GENE0223
GSEA:H,GSEAH0036,"HALLMARK_E2F_TARGETS",GENE2437
GSEA:H,GSEAH0036,"HALLMARK_E2F_TARGETS",GENE1668
GSEA:H,GSEAH0036,"HALLMARK_E2F_TARGETS",GENE1189
GSEA:H,GSEAH0036,"HALLMARK_E2F_TARGETS",GENE2507
GSEA:H,GSEAH0036,"HALLMARK_E2F_TARGETS",GENE0391
GSEA:H,GSEAH0036,"HALLMARK_E2F_TARGETS",GENE1625
GSEA:H,GSEAH0036,"HALLMARK_E2F_TARGETS",GENE0244
GSEA:H,GSEAH0036,"HALLMARK_E2F_TARGETS",GENE0702
GSEA:H,GSEAH0037,"HALLMARK_G2M_CHECKPOINT",GENE0882
GSEA:H,GSEAH0037,"HALLMARK_G2M_CHECKPOINT",GENE0356
GSEA:H,GSEAH0037,"HALLMARK_G2M_CHECKPOINT",GENE1846
GSEA:H,GSEAH0037,"HALLMARK_G2M_CHECKPOINT",GENE0813
GSEA:H,GSEAH0037,"HALLMARK_G2M_CHECKPOINT",GENE0698
GSEA:H,GSEAH0037,"HALLMARK_G2M_CHECKPOINT",GENE0555
GSEA:H,GSEAH0037,"HALLMARK_G2M_CHECKPOINT",GENE0589
GSEA:H,GSEAH0037,"HALLMARK_G2M_CHECKPOINT",GENE2235
GSEA:H,GSEAH0037,"HALLMARK_G2M_CHECKPOINT",GENE0884
GSEA:H,GSEAH0037,"HALLMARK_G2M_CHECKPOINT",GENE2713
GSEA:H,GSEAH0037,"HALLMARK_G2M_CHECKPOINT",GENE0816
GSEA:H,GSEAH0037,"HALLMARK_G2M_CHECKPOINT",GENE2943
GSEA:H,GSEAH0037,"HALLMARK_G2M_CHECKPOINT",GENE0328
GSEA:H,GSEAH0037,"HALLMARK_G2M_CHECKPOINT",GENE1416
GSEA:H,GSEAH0037,"HALLMARK_G2M_CHECKPOINT",GENE2313
GSEA:H,GSEAH0037,"HALLMARK_G2M_CHECKPOINT",GENE1505
GSEA:H,GSEAH0037,"HALLMARK_G2M_CHECKPOINT",GENE0592
GSEA:H,GSEAH0037,"HALLMARK_G2M_CHECKPOINT",GENE1407
GSEA:H,GSEAH0037,"HALLMARK_G2M_CHECKPOINT",GENE2871
GSEA:H,GSEAH0037,"HALLMARK_G2M_CHECKPOINT",GENE0411
GSEA:H,GSEAH0037,"HALLMARK_G2M_CHECKPOINT",GENE0322
GSEA:H,GSEAH0037,"HALLMARK_G2M_CHECKPOINT",GENE2148
GSEA:H,GSEAH0037,"HALLMARK_G2M_CHECKPOINT",GENE0899
GSEA:H,GSEAH0037,"HALLMARK_G2M_CHECKPOINT",GENE2034
GSEA:H,GSEAH0037,"HALLMARK_G2M_CHECKPOINT",GENE1122
GSEA:H,GSEAH0037,"HALLMARK_G2M_CHECKPOINT",GENE2219
GSEA:H,GSEAH0037,"HALLMARK_G2M_CHECKPOINT",GENE2667
GSEA:H,GSEAH0037,"HALLMARK_G2M_CHECKPOINT",GENE0508
GSEA:H,GSEAH0037,"HALLMARK_G2M_CHECKPOINT",GENE1368
GSEA:H,GSEAH0037,"HALLMARK_G2M_CHECKPOINT",GENE1743
GSEA:H,GSEAH0037,"HALLMARK_G2M_CHECKPOINT",GENE2050
GSEA:H,GSEAH0037,"HALLMARK_G2M_CHECKPOINT",GENE0728
GSEA:H,GSEAH0037,"HALLMARK_G2M_CHECKPOINT",GENE1448
GSEA:H,GSEAH0037,"HALLMARK_G2M_CHECKPOINT",GENE0797
GSEA:H,GSEAH0037,"HALLMARK_G2M_CHECKPOINT",GENE1295
GSEA:H,GSEAH0037,"HALLMARK_G2M_CHECKPOINT",GENE0618
GSEA:H,GSEAH0037,"HALLMARK_G2M_CHECKPOINT",GENE1803
GSEA:H,GSEAH0037,"HALLMARK_G2M_CHECKPOINT",GENE1199
GSEA:H,GSEAH0037,"HALLMARK_G2M_CHECKPOINT",GENE0560
GSEA:H,GSEAH0037,"HALLMARK_G2M_CHECKPOINT",GENE1786
GSEA:H,GSEAH0037,"HALLMARK_G2M_CHECKPOINT",GENE0229
GSEA:H,GSEAH0037,"HALLMARK_G2M_CHECKPOINT",GENE0640
GSEA:H,GSEAH0037,"HALLMARK_G2M_CHECKPOINT",GENE1958
GSEA:H,GSEAH0037,"HALLMARK_G2M_CHECKPOINT",GENE1747
GSEA:H,GSEAH0037,"HALLMARK_G2M_CHECKPOINT",GENE2649
GSEA:H,GSEAH0037,"HALLMARK_G2M_CHECKPOINT",GENE0375
GSEA:H,GSEAH0037,"HALLMARK_G2M_CHECKPOINT",GENE2628
GSEA:H,GSEAH0037,"HALLMARK_G2M_CHECKPOINT",GENE1388
GSEA:H,GSEAH0037,"HALLMARK_G2M_CHECKPOINT",GENE1430
GSEA:H,GSEAH0037,"HALLMARK_G2M_CHECKPOINT",GENE1324
GSEA:H,GSEAH0037,"HALLMARK_G2M_CHECKPOINT",GENE1843
GSEA:H,GSEAH0037,"HALLMARK_G2M_CHECKPOINT",GENE0876
GSEA:H,GSEAH0037,"HALLMARK_G2M_CHECKPOINT",GENE0519
GSEA:H,GSEAH0037,"HALLMARK_G2M_CHECKPOINT",GENE1390
GSEA:H,GSEAH0037,"HALLMARK_G2M_CHECKPOINT",GENE2402
GSEA:H,GSEAH0037,"HALLMARK_G2M_CHECKPOINT",GENE0657
GSEA:H,GSEAH0037,"HALLMARK_G2M_CHECKPOINT",GENE2423
GSEA:H,GSEAH0037,"HALLMARK_G2M_CHECKPOINT",GENE1809
GSEA:H,GSEAH0037,"HALLMARK_G2M_CHECKPOINT",GENE0663
GSEA:H,GSEAH0037,"HALLMARK_G2M_CHECKPOINT",GENE2979
GSEA:H,GSEAH0037,"HALLMARK_G2M_CHECKPOINT",GENE2053
GSEA:H,GSEAH0037,"HALLMARK_G2M_CHECKPOINT",GENE0756
GSEA:H,GSEAH0037,"HALLMARK_G2M_CHECKPOINT",GENE0080
GSEA:H,GSEAH0037,"HALLMARK_G2M_CHECKPOINT",GENE1967
GSEA:H,GSEAH0037,"HALLMARK_G2M_CHECKPOINT",GENE1928
GSEA:H,GSEAH0037,"HALLMARK_G2M_CHECKPOINT",GENE0667
GSEA:H,GSEAH0037,"HALLMARK_G2M_CHECKPOINT",GENE2184
GSEA:H,GSEAH0037,"HALLMARK_G2M_CHECKPOINT",GENE0889
GSEA:H,GSEAH0037,"HALLMARK_G2M_CHECKPOINT",GENE0477
GSEA:H,GSEAH0037,"HALLMARK_G2M_CHECKPOINT",GENE1035
GSEA:H,GSEAH0037,"HALLMARK_G2M_CHECKPOINT",GENE2725
GSEA:H,GSEAH0037,"HALLMARK_G2M_CHECKPOINT",GENE2958
GSEA:H,GSEAH0037,"HALLMARK_G2M_CHECKPOINT",GENE1009
GSEA:H,GSEAH0037,"HALLMARK_G2M_CHECKPOINT",GENE0827
GSEA:H,GSEAH0037,"HALLMARK_G2M_CHECKPOINT",GENE0392
GSEA:H,GSEAH0037,"HALLMARK_G2M_CHECKPOINT",GENE0191
GSEA:H,GSEAH0037,"HALLMARK_G2M_CHECKPOINT",GENE0278
GSEA:H,GSEAH0037,"HALLMARK_G2M_CHECKPOINT",GENE2385
