gene_id,gene_name,WT_1,WT_2,WT_3,WT_4,KO_1,KO_2,KO_3,KO_4
ENSG00010000000,TP53,89.15,86.23,116.42,80.13,85.19,117.17,142.48,75.28
ENSG00010000001,MYC,195.00,126.07,180.57,213.11,149.62,93.43,136.93,138.95
ENSG00010000002,CD8A,117.94,148.38,114.66,84.86,127.61,154.42,130.94,117.10
ENSG00010000003,IL6,34.50,32.47,32.62,26.17,39.90,25.61,33.51,27.33
ENSG00010000004,STAT1,260.25,394.04,205.54,222.98,187.50,215.73,290.93,193.41
ENSG00010000005,FOXP3,6.92,6.58,5.73,4.41,4.77,5.81,7.07,8.15
ENSG00010000006,GAPDH,4.63,7.91,3.89,7.55,8.49,6.69,9.19,6.73
ENSG00010000007,ACTB,3.64,3.82,4.49,3.78,6.01,5.90,5.67,3.72
ENSG00010000008,VEGFA,1609.04,2080.44,584.40,1150.60,943.54,794.54,965.79,696.86
ENSG00010000009,EGFR,6.00,7.65,9.18,5.12,21.05,33.78,28.08,29.06
ENSG00010000010,BRCA1,355.89,244.22,381.06,313.01,277.72,294.55,342.57,392.69
ENSG00010000011,CDKN1A,1775.57,1388.07,2035.14,1559.77,2565.30,1735.22,1494.32,1360.70
ENSG00010000012,MKI67,28.28,26.27,23.31,24.41,34.18,34.13,22.84,19.27
ENSG00010000013,PTEN,441.90,523.06,379.35,493.67,376.65,306.62,400.76,641.84
ENSG00010000014,KRAS,92.49,67.92,70.72,72.30,72.61,114.41,97.63,85.10
ENSG00010000015,JUN,4.27,4.31,5.63,3.89,0.95,1.28,1.27,0.83
ENSG00010000016,FOS,2146.79,2140.46,1562.17,2677.42,1904.23,1896.03,2080.57,1569.35
ENSG00010000017,NFKB1,54.07,25.58,32.35,35.20,30.82,29.53,49.76,23.89
ENSG00010000018,CCND1,717.69,957.40,708.83,1211.68,1148.28,1459.57,1568.08,1623.54
ENSG00010000019,BAX,1125.88,2973.50,2512.53,2330.54,1836.70,3057.13,2256.59,2365.70
ENSG00010000020,BCL2,172.88,259.45,164.73,166.29,181.66,250.55,278.43,258.71
ENSG00010000021,SOD2,81.86,84.64,54.11,92.46,72.64,61.28,91.94,112.37
ENSG00010000022,HIF1A,1678.50,2283.25,1935.40,2503.07,1416.65,1620.58,1846.35,1401.01
ENSG00010000023,TNF,8.30,10.64,9.60,9.09,9.04,8.24,11.27,7.56
ENSG00010000024,IFNG,1565.18,2670.79,1434.74,1786.07,1156.47,1672.82,1593.51,1106.84
ENSG00010000025,CXCL10,7.80,10.72,9.97,14.13,8.86,11.52,10.79,11.92
ENSG00010000026,MMP9,391.59,541.82,670.31,484.33,427.17,336.26,422.42,287.63
ENSG00010000027,COL1A1,432.19,545.21,299.48,262.01,381.03,244.15,350.64,630.56
ENSG00010000028,ALB,2458.35,2423.86,2790.69,1980.05,3181.01,1374.21,2445.30,1877.48
ENSG00010000029,INS,11.80,6.33,9.24,8.71,8.49,9.36,6.29,12.29
ENSG00010000030,GENE0031,873.98,723.08,1229.39,490.20,5489.83,5922.75,4222.59,7141.44
ENSG00010000031,GENE0032,21.01,18.21,9.92,21.05,18.19,19.92,7.66,7.26
ENSG00010000032,GENE0033,5.31,4.80,3.98,5.75,6.17,6.24,4.90,3.98
ENSG00010000033,GENE0034,20.38,20.55,36.02,21.94,51.94,18.21,33.76,27.67
ENSG00010000034,GENE0035,2861.43,5073.33,4764.40,3799.03,2641.74,3649.04,3652.13,4475.06
ENSG00010000035,GENE0036,13.73,9.32,16.22,10.90,13.23,9.13,15.01,12.61
ENSG00010000036,GENE0037,87.90,94.74,52.16,73.53,87.55,79.07,55.56,91.57
ENSG00010000037,GENE0038,56.43,41.89,57.63,50.63,51.70,39.71,41.38,50.63
ENSG00010000038,GENE0039,474.39,256.21,258.54,205.99,274.59,247.72,265.71,276.11
ENSG00010000039,GENE0040,44.68,46.51,36.39,38.98,32.96,26.75,34.52,47.68
ENSG00010000040,GENE0041,20.77,15.92,19.48,18.43,16.18,28.21,15.63,17.93
ENSG00010000041,GENE0042,9.28,10.24,11.01,7.71,8.03,13.84,9.23,10.01
ENSG00010000042,GENE0043,26.08,21.74,16.07,15.41,10.74,14.15,11.28,18.49
ENSG00010000043,GENE0044,2276.29,2178.25,3020.14,2369.13,2330.51,2613.51,2163.15,2454.62
ENSG00010000044,GENE0045,1099.40,1478.35,1263.96,2343.04,1246.52,1310.33,1991.74,1922.26
ENSG00010000045,GENE0046,78.07,74.51,90.40,101.45,103.67,87.25,112.69,62.64
ENSG00010000046,GENE0047,15.66,14.88,16.37,17.58,18.86,16.93,13.00,18.64
ENSG00010000047,GENE0048,155.08,139.70,84.75,103.12,195.68,143.27,137.97,157.88
ENSG00010000048,GENE0049,6.03,7.53,4.31,4.54,5.73,5.96,8.81,8.26
ENSG00010000049,GENE0050,241.09,463.00,560.37,323.21,365.10,678.08,350.38,351.23
ENSG00010000050,GENE0051,298.79,319.71,443.87,380.52,340.78,194.99,330.75,290.38
ENSG00010000051,GENE0052,39.89,54.88,55.08,65.52,59.97,41.13,51.67,54.98
ENSG00010000052,GENE0053,63.17,43.67,42.63,36.35,33.92,53.67,38.38,30.43
ENSG00010000053,GENE0054,974.72,1647.91,1397.41,1427.71,1273.12,1457.35,1156.03,1351.61
ENSG00010000054,GENE0055,7.35,8.21,9.56,5.27,37.17,46.64,36.64,43.77
ENSG00010000055,GENE0056,1871.50,1478.99,1502.67,1647.41,1861.12,1918.57,1787.52,2085.60
ENSG00010000056,GENE0057,20.48,22.39,18.74,20.16,28.58,25.24,25.19,35.17
ENSG00010000057,GENE0058,102.98,61.80,72.95,88.50,74.64,90.72,100.63,69.94
ENSG00010000058,GENE0059,784.40,785.93,722.29,1946.61,996.13,857.03,615.08,842.66
ENSG00010000059,GENE0060,75.84,99.11,83.03,130.54,120.03,74.33,69.44,121.83
ENSG00010000060,GENE0061,40.83,43.56,35.81,31.79,38.59,50.82,34.18,45.35
ENSG00010000061,GENE0062,28.73,35.12,19.90,30.29,19.75,25.11,24.12,24.19
ENSG00010000062,GENE0063,57.23,88.82,58.70,78.84,76.83,93.77,97.78,122.20
ENSG00010000063,GENE0064,2585.35,2896.82,2988.18,1779.83,3636.11,3275.80,3243.44,3251.67
ENSG00010000064,GENE0065,149.91,114.24,127.73,170.05,171.47,109.16,128.76,167.46
ENSG00010000065,GENE0066,59.84,46.70,49.96,70.33,9.94,11.67,11.68,15.44
ENSG00010000066,GENE0067,6.73,5.34,11.30,9.12,5.14,7.74,7.82,9.62
ENSG00010000067,GENE0068,841.66,633.72,910.51,1388.57,786.23,1222.16,1123.86,1436.85
ENSG00010000068,GENE0069,11.05,10.49,11.29,14.00,15.30,16.96,13.00,12.89
ENSG00010000069,GENE0070,27.03,39.39,23.65,27.26,109.70,139.67,113.61,169.91
ENSG00010000070,GENE0071,4282.13,2487.95,3866.73,4991.84,3094.93,1860.53,2796.04,3324.38
ENSG00010000071,GENE0072,29.98,24.21,22.61,34.87,20.93,32.28,27.73,39.53
ENSG00010000072,GENE0073,3826.13,1481.37,2870.97,3533.59,2320.62,3710.01,2363.13,4071.40
ENSG00010000073,GENE0074,1544.38,1972.84,1754.89,2706.65,1547.11,1492.41,1174.13,1511.89
ENSG00010000074,GENE0075,1663.62,988.70,804.34,1486.26,820.97,1028.68,1048.98,1168.67
ENSG00010000075,GENE0076,209.83,182.00,188.47,205.66,207.02,146.97,118.33,152.10
ENSG00010000076,GENE0077,3330.31,4134.98,4086.98,3788.88,2875.38,4181.35,5021.76,3243.49
ENSG00010000077,GENE0078,251.14,379.83,248.41,259.00,315.59,385.65,294.69,203.38
ENSG00010000078,GENE0079,1194.45,1411.93,2133.39,2442.02,1411.92,1942.21,2641.69,2601.05
ENSG00010000079,GENE0080,27.95,33.15,60.87,31.99,52.23,52.43,33.22,36.42
ENSG00010000080,GENE0081,1058.51,2181.65,1474.11,1471.97,2710.49,1910.30,970.07,1233.25
ENSG00010000081,GENE0082,2827.62,3289.87,3465.92,3008.10,2942.86,3174.21,3196.38,2545.61
ENSG00010000082,GENE0083,742.03,767.74,635.55,870.88,862.07,1036.68,1018.36,759.69
ENSG00010000083,GENE0084,1384.97,1940.55,990.65,1756.84,1136.39,1009.75,1294.64,1120.60
ENSG00010000084,GENE0085,10.13,6.39,8.09,4.89,11.66,8.12,7.08,6.85
ENSG00010000085,GENE0086,58.60,106.30,90.27,77.61,61.35,111.39,86.03,111.38
ENSG00010000086,GENE0087,194.47,140.88,174.08,174.39,230.03,206.75,126.35,175.12
ENSG00010000087,GENE0088,6.08,17.06,14.51,9.67,1.75,1.38,1.19,1.04
ENSG00010000088,GENE0089,408.85,355.50,379.99,331.59,376.43,540.84,488.27,371.28
ENSG00010000089,GENE0090,739.99,424.93,383.29,229.15,382.40,535.44,542.71,606.83
ENSG00010000090,GENE0091,2490.51,1470.23,3498.36,1632.39,2593.06,2419.25,2819.65,1703.79
ENSG00010000091,GENE0092,354.15,246.24,395.24,307.91,87.33,96.98,67.51,52.21
ENSG00010000092,GENE0093,30.78,18.45,24.05,30.46,25.70,23.84,26.75,14.90
ENSG00010000093,GENE0094,291.21,244.94,330.51,246.42,343.73,237.08,287.66,196.79
ENSG00010000094,GENE0095,2296.94,2276.64,1767.90,2165.27,2186.62,1707.09,2891.09,3023.22
ENSG00010000095,GENE0096,34.34,46.40,39.92,44.02,11.36,21.77,11.39,20.67
ENSG00010000096,GENE0097,360.21,251.97,315.89,400.01,253.11,194.45,203.11,230.98
ENSG00010000097,GENE0098,7.42,4.22,3.67,5.32,4.16,5.67,4.84,5.82
ENSG00010000098,GENE0099,23.80,16.26,16.68,14.86,11.96,12.68,16.48,15.53
ENSG00010000099,GENE0100,7.15,6.88,6.04,7.52,5.94,7.22,9.35,8.94
ENSG00010000100,GENE0101,1092.78,1256.46,1147.70,880.70,1177.12,804.33,939.03,933.41
ENSG00010000101,GENE0102,12.39,9.12,17.93,12.16,6.05,6.99,11.61,11.08
ENSG00010000102,GENE0103,824.90,1084.41,794.78,931.34,1189.27,668.36,1620.97,773.46
ENSG00010000103,GENE0104,271.84,198.34,266.07,267.66,365.14,345.50,249.04,255.11
ENSG00010000104,GENE0105,152.19,187.73,105.91,141.64,133.15,136.84,185.86,134.36
ENSG00010000105,GENE0106,230.31,244.16,347.43,209.16,170.49,193.90,191.38,146.39
ENSG00010000106,GENE0107,412.44,549.20,595.54,537.32,589.85,509.48,717.37,556.14
ENSG00010000107,GENE0108,94.61,78.86,108.30,136.33,75.25,64.60,113.18,118.04
ENSG00010000108,GENE0109,19.36,10.53,11.91,16.61,22.09,15.39,13.79,13.50
ENSG00010000109,GENE0110,4062.11,3402.20,2488.10,4534.09,3810.71,3712.08,3294.57,3585.42
ENSG00010000110,GENE0111,345.50,320.02,289.80,248.78,460.87,294.72,198.80,269.91
ENSG00010000111,GENE0112,5494.57,2688.61,2825.93,2773.03,3255.06,3745.79,3899.82,2694.69
ENSG00010000112,GENE0113,112.60,116.88,154.90,101.63,108.28,120.91,127.30,143.65
ENSG00010000113,GENE0114,13.21,16.99,22.27,29.80,23.88,17.99,31.68,20.36
ENSG00010000114,GENE0115,40.30,60.94,52.86,52.10,42.51,35.51,33.35,28.31
ENSG00010000115,GENE0116,9.65,3.66,5.48,5.49,5.81,8.27,4.42,6.06
ENSG00010000116,GENE0117,655.45,926.45,566.60,1531.47,857.41,669.43,961.99,718.73
ENSG00010000117,GENE0118,240.93,222.88,200.67,189.35,830.13,784.56,1146.87,728.01
ENSG00010000118,GENE0119,156.51,96.18,155.97,193.49,115.73,86.50,152.69,79.24
ENSG00010000119,GENE0120,482.81,742.21,482.20,715.83,146.29,97.55,107.57,157.38
ENSG00010000120,GENE0121,49.53,55.64,73.11,115.97,48.29,42.81,60.51,53.86
ENSG00010000121,GENE0122,455.30,202.24,226.23,199.18,307.92,317.29,228.42,266.18
ENSG00010000122,GENE0123,272.45,163.54,180.68,181.40,55.45,56.88,63.40,30.44
ENSG00010000123,GENE0124,975.31,580.77,793.36,821.98,703.51,545.88,697.61,636.28
ENSG00010000124,GENE0125,1988.27,3074.55,2501.70,2824.73,2732.68,2723.01,2664.56,3469.66
ENSG00010000125,GENE0126,2132.52,1903.80,1574.63,2549.56,478.51,353.71,442.96,474.82
ENSG00010000126,GENE0127,370.10,304.14,534.16,488.72,371.36,325.53,429.99,328.17
ENSG00010000127,GENE0128,390.32,513.37,290.29,439.27,475.68,384.54,380.28,470.93
ENSG00010000128,GENE0129,1636.79,992.60,1764.64,725.55,1409.23,1588.30,1034.58,1423.19
ENSG00010000129,GENE0130,6.03,6.46,5.19,8.65,8.66,6.42,7.89,5.62
ENSG00010000130,GENE0131,1719.73,1327.84,1670.18,1239.16,1277.35,1104.44,2431.72,2616.51
ENSG00010000131,GENE0132,1567.75,1179.81,1345.61,1328.05,1906.94,1127.11,1770.28,1151.28
ENSG00010000132,GENE0133,23.59,20.65,27.74,18.63,26.16,24.89,16.30,23.99
ENSG00010000133,GENE0134,10.97,5.97,11.01,4.25,6.83,3.32,5.31,5.48
ENSG00010000134,GENE0135,51.40,35.21,86.06,68.03,60.30,44.22,64.53,48.92
ENSG00010000135,GENE0136,1430.12,1149.08,838.57,858.28,1272.98,1022.89,970.76,1560.47
ENSG00010000136,GENE0137,1677.88,2110.00,1698.62,1505.80,1199.38,1767.39,2172.53,1725.14
ENSG00010000137,GENE0138,110.08,95.57,87.09,172.01,115.41,127.64,127.58,88.69
ENSG00010000138,GENE0139,24.05,34.81,32.94,42.24,74.16,33.79,34.46,36.22
ENSG00010000139,GENE0140,11.33,14.36,12.53,10.80,12.87,11.71,19.30,15.03
ENSG00010000140,GENE0141,1220.17,1063.32,967.57,671.96,906.11,776.28,848.82,904.77
ENSG00010000141,GENE0142,49.65,64.04,72.58,45.09,43.52,61.87,52.07,47.35
ENSG00010000142,GENE0143,14.74,11.16,12.08,10.36,11.98,21.23,11.09,15.77
ENSG00010000143,GENE0144,200.27,135.86,225.27,240.59,191.33,183.98,179.92,178.46
ENSG00010000144,GENE0145,2.86,4.72,5.17,4.87,5.36,6.35,6.21,4.12
ENSG00010000145,GENE0146,5.34,4.61,3.59,2.78,5.34,2.49,3.92,3.10
ENSG00010000146,GENE0147,555.55,656.74,600.05,623.80,1380.13,1405.34,914.53,946.43
ENSG00010000147,GENE0148,1513.45,1592.14,889.54,1665.06,1641.77,985.96,1248.70,1281.32
ENSG00010000148,GENE0149,358.56,600.99,419.09,474.61,205.63,290.51,340.58,396.29
ENSG00010000149,GENE0150,1336.37,1007.16,1117.00,1652.23,1333.82,1332.44,1350.69,1514.72
ENSG00010000150,GENE0151,69.66,55.93,64.10,59.31,51.74,75.78,98.43,79.65
ENSG00010000151,GENE0152,480.55,735.94,633.48,430.53,434.70,512.97,438.31,319.89
ENSG00010000152,GENE0153,3930.71,3380.15,3394.31,2707.28,2373.62,3012.04,2292.13,2211.97
ENSG00010000153,GENE0154,344.30,275.58,297.06,290.36,342.59,333.15,529.30,225.31
ENSG00010000154,GENE0155,43.44,66.63,40.12,49.92,37.36,37.79,37.64,38.05
ENSG00010000155,GENE0156,20.25,28.22,19.48,16.43,10.53,18.03,20.63,14.82
ENSG00010000156,GENE0157,128.02,124.26,149.02,184.15,96.08,115.60,145.48,125.86
ENSG00010000157,GENE0158,237.58,146.61,200.51,218.35,213.78,351.03,266.61,201.00
ENSG00010000158,GENE0159,19.47,30.96,15.90,18.93,23.24,20.44,19.70,16.33
ENSG00010000159,GENE0160,63.00,77.87,66.28,121.29,46.10,74.84,60.90,36.35
ENSG00010000160,GENE0161,235.48,381.15,250.80,288.04,260.85,361.86,307.72,272.60
ENSG00010000161,GENE0162,73.95,93.16,98.56,92.66,86.53,82.43,101.99,59.03
ENSG00010000162,GENE0163,332.84,409.09,333.72,374.18,368.87,561.67,358.06,370.53
ENSG00010000163,GENE0164,895.55,1752.63,1460.85,1374.83,1520.19,1062.64,1627.96,1495.55
ENSG00010000164,GENE0165,304.72,358.59,543.73,247.99,225.82,223.30,225.26,276.95
ENSG00010000165,GENE0166,12.62,15.95,16.17,16.19,15.54,16.90,12.86,21.30
ENSG00010000166,GENE0167,39.70,37.12,30.23,56.79,65.67,32.07,44.97,39.36
ENSG00010000167,GENE0168,20.07,23.85,27.52,38.73,18.75,23.93,27.11,26.19
ENSG00010000168,GENE0169,12.12,10.74,9.70,8.69,12.99,9.47,7.85,12.30
ENSG00010000169,GENE0170,451.32,247.48,269.97,199.94,290.42,224.66,331.93,348.80
ENSG00010000170,GENE0171,89.91,104.60,83.68,87.17,88.78,179.76,50.29,81.79
ENSG00010000171,GENE0172,21.23,31.21,40.88,68.53,42.99,24.00,38.61,38.92
ENSG00010000172,GENE0173,102.94,90.50,65.31,93.05,64.39,80.41,70.27,82.98
ENSG00010000173,GENE0174,1345.29,679.98,1066.80,741.20,671.17,791.20,586.44,526.55
ENSG00010000174,GENE0175,10.24,11.04,12.19,12.19,17.94,9.38,11.73,10.27
ENSG00010000175,GENE0176,4.04,5.80,5.47,5.95,5.57,8.59,4.89,3.25
ENSG00010000176,GENE0177,130.07,200.70,188.65,85.49,151.73,159.09,191.57,173.16
ENSG00010000177,GENE0178,382.16,513.11,601.78,411.59,568.85,394.06,389.04,480.12
ENSG00010000178,GENE0179,9.30,7.90,5.09,10.18,8.66,11.07,10.68,7.63
ENSG00010000179,GENE0180,552.40,352.23,587.03,362.71,465.01,559.09,354.11,560.46
ENSG00010000180,GENE0181,48.75,63.91,80.22,55.15,48.61,56.50,26.62,40.71
ENSG00010000181,GENE0182,2193.58,1601.89,1380.82,1688.48,1473.13,1299.09,2316.57,1282.77
ENSG00010000182,GENE0183,109.05,152.85,99.15,243.93,113.43,156.22,111.32,102.50
ENSG00010000183,GENE0184,4172.97,4388.40,4927.02,3193.55,4485.45,2970.03,3853.90,3233.41
ENSG00010000184,GENE0185,13.51,9.42,12.17,12.32,6.34,6.04,5.08,4.29
ENSG00010000185,GENE0186,719.52,872.01,728.50,624.84,612.42,643.06,758.00,672.53
ENSG00010000186,GENE0187,4062.97,3556.41,2720.04,3264.30,4566.46,4328.34,3788.82,4934.33
ENSG00010000187,GENE0188,735.50,768.86,989.14,663.95,633.68,840.45,756.28,1017.82
ENSG00010000188,GENE0189,10.82,9.03,5.11,7.73,7.65,11.84,7.69,7.44
ENSG00010000189,GENE0190,3276.18,5462.37,3718.81,3204.52,434.58,334.10,483.21,480.34
ENSG00010000190,GENE0191,8.45,8.20,5.62,5.97,4.56,6.98,7.24,8.50
ENSG00010000191,GENE0192,1759.47,1234.76,927.72,1159.01,1599.81,2215.84,1515.22,1463.91
ENSG00010000192,GENE0193,97.30,77.22,58.73,92.26,50.07,80.38,78.08,75.64
ENSG00010000193,GENE0194,45.76,57.46,55.51,53.94,16.92,22.45,13.44,14.06
ENSG00010000194,GENE0195,4714.05,2886.01,1834.00,3014.76,12095.72,14667.92,12987.98,7270.96
ENSG00010000195,GENE0196,18.71,13.66,15.71,11.74,9.83,17.07,13.52,12.40
ENSG00010000196,GENE0197,1521.71,2556.93,1594.73,1873.53,2166.17,1351.68,1083.45,1352.67
ENSG00010000197,GENE0198,129.52,102.01,243.85,67.17,132.85,138.91,150.35,154.11
ENSG00010000198,GENE0199,1578.58,1455.45,1154.76,1251.08,11343.06,10071.51,13948.70,16247.52
ENSG00010000199,GENE0200,8.68,8.86,12.20,10.01,15.12,18.60,10.77,11.49
ENSG00010000200,GENE0201,253.71,256.71,319.16,491.47,342.49,213.06,213.68,274.83
ENSG00010000201,GENE0202,1589.01,930.08,1039.97,811.27,1271.32,1244.03,1323.84,1561.87
ENSG00010000202,GENE0203,207.33,119.95,172.35,167.85,135.43,170.71,148.75,210.04
ENSG00010000203,GENE0204,1306.69,1737.94,3023.03,2850.63,1765.55,2932.63,1849.84,2812.06
ENSG00010000204,GENE0205,7.00,7.00,4.19,6.38,5.27,6.78,6.32,5.78
ENSG00010000205,GENE0206,38.03,36.57,42.01,46.19,27.30,40.16,38.83,36.20
ENSG00010000206,GENE0207,7.85,8.64,14.41,9.43,8.84,12.83,9.05,12.05
ENSG00010000207,GENE0208,295.88,395.93,425.22,314.02,1203.71,1708.86,2058.57,1676.88
ENSG00010000208,GENE0209,292.73,229.17,285.87,237.73,216.91,229.49,320.88,236.65
ENSG00010000209,GENE0210,175.47,252.29,341.87,231.68,310.62,436.25,226.11,413.80
ENSG00010000210,GENE0211,75.40,72.41,79.39,94.54,101.93,124.56,83.79,75.61
ENSG00010000211,GENE0212,22.84,23.93,23.54,23.71,22.46,23.91,22.05,19.39
ENSG00010000212,GENE0213,116.99,101.26,75.12,63.41,71.89,85.76,60.66,95.40
ENSG00010000213,GENE0214,606.99,709.51,561.12,604.70,468.27,444.87,689.02,582.91
ENSG00010000214,GENE0215,320.47,392.87,258.49,406.45,373.97,279.84,494.00,272.05
ENSG00010000215,GENE0216,883.28,845.67,1141.97,1178.52,1327.86,720.50,818.34,778.38
ENSG00010000216,GENE0217,61.91,58.12,45.89,56.94,80.68,60.96,75.22,89.08
ENSG00010000217,GENE0218,66.12,75.59,67.32,98.17,72.07,80.39,72.50,95.55
ENSG00010000218,GENE0219,117.84,88.27,133.89,110.30,595.61,461.73,321.71,256.54
ENSG00010000219,GENE0220,1111.31,891.38,915.52,1064.79,860.91,770.72,803.29,765.02
ENSG00010000220,GENE0221,3139.13,3286.19,3708.94,3750.60,3309.92,3267.07,4575.72,3989.95
ENSG00010000221,GENE0222,109.10,83.56,139.04,126.64,129.32,82.58,93.14,63.01
ENSG00010000222,GENE0223,15.82,30.91,19.44,32.24,30.74,29.25,21.60,34.86
ENSG00010000223,GENE0224,10.74,13.06,8.37,9.92,12.72,9.86,10.31,16.30
ENSG00010000224,GENE0225,6.85,7.44,6.53,6.76,4.98,5.63,6.47,7.91
ENSG00010000225,GENE0226,34.27,39.84,41.06,36.56,29.92,49.09,35.63,39.92
ENSG00010000226,GENE0227,844.39,487.63,918.63,1591.72,836.13,1397.13,935.32,999.98
ENSG00010000227,GENE0228,134.64,133.50,140.89,71.10,79.13,138.29,93.65,112.77
ENSG00010000228,GENE0229,28.78,24.92,29.41,18.14,18.56,25.99,23.32,29.58
ENSG00010000229,GENE0230,626.66,527.99,726.21,505.51,461.05,408.83,574.14,507.23
ENSG00010000230,GENE0231,981.15,859.99,1437.55,778.01,486.58,610.31,1320.18,819.55
ENSG00010000231,GENE0232,2175.44,2580.58,2402.63,2780.13,2310.57,2542.32,1622.49,1599.61
ENSG00010000232,GENE0233,1628.83,1159.97,1537.65,1741.30,1417.34,1365.25,1563.93,2483.05
ENSG00010000233,GENE0234,5.62,3.95,4.77,2.95,4.97,5.07,4.63,7.94
ENSG00010000234,GENE0235,16.47,20.20,27.69,14.38,21.99,22.43,25.41,25.70
ENSG00010000235,GENE0236,124.24,161.31,97.31,126.50,111.53,56.69,102.32,123.92
ENSG00010000236,GENE0237,44.93,23.08,30.10,29.66,26.18,33.82,24.78,32.79
ENSG00010000237,GENE0238,7.28,3.25,5.89,5.47,4.88,5.17,5.21,6.35
ENSG00010000238,GENE0239,111.72,149.61,137.17,114.61,88.61,81.15,141.46,87.43
ENSG00010000239,GENE0240,18.79,28.45,20.27,32.50,25.51,19.75,18.25,39.65
ENSG00010000240,GENE0241,366.20,282.91,304.19,371.07,252.54,505.97,381.74,375.22
ENSG00010000241,GENE0242,2471.58,3663.10,3632.17,3414.20,3438.06,3365.39,5632.30,4027.76
ENSG00010000242,GENE0243,525.98,774.75,397.68,673.13,534.03,714.82,490.68,742.01
ENSG00010000243,GENE0244,1530.67,1007.05,1582.13,1194.51,267.02,321.27,208.70,331.53
ENSG00010000244,GENE0245,54.63,68.45,61.99,62.23,49.94,55.10,81.16,64.86
ENSG00010000245,GENE0246,44.72,22.78,35.52,48.85,358.94,176.01,309.46,301.23
ENSG00010000246,GENE0247,269.05,127.78,146.62,151.10,157.53,299.02,252.66,137.35
ENSG00010000247,GENE0248,19.39,26.73,22.29,37.99,30.71,35.08,27.26,23.05
ENSG00010000248,GENE0249,19.06,20.02,16.11,24.26,23.58,28.57,30.74,28.76
ENSG00010000249,GENE0250,1883.54,1083.96,2225.81,1846.44,1922.96,1605.01,1905.92,1715.48
ENSG00010000250,GENE0251,1148.11,808.53,823.90,777.00,675.65,601.36,644.71,806.81
ENSG00010000251,GENE0252,369.40,229.84,285.87,188.62,185.00,320.26,255.87,171.04
ENSG00010000252,GENE0253,88.22,144.40,127.67,123.08,101.46,132.09,147.28,77.57
ENSG00010000253,GENE0254,1406.97,888.79,722.33,854.07,1236.78,2292.38,990.49,1455.49
ENSG00010000254,GENE0255,15.95,11.32,13.32,14.64,17.69,17.74,19.33,12.12
ENSG00010000255,GENE0256,439.91,843.81,905.49,716.67,801.87,699.03,964.74,795.35
ENSG00010000256,GENE0257,7.70,5.90,6.27,4.95,4.24,4.98,5.18,6.51
ENSG00010000257,GENE0258,290.28,302.50,274.43,288.96,305.45,441.81,384.35,234.59
ENSG00010000258,GENE0259,3059.53,3963.41,2949.96,3247.74,2917.86,3920.16,3577.55,3977.03
ENSG00010000259,GENE0260,1136.24,1146.83,885.98,1176.82,959.47,2017.53,1131.66,1198.04
ENSG00010000260,GENE0261,25.48,13.75,21.56,21.11,23.63,19.42,13.86,21.45
ENSG00010000261,GENE0262,32.72,49.29,20.91,19.69,47.21,26.92,29.91,38.00
ENSG00010000262,GENE0263,4391.68,2153.35,3395.90,3502.05,3281.31,3944.04,3138.73,2624.00
ENSG00010000263,GENE0264,715.88,526.33,640.13,336.40,626.23,472.56,372.06,579.71
ENSG00010000264,GENE0265,6.03,4.98,5.10,7.55,6.41,4.74,4.38,4.27
ENSG00010000265,GENE0266,3336.72,4503.06,2772.27,3300.51,3456.66,2459.35,4003.03,4016.07
ENSG00010000266,GENE0267,25.73,20.92,19.18,23.13,18.13,31.00,31.55,40.55
ENSG00010000267,GENE0268,206.62,142.05,91.49,115.07,131.18,171.31,157.54,129.72
ENSG00010000268,GENE0269,586.04,561.66,1015.58,778.92,890.43,817.89,822.85,564.30
ENSG00010000269,GENE0270,1110.48,1949.71,2215.97,1205.57,1764.44,1774.81,1343.18,1649.75
ENSG00010000270,GENE0271,264.10,193.51,170.21,195.10,261.41,155.88,120.30,185.88
ENSG00010000271,GENE0272,498.78,742.38,645.63,1039.84,778.35,553.68,684.80,717.40
ENSG00010000272,GENE0273,1009.97,901.38,616.16,780.04,873.48,960.87,1408.19,917.24
ENSG00010000273,GENE0274,12.96,17.91,15.81,18.24,19.92,11.08,17.79,12.08
ENSG00010000274,GENE0275,37.64,32.57,29.56,37.63,35.03,30.16,46.99,31.84
ENSG00010000275,GENE0276,51.79,49.66,40.22,59.01,37.10,42.65,25.95,45.83
ENSG00010000276,GENE0277,723.70,627.60,495.39,467.22,435.78,540.75,557.61,355.81
ENSG00010000277,GENE0278,609.67,565.74,669.28,702.27,786.88,506.35,417.73,636.41
ENSG00010000278,GENE0279,14.34,13.75,19.05,16.26,18.89,25.51,28.37,22.50
ENSG00010000279,GENE0280,913.64,2271.95,1682.82,1165.10,1660.89,1235.78,934.48,1597.71
ENSG00010000280,GENE0281,597.94,479.99,667.90,436.56,552.42,761.21,550.27,679.97
ENSG00010000281,GENE0282,1843.77,1974.57,2444.88,1920.72,2242.12,2326.56,1390.04,1981.39
ENSG00010000282,GENE0283,6.02,3.03,4.25,4.04,14.00,14.97,15.39,21.28
ENSG00010000283,GENE0284,381.31,299.59,263.54,384.44,324.89,172.18,233.60,474.13
ENSG00010000284,GENE0285,5.02,5.96,6.08,4.08,1.58,1.71,2.13,1.45
ENSG00010000285,GENE0286,1861.64,1375.07,1824.18,1855.62,2805.03,1872.75,1416.96,1491.25
ENSG00010000286,GENE0287,121.07,165.18,194.91,125.13,120.41,110.73,138.89,149.58
ENSG00010000287,GENE0288,119.54,117.52,142.14,148.16,57.31,207.81,111.12,83.84
ENSG00010000288,GENE0289,7.10,8.90,10.19,3.07,6.02,4.21,5.45,4.23
ENSG00010000289,GENE0290,7.57,7.28,6.97,8.18,9.62,6.18,6.77,5.34
ENSG00010000290,GENE0291,49.36,28.76,53.02,34.33,32.96,52.70,48.48,40.74
ENSG00010000291,GENE0292,61.58,53.15,58.83,50.47,60.63,39.66,64.23,93.30
ENSG00010000292,GENE0293,7.07,5.78,5.11,6.61,10.78,4.26,4.71,6.72
ENSG00010000293,GENE0294,7.33,4.40,4.22,3.50,6.40,3.99,3.05,3.66
ENSG00010000294,GENE0295,2421.00,1602.96,2427.35,2090.61,2040.30,2160.04,2869.13,1805.26
ENSG00010000295,GENE0296,204.31,359.98,187.68,249.28,471.51,275.89,190.13,397.09
ENSG00010000296,GENE0297,435.44,645.79,751.20,614.73,537.51,474.43,581.06,445.69
ENSG00010000297,GENE0298,41.19,56.43,36.03,58.96,40.61,47.79,40.37,51.78
ENSG00010000298,GENE0299,132.34,94.36,114.02,165.44,164.75,87.38,118.58,123.79
ENSG00010000299,GENE0300,13.90,11.47,8.57,14.31,11.03,8.30,6.77,10.56
ENSG00010000300,GENE0301,37.49,48.70,34.11,42.08,58.00,36.52,47.71,42.83
ENSG00010000301,GENE0302,5.55,5.37,6.45,6.48,3.90,4.28,3.95,10.23
ENSG00010000302,GENE0303,69.03,112.60,140.42,108.53,60.06,75.41,93.48,90.48
ENSG00010000303,GENE0304,14.32,14.07,16.40,18.43,15.63,9.82,11.37,20.35
ENSG00010000304,GENE0305,94.60,70.70,59.60,91.21,64.94,80.68,56.46,81.75
ENSG00010000305,GENE0306,1944.02,1211.02,1311.33,1319.62,1737.00,1342.63,999.40,1284.72
ENSG00010000306,GENE0307,366.08,406.04,478.63,430.76,297.86,522.83,516.71,444.36
ENSG00010000307,GENE0308,927.68,877.57,688.39,1101.64,980.52,1227.10,964.30,997.02
ENSG00010000308,GENE0309,10.87,7.17,8.42,13.34,6.26,7.64,16.83,11.07
ENSG00010000309,GENE0310,191.30,210.61,141.10,278.47,176.80,228.04,163.96,151.30
ENSG00010000310,GENE0311,29.20,36.87,28.71,31.80,38.69,29.25,42.83,40.48
ENSG00010000311,GENE0312,1220.21,716.57,405.18,552.21,502.21,806.27,413.62,564.30
ENSG00010000312,GENE0313,29.29,22.01,27.83,23.73,13.58,29.68,29.37,21.90
ENSG00010000313,GENE0314,44.55,20.86,31.47,39.37,24.62,41.53,23.04,23.10
ENSG00010000314,GENE0315,5.81,6.66,7.31,6.15,4.56,5.61,7.51,4.20
ENSG00010000315,GENE0316,48.40,32.46,24.05,42.68,38.25,42.30,31.27,42.41
ENSG00010000316,GENE0317,1544.80,1483.73,1889.96,1885.01,1085.28,2040.65,1593.61,1560.12
ENSG00010000317,GENE0318,107.24,124.93,129.34,111.89,31.52,23.87,20.12,21.13
ENSG00010000318,GENE0319,244.35,195.41,229.80,314.39,319.42,268.46,222.00,225.94
ENSG00010000319,GENE0320,25.23,28.79,17.24,28.05,28.97,34.66,39.99,20.03
ENSG00010000320,GENE0321,594.43,666.37,607.11,531.34,537.05,355.32,501.68,612.75
ENSG00010000321,GENE0322,41.34,28.25,28.52,41.14,6.99,10.63,4.67,6.89
ENSG00010000322,GENE0323,564.68,513.88,590.40,524.04,2306.55,3077.74,2696.32,2561.56
ENSG00010000323,GENE0324,58.19,62.89,60.23,67.17,54.24,76.58,100.06,61.15
ENSG00010000324,GENE0325,7.41,6.50,11.46,5.67,7.38,8.35,6.43,6.74
ENSG00010000325,GENE0326,11.58,9.65,15.81,16.27,68.63,120.51,81.31,137.70
ENSG00010000326,GENE0327,22.76,25.21,25.92,12.06,15.70,15.91,16.04,16.86
ENSG00010000327,GENE0328,14.96,13.53,9.58,18.35,0.92,1.35,0.85,1.77
ENSG00010000328,GENE0329,6.46,6.76,7.14,5.38,7.88,4.75,6.34,7.09
ENSG00010000329,GENE0330,5473.52,3535.42,3190.89,5033.92,3923.10,3092.76,3192.00,4421.59
ENSG00010000330,GENE0331,8.64,6.52,12.15,9.45,9.52,7.68,8.17,6.05
ENSG00010000331,GENE0332,2194.62,1609.69,2615.53,2221.48,2212.72,1774.83,2286.52,2457.91
ENSG00010000332,GENE0333,25.69,18.09,20.35,30.08,33.61,28.02,29.50,37.76
ENSG00010000333,GENE0334,281.95,568.05,307.86,451.24,251.65,367.91,388.77,313.49
ENSG00010000334,GENE0335,11.39,13.46,16.30,14.24,13.94,12.92,13.23,19.26
ENSG00010000335,GENE0336,73.38,75.37,95.08,52.46,61.98,45.84,51.39,76.01
ENSG00010000336,GENE0337,774.55,829.25,939.41,1253.15,1222.44,852.12,743.72,1090.03
ENSG00010000337,GENE0338,7.34,10.87,7.67,9.97,6.55,9.16,6.93,7.58
ENSG00010000338,GENE0339,657.90,807.55,881.32,804.00,3652.29,5790.38,5416.10,7526.06
ENSG00010000339,GENE0340,365.94,219.08,262.68,287.45,403.37,374.79,438.81,688.40
ENSG00010000340,GENE0341,1156.41,878.23,1001.54,806.62,1155.96,769.09,1010.93,1053.86
ENSG00010000341,GENE0342,1552.20,898.96,853.32,569.20,1199.18,1167.73,1536.45,725.60
ENSG00010000342,GENE0343,10.96,13.22,11.26,13.24,12.97,12.22,19.25,13.49
ENSG00010000343,GENE0344,2985.65,3105.30,4030.78,4026.49,3512.30,3249.54,4053.81,3401.12
ENSG00010000344,GENE0345,165.79,172.53,155.12,183.12,198.06,270.48,211.96,175.08
ENSG00010000345,GENE0346,10.12,9.75,8.64,10.87,12.57,9.03,11.75,12.78
ENSG00010000346,GENE0347,55.10,31.12,25.58,28.52,23.09,44.18,24.99,25.88
ENSG00010000347,GENE0348,28.33,36.85,32.09,35.53,25.06,43.74,26.39,20.19
ENSG00010000348,GENE0349,7.32,9.16,10.32,10.33,9.09,11.93,15.87,12.23
ENSG00010000349,GENE0350,2825.85,1798.17,3011.11,2477.46,2301.72,2440.11,1867.97,2350.18
ENSG00010000350,GENE0351,1678.23,2792.93,2435.62,2384.44,3458.17,2577.81,3702.81,2813.91
ENSG00010000351,GENE0352,101.14,73.08,93.93,65.08,68.25,85.47,68.94,102.27
ENSG00010000352,GENE0353,2201.58,1567.02,1833.46,2245.47,8491.30,17530.14,20170.67,15519.66
ENSG00010000353,GENE0354,22.78,36.59,25.91,27.37,20.55,33.52,19.01,25.23
ENSG00010000354,GENE0355,9.59,18.19,15.18,17.33,20.14,12.00,10.76,13.40
ENSG00010000355,GENE0356,35.10,33.92,54.05,35.86,269.12,219.54,206.24,161.18
ENSG00010000356,GENE0357,5.16,6.19,5.34,4.47,8.22,3.62,7.00,5.28
ENSG00010000357,GENE0358,12.91,11.66,14.92,8.83,11.43,9.97,14.90,13.33
ENSG00010000358,GENE0359,50.14,27.15,27.18,36.48,32.40,17.59,22.40,22.01
ENSG00010000359,GENE0360,11.12,7.47,7.20,9.94,7.17,10.03,9.82,11.12
ENSG00010000360,GENE0361,1839.61,5734.95,3620.61,4559.00,2233.46,2630.39,3432.77,2594.08
ENSG00010000361,GENE0362,13.44,11.45,15.73,18.05,19.98,13.95,12.39,14.86
ENSG00010000362,GENE0363,11.11,9.32,10.36,12.73,11.35,10.18,9.14,11.70
ENSG00010000363,GENE0364,1064.95,827.53,1040.46,763.46,975.91,892.16,801.26,1143.39
ENSG00010000364,GENE0365,9.09,8.05,5.23,6.12,30.61,48.32,49.70,68.21
ENSG00010000365,GENE0366,1145.49,726.88,696.17,747.05,603.67,582.54,690.38,826.33
ENSG00010000366,GENE0367,927.87,895.43,1113.22,1937.79,295.81,457.04,429.84,407.78
ENSG00010000367,GENE0368,100.33,65.54,65.82,146.01,75.46,91.08,95.40,71.84
ENSG00010000368,GENE0369,336.78,158.00,289.42,240.12,220.98,131.94,298.10,273.16
ENSG00010000369,GENE0370,46.63,28.71,42.17,29.48,6.04,8.21,6.01,7.17
ENSG00010000370,GENE0371,1446.09,1921.01,1444.03,2743.51,13141.42,6184.21,14271.72,11732.93
ENSG00010000371,GENE0372,200.91,161.62,158.73,167.97,257.64,116.25,233.84,147.17
ENSG00010000372,GENE0373,595.63,509.79,584.48,968.32,40.26,61.56,58.72,94.00
ENSG00010000373,GENE0374,132.57,150.82,109.53,93.30,161.70,113.00,100.70,168.90
ENSG00010000374,GENE0375,16.83,15.28,23.77,19.77,17.13,22.49,16.73,16.39
ENSG00010000375,GENE0376,10.87,10.85,17.05,15.14,12.80,9.79,9.97,9.81
ENSG00010000376,GENE0377,17.74,10.10,17.86,14.84,15.37,11.73,18.07,16.44
ENSG00010000377,GENE0378,1698.50,1521.37,1336.97,2053.97,581.35,458.80,362.52,718.34
ENSG00010000378,GENE0379,2986.38,3368.33,2235.73,3755.09,2877.89,2945.21,2195.52,1716.29
ENSG00010000379,GENE0380,1482.32,1634.60,1287.85,1171.30,1192.26,706.07,1765.34,1712.25
ENSG00010000380,GENE0381,713.36,1496.37,1488.85,996.21,1310.55,718.04,1104.37,1079.41
ENSG00010000381,GENE0382,21.09,23.85,28.46,33.62,36.37,37.47,42.42,35.41
ENSG00010000382,GENE0383,5.31,5.31,3.84,7.91,5.42,9.22,6.48,5.85
ENSG00010000383,GENE0384,362.92,624.95,313.65,411.19,449.99,517.64,699.39,348.82
ENSG00010000384,GENE0385,464.22,237.55,441.92,329.91,295.09,405.15,418.39,429.62
ENSG00010000385,GENE0386,130.97,81.55,80.34,94.66,20.86,26.17,31.55,36.80
ENSG00010000386,GENE0387,11.03,9.12,11.47,12.70,7.71,14.21,6.95,8.38
ENSG00010000387,GENE0388,1736.77,2932.09,1845.30,2572.80,296.47,373.98,413.81,368.86
ENSG00010000388,GENE0389,18.74,29.11,13.10,24.22,27.95,18.47,28.95,16.09
ENSG00010000389,GENE0390,3727.99,4263.49,3632.72,4191.41,4133.47,3220.84,3439.67,3001.36
ENSG00010000390,GENE0391,487.23,227.42,226.30,337.19,330.90,513.67,255.09,205.45
ENSG00010000391,GENE0392,3982.24,2360.20,3350.20,2863.33,4047.27,3988.86,2967.79,5353.53
ENSG00010000392,GENE0393,850.23,594.79,1090.69,1187.04,1650.91,1186.33,1068.63,695.22
ENSG00010000393,GENE0394,371.56,276.00,245.27,316.04,565.34,416.61,457.61,683.94
ENSG00010000394,GENE0395,962.95,1460.34,1326.32,1420.51,500.94,653.22,815.65,558.75
ENSG00010000395,GENE0396,3853.80,3514.75,4461.41,4947.20,3056.70,2886.75,4060.16,3729.35
ENSG00010000396,GENE0397,69.06,87.97,67.16,72.37,84.55,62.01,69.06,60.78
ENSG00010000397,GENE0398,17.39,35.73,23.56,21.97,19.57,24.81,16.97,18.20
ENSG00010000398,GENE0399,12.97,11.69,20.25,10.31,16.50,9.88,9.37,11.31
ENSG00010000399,GENE0400,528.87,892.93,798.78,692.31,722.04,892.41,914.21,1327.74
ENSG00010000400,GENE0401,4.63,5.58,8.30,4.94,3.75,3.62,4.20,4.62
ENSG00010000401,GENE0402,15.58,22.66,24.08,29.49,25.48,28.97,29.98,27.13
ENSG00010000402,GENE0403,7.10,6.13,5.06,8.96,4.98,5.67,3.92,5.59
ENSG00010000403,GENE0404,7.74,12.60,9.89,6.40,1.24,1.29,0.87,1.24
ENSG00010000404,GENE0405,11.76,14.45,13.58,13.05,16.12,10.49,10.12,12.56
ENSG00010000405,GENE0406,7.17,4.15,6.35,5.35,5.54,7.29,5.89,10.42
ENSG00010000406,GENE0407,8.48,10.13,11.00,8.49,14.72,11.79,8.01,8.94
ENSG00010000407,GENE0408,1113.86,1036.80,1204.73,1008.50,647.34,1244.26,921.94,1094.61
ENSG00010000408,GENE0409,328.87,281.25,416.21,355.44,228.32,341.27,339.81,260.72
ENSG00010000409,GENE0410,70.30,76.73,52.64,90.76,79.27,59.85,71.01,80.27
ENSG00010000410,GENE0411,258.42,278.36,252.66,307.89,200.01,205.23,191.99,241.21
ENSG00010000411,GENE0412,210.32,376.68,404.54,340.42,272.15,244.77,376.92,431.26
ENSG00010000412,GENE0413,6.37,6.30,6.60,5.86,4.34,7.56,4.39,7.84
ENSG00010000413,GENE0414,156.78,214.39,166.76,171.06,195.74,197.18,153.10,201.22
ENSG00010000414,GENE0415,32.38,36.96,34.70,62.99,30.82,30.13,77.24,50.97
ENSG00010000415,GENE0416,1781.25,1036.95,716.77,1381.72,809.76,1296.43,888.83,1244.68
ENSG00010000416,GENE0417,49.81,31.78,35.80,29.62,35.80,27.88,36.23,41.26
ENSG00010000417,GENE0418,70.06,82.77,75.62,77.69,53.64,50.48,63.64,61.45
ENSG00010000418,GENE0419,1165.55,719.10,807.25,683.69,946.94,624.08,687.62,599.53
ENSG00010000419,GENE0420,27.87,31.82,29.27,23.37,13.48,24.49,21.45,22.00
ENSG00010000420,GENE0421,113.42,107.25,172.88,139.99,197.90,185.72,144.38,163.69
ENSG00010000421,GENE0422,527.44,546.51,477.17,419.09,461.39,541.84,325.63,407.14
ENSG00010000422,GENE0423,1481.84,2012.90,1454.30,1269.62,1929.35,1912.71,1372.49,1823.22
ENSG00010000423,GENE0424,5.19,5.41,3.57,4.43,4.54,4.19,4.85,3.56
ENSG00010000424,GENE0425,153.88,115.11,172.47,103.91,97.75,115.12,111.79,96.05
ENSG00010000425,GENE0426,3360.15,2159.29,2300.57,1926.57,4734.75,2859.62,3275.57,1715.53
ENSG00010000426,GENE0427,3.57,6.94,5.34,6.17,5.53,3.61,3.77,9.69
ENSG00010000427,GENE0428,5.30,5.23,4.41,8.38,5.21,3.96,5.91,5.19
ENSG00010000428,GENE0429,16.63,11.27,9.23,13.66,1.39,1.67,1.70,1.44
ENSG00010000429,GENE0430,18.59,30.20,27.67,19.49,25.41,28.15,23.99,20.71
ENSG00010000430,GENE0431,609.74,756.14,806.01,795.02,803.90,453.46,686.14,695.45
ENSG00010000431,GENE0432,1417.76,1473.10,1977.26,1547.04,1512.71,1712.21,1540.31,1429.62
ENSG00010000432,GENE0433,963.04,861.96,602.54,1290.68,581.10,1186.56,958.28,779.99
ENSG00010000433,GENE0434,35.24,36.68,29.03,29.23,29.27,31.22,27.93,25.53
ENSG00010000434,GENE0435,16.28,12.88,15.59,14.90,12.90,12.24,10.32,11.66
ENSG00010000435,GENE0436,540.44,347.53,270.50,490.65,391.06,377.92,504.10,413.60
ENSG00010000436,GENE0437,163.84,181.99,233.17,186.38,246.26,242.32,161.32,169.25
ENSG00010000437,GENE0438,37.29,34.57,25.39,30.67,30.78,36.23,40.19,29.48
ENSG00010000438,GENE0439,1568.83,1597.42,2221.72,1736.95,343.11,357.64,318.91,436.72
ENSG00010000439,GENE0440,209.85,85.75,96.85,99.40,202.90,77.77,84.19,100.50
ENSG00010000440,GENE0441,2673.34,3197.40,2373.42,2742.28,31978.22,21237.76,18800.32,31358.77
ENSG00010000441,GENE0442,80.66,72.48,104.93,140.30,151.23,94.31,149.50,114.29
ENSG00010000442,GENE0443,194.90,182.04,109.73,132.86,131.19,91.62,140.49,119.53
ENSG00010000443,GENE0444,74.47,105.95,97.72,83.51,104.49,119.91,112.46,93.36
ENSG00010000444,GENE0445,119.53,96.36,103.94,77.99,76.78,79.59,164.77,91.99
ENSG00010000445,GENE0446,22.43,23.25,22.32,32.87,27.73,18.23,14.04,18.73
ENSG00010000446,GENE0447,12.36,11.69,8.26,11.13,10.01,10.76,8.65,15.94
ENSG00010000447,GENE0448,397.62,309.63,300.09,347.36,330.55,443.49,323.15,487.94
ENSG00010000448,GENE0449,126.77,96.06,146.57,121.24,139.59,158.68,109.97,78.79
ENSG00010000449,GENE0450,9.39,6.16,5.81,10.22,10.63,9.93,12.00,12.42
ENSG00010000450,GENE0451,245.91,226.20,243.41,126.13,217.51,183.55,174.09,213.71
ENSG00010000451,GENE0452,27.76,42.60,30.13,41.17,49.48,44.00,40.16,52.30
ENSG00010000452,GENE0453,15.56,13.62,17.48,9.68,16.79,10.62,16.35,16.85
ENSG00010000453,GENE0454,25.33,39.45,28.94,27.33,28.67,33.57,37.39,25.10
ENSG00010000454,GENE0455,1271.61,1338.00,1084.36,1083.96,2219.20,965.89,1296.72,1282.48
ENSG00010000455,GENE0456,2792.46,1862.30,1815.30,1936.85,1965.14,1678.91,2135.66,1990.15
ENSG00010000456,GENE0457,530.19,294.23,680.29,575.08,678.68,507.22,418.44,465.21
ENSG00010000457,GENE0458,23.96,25.63,15.53,16.74,20.06,22.41,16.78,30.12
ENSG00010000458,GENE0459,21.66,16.63,24.85,22.93,24.29,19.08,29.43,29.59
ENSG00010000459,GENE0460,9.20,11.50,10.88,8.88,9.18,8.91,9.81,17.31
ENSG00010000460,GENE0461,1139.00,1856.08,1851.45,1182.08,1025.82,1161.22,1592.33,1022.52
ENSG00010000461,GENE0462,1979.36,2203.19,1413.00,1463.09,1129.27,2096.80,1231.81,2509.85
ENSG00010000462,GENE0463,11.95,8.80,10.80,11.07,18.44,8.10,13.09,11.69
ENSG00010000463,GENE0464,266.01,270.22,199.39,199.34,551.31,471.99,382.21,438.41
ENSG00010000464,GENE0465,38.02,31.19,26.83,47.11,39.45,28.04,55.38,39.88
ENSG00010000465,GENE0466,22.61,16.06,14.95,19.02,22.44,24.15,24.81,21.01
ENSG00010000466,GENE0467,3.47,5.13,5.06,4.09,4.50,5.46,5.12,5.50
ENSG00010000467,GENE0468,120.97,243.51,172.48,163.22,234.46,248.52,221.93,160.61
ENSG00010000468,GENE0469,139.96,189.35,153.39,194.72,274.23,143.04,167.83,164.22
ENSG00010000469,GENE0470,573.01,1000.22,813.08,805.64,939.05,895.54,626.65,349.60
ENSG00010000470,GENE0471,7.42,9.32,12.94,10.08,10.32,9.62,10.78,9.32
ENSG00010000471,GENE0472,218.73,133.77,173.70,112.32,26.88,37.57,27.87,27.66
ENSG00010000472,GENE0473,93.47,100.26,148.76,162.56,150.87,156.87,105.48,136.92
ENSG00010000473,GENE0474,192.77,125.06,181.39,180.94,263.14,148.91,215.41,191.22
ENSG00010000474,GENE0475,74.97,55.36,53.13,40.87,64.50,69.45,53.81,57.21
ENSG00010000475,GENE0476,27.05,25.82,24.27,26.77,25.49,25.35,23.85,31.63
ENSG00010000476,GENE0477,134.32,109.14,116.06,75.88,129.86,145.23,162.02,109.41
ENSG00010000477,GENE0478,8.97,5.77,5.08,13.84,3.52,3.71,3.75,4.29
ENSG00010000478,GENE0479,110.85,122.44,122.59,164.09,165.69,131.80,109.25,128.16
ENSG00010000479,GENE0480,558.55,626.80,578.91,910.70,817.45,838.90,701.39,742.08
ENSG00010000480,GENE0481,873.64,954.63,876.60,1485.96,949.03,1215.93,1033.87,1043.33
ENSG00010000481,GENE0482,88.73,87.85,79.06,72.39,140.38,82.18,162.49,112.42
ENSG00010000482,GENE0483,169.59,220.19,139.70,158.81,167.58,153.34,103.91,216.84
ENSG00010000483,GENE0484,1283.46,1040.80,831.45,1561.37,1090.91,1327.95,897.35,1090.60
ENSG00010000484,GENE0485,2020.61,3157.70,3287.94,2875.45,1440.90,976.27,842.83,941.33
ENSG00010000485,GENE0486,157.34,255.06,207.51,177.85,138.88,136.57,246.14,346.39
ENSG00010000486,GENE0487,192.71,269.19,199.80,216.95,275.88,164.29,187.32,190.44
ENSG00010000487,GENE0488,350.22,245.10,285.16,225.57,186.44,223.58,212.08,275.83
ENSG00010000488,GENE0489,10.00,7.30,5.46,7.55,5.74,8.27,8.48,5.08
ENSG00010000489,GENE0490,16.25,18.82,26.05,16.00,53.46,40.07,52.40,49.38
ENSG00010000490,GENE0491,1750.71,858.03,1985.54,841.51,1503.02,1761.33,1054.91,1001.11
ENSG00010000491,GENE0492,56.89,56.98,57.36,47.81,73.13,80.82,61.37,66.38
ENSG00010000492,GENE0493,13.50,9.47,13.41,12.71,11.41,12.66,16.75,7.67
ENSG00010000493,GENE0494,165.73,218.70,186.33,197.84,199.12,208.96,150.76,204.63
ENSG00010000494,GENE0495,127.11,181.95,156.90,135.76,249.97,106.24,224.08,148.76
ENSG00010000495,GENE0496,134.37,82.92,147.28,120.68,234.70,125.61,90.89,168.09
ENSG00010000496,GENE0497,552.58,487.31,781.78,566.79,618.48,563.46,589.76,644.92
ENSG00010000497,GENE0498,147.02,159.44,132.36,187.05,136.87,222.97,137.24,144.84
ENSG00010000498,GENE0499,3.86,4.92,4.92,7.12,7.69,4.79,7.61,3.68
ENSG00010000499,GENE0500,479.17,480.56,569.30,533.33,547.55,588.82,425.37,487.35
ENSG00010000500,GENE0501,14.93,12.20,9.15,15.20,17.29,23.68,12.51,15.86
ENSG00010000501,GENE0502,5.55,7.72,6.35,4.48,4.12,5.15,4.31,6.79
ENSG00010000502,GENE0503,1334.73,2744.91,1555.99,2586.05,2318.39,2442.03,2363.96,1809.14
ENSG00010000503,GENE0504,5.81,9.35,7.01,6.10,6.56,7.68,6.06,5.06
ENSG00010000504,GENE0505,1614.08,2323.93,2073.25,1627.78,6835.80,7791.68,4422.34,4150.65
ENSG00010000505,GENE0506,18.17,13.91,16.22,10.26,9.72,11.01,11.24,12.34
ENSG00010000506,GENE0507,11.97,9.54,8.53,11.43,5.05,5.81,6.01,4.57
ENSG00010000507,GENE0508,11.55,8.12,13.49,9.21,11.18,10.78,11.99,13.97
ENSG00010000508,GENE0509,58.22,83.27,30.68,36.35,69.08,63.51,56.13,53.20
ENSG00010000509,GENE0510,164.00,171.14,160.14,196.47,29.95,20.58,18.15,20.88
ENSG00010000510,GENE0511,2737.27,1591.14,1770.31,2657.71,2405.25,1398.18,1937.83,1657.31
ENSG00010000511,GENE0512,91.60,126.33,62.22,99.39,10.56,17.23,13.59,11.71
ENSG00010000512,GENE0513,49.42,28.88,32.10,33.59,107.05,106.44,105.88,177.38
ENSG00010000513,GENE0514,2306.37,5100.73,5642.14,4523.20,3224.68,3412.50,4257.48,3607.90
ENSG00010000514,GENE0515,2666.22,2492.28,2376.63,1917.62,308.44,467.63,381.67,661.80
ENSG00010000515,GENE0516,253.55,264.71,274.03,282.87,315.10,314.55,229.73,218.11
ENSG00010000516,GENE0517,1279.21,822.10,1207.32,973.30,1124.60,1321.60,1144.56,1359.88
ENSG00010000517,GENE0518,45.02,39.86,56.35,32.27,55.77,38.28,34.45,40.07
ENSG00010000518,GENE0519,203.61,368.31,271.56,297.70,335.67,358.86,376.22,343.47
ENSG00010000519,GENE0520,37.98,36.68,41.15,33.42,20.85,33.33,36.29,39.45
ENSG00010000520,GENE0521,926.25,923.11,945.71,730.51,867.51,730.18,887.86,1107.64
ENSG00010000521,GENE0522,13.57,18.98,13.02,16.43,20.08,11.86,14.37,15.10
ENSG00010000522,GENE0523,1241.20,1302.14,1256.10,889.87,1143.04,804.19,1058.47,1161.78
ENSG00010000523,GENE0524,3224.48,2555.99,3534.22,3085.65,6000.22,2750.75,4188.85,3350.82
ENSG00010000524,GENE0525,2256.94,1781.55,1258.84,2234.89,1493.22,2181.57,1283.62,1515.25
ENSG00010000525,GENE0526,184.17,234.02,148.07,158.52,169.28,153.95,186.21,181.22
ENSG00010000526,GENE0527,59.23,49.21,70.96,70.15,53.23,52.82,74.48,75.40
ENSG00010000527,GENE0528,2328.38,2388.23,2619.36,3615.95,2992.10,3299.13,3163.19,2364.46
ENSG00010000528,GENE0529,940.64,1217.68,738.34,737.63,1249.92,1128.34,718.33,2259.20
ENSG00010000529,GENE0530,30.49,32.20,39.40,24.07,25.50,45.88,40.33,22.33
ENSG00010000530,GENE0531,2157.81,2738.67,2835.64,2718.44,2014.90,2522.04,2162.31,3212.37
ENSG00010000531,GENE0532,324.31,532.80,367.78,336.18,342.70,545.74,391.96,281.07
ENSG00010000532,GENE0533,1895.14,1782.88,2612.14,2981.39,1651.99,2648.33,1435.17,1726.07
ENSG00010000533,GENE0534,348.19,364.15,284.28,413.03,352.92,387.18,336.25,347.40
ENSG00010000534,GENE0535,5.38,8.85,6.02,7.14,5.04,5.26,7.29,8.95
ENSG00010000535,GENE0536,6.35,12.50,6.27,8.97,6.26,8.56,7.53,9.53
ENSG00010000536,GENE0537,153.18,162.42,154.79,129.10,182.68,187.71,249.94,127.40
ENSG00010000537,GENE0538,367.27,371.64,345.52,448.54,2789.85,4073.70,4487.78,3754.53
ENSG00010000538,GENE0539,3076.57,1373.19,2028.49,2028.30,1350.27,2208.84,1700.74,2333.98
ENSG00010000539,GENE0540,1330.73,860.26,1908.55,790.37,2068.20,1051.29,1876.87,1408.50
ENSG00010000540,GENE0541,44.54,67.22,51.81,55.82,78.83,44.33,39.09,36.21
ENSG00010000541,GENE0542,12.59,9.41,4.61,5.01,6.88,8.18,8.94,5.94
ENSG00010000542,GENE0543,53.21,53.48,77.41,63.40,68.05,72.79,80.17,70.63
ENSG00010000543,GENE0544,333.30,383.67,484.97,264.15,529.64,370.71,222.66,345.54
ENSG00010000544,GENE0545,34.73,34.25,34.43,42.94,32.59,62.75,55.44,26.58
ENSG00010000545,GENE0546,10.31,7.20,7.84,11.42,7.56,11.98,8.45,12.70
ENSG00010000546,GENE0547,50.37,41.65,25.01,41.35,13.59,20.03,18.45,11.10
ENSG00010000547,GENE0548,8.12,5.91,6.84,8.52,8.30,7.26,6.07,6.90
ENSG00010000548,GENE0549,3688.51,2839.92,2532.19,2092.07,8853.29,12020.16,13458.74,15777.09
ENSG00010000549,GENE0550,8.18,6.80,3.69,4.06,0.47,0.70,0.96,0.63
ENSG00010000550,GENE0551,196.07,210.59,157.09,191.20,161.83,165.74,136.40,168.72
ENSG00010000551,GENE0552,175.50,273.97,172.49,179.72,167.73,263.28,317.91,217.02
ENSG00010000552,GENE0553,26.29,38.68,35.76,42.01,34.87,46.83,46.02,33.67
ENSG00010000553,GENE0554,349.70,244.08,264.22,287.50,372.59,353.41,407.79,256.38
ENSG00010000554,GENE0555,189.50,218.58,195.28,207.89,548.00,575.04,540.76,566.59
ENSG00010000555,GENE0556,11.97,16.19,19.80,15.68,10.36,10.46,14.37,11.03
ENSG00010000556,GENE0557,32.73,23.18,31.80,28.84,40.35,45.48,35.93,40.30
ENSG00010000557,GENE0558,4217.19,2519.46,3003.27,1965.45,1741.53,3214.69,2155.25,3173.80
ENSG00010000558,GENE0559,881.00,1039.99,891.53,1505.61,1152.59,1512.39,1287.81,845.28
ENSG00010000559,GENE0560,8.94,6.50,7.98,8.21,7.35,7.67,8.95,12.76
ENSG00010000560,GENE0561,2338.41,1738.39,1990.24,3088.90,2469.72,1889.48,3185.22,3207.27
ENSG00010000561,GENE0562,251.18,461.12,375.26,338.38,351.48,308.90,207.25,421.73
ENSG00010000562,GENE0563,2829.68,3144.18,2184.40,4009.27,23971.62,25094.38,25297.25,24667.22
ENSG00010000563,GENE0564,5.88,4.81,4.42,3.49,3.21,3.94,3.97,5.42
ENSG00010000564,GENE0565,7.47,4.51,5.25,6.53,7.75,5.97,6.00,4.66
ENSG00010000565,GENE0566,82.42,77.40,65.57,76.91,62.30,86.70,58.55,52.81
ENSG00010000566,GENE0567,292.98,235.15,134.42,185.60,214.46,255.42,249.90,270.43
ENSG00010000567,GENE0568,10.37,11.79,9.72,15.12,6.14,7.78,8.03,11.73
ENSG00010000568,GENE0569,59.62,86.31,55.88,73.35,76.88,53.92,40.44,106.39
ENSG00010000569,GENE0570,24.85,30.37,25.90,32.53,41.07,29.95,45.03,45.43
ENSG00010000570,GENE0571,971.61,1215.51,1582.73,1199.86,337.92,253.44,312.75,393.72
ENSG00010000571,GENE0572,32.54,17.65,23.69,26.36,17.20,29.46,20.50,23.33
ENSG00010000572,GENE0573,193.07,288.62,160.41,216.04,299.33,213.86,192.07,256.23
ENSG00010000573,GENE0574,1567.40,1139.45,991.93,961.55,1157.81,1068.09,963.11,476.73
ENSG00010000574,GENE0575,524.21,325.21,377.76,491.19,575.87,689.29,601.13,403.87
ENSG00010000575,GENE0576,24.92,41.56,37.40,37.37,26.43,21.75,27.79,29.50
ENSG00010000576,GENE0577,8.87,6.51,6.13,7.56,6.11,6.65,6.49,8.11
ENSG00010000577,GENE0578,18.73,18.69,14.81,13.71,17.77,19.38,14.04,21.83
ENSG00010000578,GENE0579,65.95,112.28,112.34,102.25,87.31,70.99,152.60,85.84
ENSG00010000579,GENE0580,1320.28,1064.99,1052.95,986.58,1113.38,839.67,1025.87,1540.11
ENSG00010000580,GENE0581,588.03,452.58,579.64,510.72,6051.79,5055.12,4908.10,5075.66
ENSG00010000581,GENE0582,10.98,13.11,8.91,14.17,12.31,12.90,15.04,11.34
ENSG00010000582,GENE0583,649.40,534.03,611.62,459.22,497.36,589.52,532.55,595.73
ENSG00010000583,GENE0584,8.19,7.08,5.01,7.98,5.25,6.21,4.79,4.73
ENSG00010000584,GENE0585,313.48,476.62,398.59,448.00,235.24,400.39,354.56,314.14
ENSG00010000585,GENE0586,133.82,392.84,274.80,281.56,102.52,130.25,123.52,210.28
ENSG00010000586,GENE0587,1718.09,2581.61,2817.76,1826.25,1354.21,1920.61,2879.08,1611.97
ENSG00010000587,GENE0588,35.96,63.91,25.62,35.29,48.17,40.01,46.03,25.84
ENSG00010000588,GENE0589,57.42,35.20,43.89,48.50,105.42,116.53,81.80,103.71
ENSG00010000589,GENE0590,452.01,331.45,642.13,687.11,567.65,466.92,467.39,461.23
ENSG00010000590,GENE0591,5.46,12.19,8.55,7.32,10.99,10.93,7.21,13.56
ENSG00010000591,GENE0592,379.15,517.83,331.80,469.76,71.96,51.28,72.56,54.19
ENSG00010000592,GENE0593,185.59,214.43,158.51,172.74,189.43,158.22,163.66,184.73
ENSG00010000593,GENE0594,1402.91,1525.39,1590.75,1434.23,1357.08,1790.01,1217.33,2073.56
ENSG00010000594,GENE0595,29.83,29.06,28.49,20.47,31.27,22.14,30.08,39.63
ENSG00010000595,GENE0596,6.69,8.49,4.91,4.00,6.27,5.85,8.98,7.69
ENSG00010000596,GENE0597,3505.33,4909.10,3073.74,4119.20,7003.12,4731.30,4091.06,4799.90
ENSG00010000597,GENE0598,12.46,6.03,8.87,15.91,19.22,11.86,11.29,17.03
ENSG00010000598,GENE0599,304.26,284.87,191.32,236.12,180.12,206.47,221.44,307.33
ENSG00010000599,GENE0600,74.40,41.37,60.78,67.56,48.41,62.58,66.65,31.99
ENSG00010000600,GENE0601,2606.41,1348.21,1518.46,2133.93,1986.70,1257.56,1702.02,1920.45
ENSG00010000601,GENE0602,6.01,7.71,4.98,7.15,4.91,3.93,6.23,4.53
ENSG00010000602,GENE0603,7.78,6.59,6.59,6.86,9.45,4.67,6.76,5.50
ENSG00010000603,GENE0604,2189.01,1960.20,1886.70,1889.86,2372.02,1344.47,2508.21,1787.32
ENSG00010000604,GENE0605,372.12,298.84,546.29,679.63,495.97,677.86,419.00,408.15
ENSG00010000605,GENE0606,2164.95,2157.06,1866.41,3817.45,1763.96,2275.41,1867.02,1991.09
ENSG00010000606,GENE0607,23.97,20.84,15.77,18.66,19.06,15.62,26.50,16.54
ENSG00010000607,GENE0608,5.02,5.33,6.47,5.38,2.81,5.42,4.21,5.13
ENSG00010000608,GENE0609,19.34,10.87,15.10,13.57,9.72,14.37,11.70,15.72
ENSG00010000609,GENE0610,452.41,475.76,572.94,396.47,242.26,263.16,355.89,209.01
ENSG00010000610,GENE0611,2560.62,1586.26,1071.92,2421.10,1305.06,2193.85,3142.84,1618.64
ENSG00010000611,GENE0612,1080.47,1204.65,1152.30,1122.02,4149.14,3203.90,3125.20,3814.56
ENSG00010000612,GENE0613,921.37,722.54,738.49,799.03,600.89,602.92,701.23,467.76
ENSG00010000613,GENE0614,352.46,526.15,328.78,354.72,450.37,482.73,386.79,381.40
ENSG00010000614,GENE0615,95.92,105.81,131.52,81.01,120.78,106.95,89.69,150.38
ENSG00010000615,GENE0616,110.00,76.52,81.50,63.34,94.99,81.25,88.21,60.77
ENSG00010000616,GENE0617,6.44,7.29,4.61,7.79,4.66,6.56,9.96,9.54
ENSG00010000617,GENE0618,18.82,12.06,27.38,23.66,17.79,23.62,18.56,17.34
ENSG00010000618,GENE0619,82.41,146.92,144.41,193.15,204.87,261.36,189.70,185.95
ENSG00010000619,GENE0620,16.55,18.29,15.53,22.41,22.10,13.18,21.44,14.88
ENSG00010000620,GENE0621,1460.05,1118.05,1250.27,1041.19,1490.26,1226.99,1590.19,1365.97
ENSG00010000621,GENE0622,7.30,8.93,9.51,9.32,2.89,4.12,1.88,2.52
ENSG00010000622,GENE0623,746.50,609.71,412.94,349.72,487.02,421.13,611.78,435.39
ENSG00010000623,GENE0624,21.87,13.48,21.49,21.86,27.06,30.10,28.20,27.54
ENSG00010000624,GENE0625,63.04,54.56,89.11,50.42,121.17,74.36,67.87,78.70
ENSG00010000625,GENE0626,16.52,15.51,18.48,10.76,34.63,30.97,31.49,33.39
ENSG00010000626,GENE0627,1510.58,1805.46,1781.94,2306.52,1423.80,1840.41,1557.52,2624.85
ENSG00010000627,GENE0628,354.27,453.92,491.70,307.55,2815.08,2316.70,2522.71,3973.83
ENSG00010000628,GENE0629,45.23,33.05,39.80,35.83,50.12,81.79,87.96,103.85
ENSG00010000629,GENE0630,7.91,7.45,5.03,7.93,5.99,6.90,5.45,7.06
ENSG00010000630,GENE0631,10.05,12.96,16.63,16.33,18.59,15.87,8.00,16.16
ENSG00010000631,GENE0632,4551.63,1942.55,3301.71,2403.40,1899.35,2368.90,2935.61,5528.52
ENSG00010000632,GENE0633,420.73,287.98,401.37,546.70,611.03,355.04,462.40,474.16
ENSG00010000633,GENE0634,434.95,217.12,275.78,323.92,397.11,301.01,283.77,188.98
ENSG00010000634,GENE0635,25.98,23.66,17.48,16.62,17.05,25.21,21.65,20.45
ENSG00010000635,GENE0636,3846.88,5636.35,4453.27,3032.04,3472.05,4062.01,3246.85,3857.71
ENSG00010000636,GENE0637,648.49,730.46,476.38,461.08,1035.91,649.69,769.05,992.21
ENSG00010000637,GENE0638,8.22,7.80,7.31,11.38,7.70,11.94,8.81,10.41
ENSG00010000638,GENE0639,11.50,8.62,8.16,8.45,8.00,10.63,10.18,8.99
ENSG00010000639,GENE0640,3090.00,1845.60,2922.28,2310.65,3302.62,2465.70,1780.68,3100.58
ENSG00010000640,GENE0641,463.44,349.92,207.81,727.24,318.71,388.90,470.44,296.21
ENSG00010000641,GENE0642,373.61,397.20,383.15,358.00,305.30,291.32,320.79,211.43
ENSG00010000642,GENE0643,29.13,40.75,41.44,46.76,34.62,36.68,27.05,37.75
ENSG00010000643,GENE0644,1484.36,1318.64,1219.75,1203.15,1266.45,2473.80,1668.83,1467.03
ENSG00010000644,GENE0645,290.17,300.38,215.71,355.78,156.80,223.00,156.21,200.93
ENSG00010000645,GENE0646,1081.16,1272.88,943.30,1167.68,604.29,1233.41,695.32,590.82
ENSG00010000646,GENE0647,748.85,885.04,989.78,555.40,928.88,625.26,740.63,541.24
ENSG00010000647,GENE0648,18.48,19.64,17.99,16.86,16.59,15.08,23.10,15.66
ENSG00010000648,GENE0649,1388.88,1157.66,1182.96,1041.30,1384.30,1080.35,1533.83,1735.37
ENSG00010000649,GENE0650,10.86,19.25,22.24,22.03,14.48,19.46,11.23,12.45
ENSG00010000650,GENE0651,119.27,151.04,125.85,164.44,185.89,204.04,136.90,154.04
ENSG00010000651,GENE0652,12.83,10.39,10.67,13.47,112.99,71.83,138.60,72.27
ENSG00010000652,GENE0653,9.25,9.23,12.10,11.02,7.39,8.87,7.01,7.22
ENSG00010000653,GENE0654,11.37,15.80,14.63,12.32,2.89,3.50,2.08,3.15
ENSG00010000654,GENE0655,37.30,57.89,51.25,37.26,50.97,32.94,43.64,25.22
ENSG00010000655,GENE0656,879.69,791.90,907.72,558.83,542.27,610.48,900.48,572.57
ENSG00010000656,GENE0657,44.22,56.77,68.40,45.88,46.08,40.45,38.24,39.80
ENSG00010000657,GENE0658,489.27,538.78,662.24,387.51,388.29,510.58,610.33,670.93
ENSG00010000658,GENE0659,28.63,24.61,24.59,24.16,39.13,38.68,24.79,25.56
ENSG00010000659,GENE0660,174.96,223.15,117.25,185.64,165.40,185.88,146.21,183.45
ENSG00010000660,GENE0661,24.31,48.65,38.52,35.37,24.86,40.38,29.04,38.64
ENSG00010000661,GENE0662,1283.09,1180.75,2657.38,1227.83,2229.72,1385.16,1681.36,1166.20
ENSG00010000662,GENE0663,402.07,257.49,294.63,242.20,286.29,277.57,260.15,257.29
ENSG00010000663,GENE0664,4.47,4.37,5.21,7.04,3.80,6.28,6.77,2.72
ENSG00010000664,GENE0665,339.98,334.93,567.33,369.99,36.91,45.64,57.62,47.24
ENSG00010000665,GENE0666,24.44,13.72,27.98,18.16,21.16,35.60,17.30,24.67
ENSG00010000666,GENE0667,20.23,17.36,15.97,17.06,19.96,30.62,15.60,20.32
ENSG00010000667,GENE0668,438.08,415.53,645.74,298.19,560.72,649.06,627.78,790.57
ENSG00010000668,GENE0669,90.98,70.50,109.83,74.13,59.70,110.44,78.25,116.64
ENSG00010000669,GENE0670,138.13,175.06,153.29,143.72,132.78,114.66,134.50,128.40
ENSG00010000670,GENE0671,6.52,9.08,5.07,5.68,22.12,19.05,31.35,33.01
ENSG00010000671,GENE0672,36.19,55.90,34.30,59.41,62.89,37.64,35.52,41.08
ENSG00010000672,GENE0673,12.21,14.82,13.54,9.53,3.32,3.18,8.54,4.47
ENSG00010000673,GENE0674,4.19,3.08,3.59,3.62,3.83,3.36,3.80,2.63
ENSG00010000674,GENE0675,67.25,77.21,119.30,80.33,80.89,93.96,115.82,100.05
ENSG00010000675,GENE0676,4.30,3.57,4.10,3.46,4.18,5.51,4.63,2.72
ENSG00010000676,GENE0677,32.81,34.61,34.52,23.26,78.22,78.40,91.74,51.24
ENSG00010000677,GENE0678,36.04,20.87,17.35,26.11,30.09,19.61,14.19,19.13
ENSG00010000678,GENE0679,2077.97,4013.15,2625.45,2953.89,1348.06,2417.98,1948.73,3070.61
ENSG00010000679,GENE0680,220.98,267.61,231.98,305.62,208.76,386.75,238.60,266.32
ENSG00010000680,GENE0681,7.46,4.57,8.46,6.32,5.40,7.98,7.27,5.44
ENSG00010000681,GENE0682,4345.55,1920.66,3070.26,3064.24,3161.20,3676.02,3320.38,2320.34
ENSG00010000682,GENE0683,5.58,4.72,5.79,6.77,7.02,6.10,6.91,8.14
ENSG00010000683,GENE0684,160.01,131.85,137.36,163.23,858.04,1387.12,1419.34,1455.80
ENSG00010000684,GENE0685,56.29,32.23,40.86,48.36,38.60,34.16,36.33,50.13
ENSG00010000685,GENE0686,1198.61,913.24,1496.45,1219.86,989.72,1064.91,873.19,788.15
ENSG00010000686,GENE0687,95.69,132.33,136.81,139.17,153.96,155.61,184.08,147.41
ENSG00010000687,GENE0688,146.39,206.69,107.88,121.16,118.58,130.15,109.33,194.91
ENSG00010000688,GENE0689,1735.08,880.50,1810.90,1039.68,1109.14,826.18,1226.56,546.86
ENSG00010000689,GENE0690,22.98,27.01,37.62,15.48,28.66,33.17,28.71,15.78
ENSG00010000690,GENE0691,44.19,72.36,63.68,43.93,70.65,50.87,61.15,83.32
ENSG00010000691,GENE0692,25.01,67.23,41.20,47.22,42.39,49.92,46.33,71.91
ENSG00010000692,GENE0693,7.48,7.92,8.67,10.01,17.51,9.79,7.65,8.51
ENSG00010000693,GENE0694,142.16,118.72,122.73,106.29,151.15,110.72,203.94,130.83
ENSG00010000694,GENE0695,44.62,47.65,45.83,39.43,51.57,43.93,41.79,44.37
ENSG00010000695,GENE0696,424.37,288.50,405.46,545.87,478.79,324.96,414.00,330.69
ENSG00010000696,GENE0697,283.11,219.40,329.98,248.66,262.97,284.82,399.61,243.37
ENSG00010000697,GENE0698,76.64,94.10,67.36,104.95,135.33,120.99,132.22,135.26
ENSG00010000698,GENE0699,31.06,41.12,21.02,37.59,6.05,4.92,5.64,5.79
ENSG00010000699,GENE0700,3.87,3.17,5.68,3.39,4.89,4.66,3.75,4.34
ENSG00010000700,GENE0701,214.58,92.74,79.46,56.93,105.35,68.81,68.55,123.32
ENSG00010000701,GENE0702,6.89,12.29,16.27,13.36,10.74,13.18,12.59,9.73
ENSG00010000702,GENE0703,54.55,74.36,66.18,63.60,47.18,77.81,51.02,92.54
ENSG00010000703,GENE0704,22.48,16.90,14.88,19.25,12.15,12.73,10.33,20.31
ENSG00010000704,GENE0705,11.19,17.96,17.93,16.04,35.88,27.26,41.05,42.67
ENSG00010000705,GENE0706,110.64,59.01,68.51,63.93,43.86,86.59,56.64,93.09
ENSG00010000706,GENE0707,885.35,527.58,741.27,576.89,6552.63,8185.75,7572.48,6042.89
ENSG00010000707,GENE0708,218.60,202.98,230.02,225.24,176.88,336.53,113.27,257.95
ENSG00010000708,GENE0709,1822.65,3357.34,3850.77,2753.59,2869.76,1766.41,3306.66,2138.96
ENSG00010000709,GENE0710,1632.87,2797.85,1416.05,1670.73,2046.40,2279.46,1232.59,1370.97
ENSG00010000710,GENE0711,38.88,31.16,41.21,35.95,41.73,59.96,33.71,57.40
ENSG00010000711,GENE0712,21.08,27.98,36.94,26.23,182.16,215.01,155.12,174.57
ENSG00010000712,GENE0713,5.95,7.62,10.55,8.73,10.92,10.89,7.75,8.03
ENSG00010000713,GENE0714,461.56,814.99,835.50,1329.39,449.76,780.24,816.72,1183.26
ENSG00010000714,GENE0715,712.15,1041.52,566.74,1002.93,133.49,108.65,111.38,150.04
ENSG00010000715,GENE0716,370.28,448.83,494.65,568.07,378.18,421.28,387.33,412.65
ENSG00010000716,GENE0717,7.78,10.83,9.44,7.12,6.72,9.00,11.07,5.45
ENSG00010000717,GENE0718,61.43,60.91,88.82,53.21,58.17,28.85,65.67,46.73
ENSG00010000718,GENE0719,172.49,96.67,223.58,165.69,125.39,167.41,125.51,174.69
ENSG00010000719,GENE0720,1110.87,1472.98,937.81,1084.78,1191.98,891.38,897.84,814.02
ENSG00010000720,GENE0721,98.55,76.40,113.53,69.84,60.10,68.78,46.89,103.23
ENSG00010000721,GENE0722,32.59,27.26,28.02,26.40,22.94,37.43,36.56,31.16
ENSG00010000722,GENE0723,1073.89,784.61,1287.87,1661.68,944.87,671.34,1089.36,1248.19
ENSG00010000723,GENE0724,107.05,73.70,155.42,118.77,120.00,102.38,131.10,105.69
ENSG00010000724,GENE0725,13.50,11.91,15.51,10.66,13.82,10.01,19.36,10.68
ENSG00010000725,GENE0726,1873.67,1779.36,1831.92,2174.28,1890.07,2208.85,2104.90,3303.11
ENSG00010000726,GENE0727,734.16,1386.15,575.42,914.87,830.18,578.68,1031.93,948.05
ENSG00010000727,GENE0728,60.95,38.53,40.54,57.84,49.94,41.25,36.88,41.25
ENSG00010000728,GENE0729,153.69,173.64,232.28,208.05,185.36,158.98,238.69,202.79
ENSG00010000729,GENE0730,1037.90,1197.10,993.51,784.63,923.31,504.29,741.37,1075.62
ENSG00010000730,GENE0731,14.52,13.85,11.91,13.10,20.97,22.40,24.39,12.05
ENSG00010000731,GENE0732,5406.80,2099.68,2702.32,2952.18,3329.71,2623.96,2991.88,3005.91
ENSG00010000732,GENE0733,45.79,35.08,24.32,47.31,26.77,50.21,40.17,15.89
ENSG00010000733,GENE0734,1058.34,1049.70,872.79,721.01,96.97,133.75,110.76,93.67
ENSG00010000734,GENE0735,14.08,12.71,10.16,12.90,2.83,3.33,4.79,4.23
ENSG00010000735,GENE0736,3446.23,3078.81,4449.82,2071.70,2507.98,2055.58,2325.89,2290.25
ENSG00010000736,GENE0737,43.77,38.09,27.97,40.14,38.65,29.89,30.26,33.39
ENSG00010000737,GENE0738,4.40,6.57,7.70,5.34,5.26,6.33,9.69,5.99
ENSG00010000738,GENE0739,97.32,61.04,86.70,63.50,52.53,65.58,69.04,99.05
ENSG00010000739,GENE0740,2108.45,1928.86,1297.18,1694.85,1480.33,1682.36,1538.53,1278.64
ENSG00010000740,GENE0741,8.80,7.62,8.03,5.50,6.04,8.52,6.31,6.97
ENSG00010000741,GENE0742,1105.79,1834.98,1857.05,831.50,1568.74,2284.77,1528.41,2007.79
ENSG00010000742,GENE0743,355.75,333.54,203.94,546.98,248.64,390.44,284.41,315.91
ENSG00010000743,GENE0744,2241.73,2128.65,2550.71,2229.04,428.66,648.16,429.64,861.20
ENSG00010000744,GENE0745,683.20,1323.53,1034.30,799.01,704.38,849.70,1454.71,792.49
ENSG00010000745,GENE0746,86.09,90.20,71.15,91.92,87.03,79.14,61.55,46.25
ENSG00010000746,GENE0747,30.98,26.66,39.09,28.08,39.88,22.36,40.72,28.57
ENSG00010000747,GENE0748,9.13,7.41,6.42,12.08,8.80,5.40,5.81,4.72
ENSG00010000748,GENE0749,255.98,328.97,299.80,382.14,271.37,341.21,235.63,395.56
ENSG00010000749,GENE0750,17.36,10.50,13.77,12.86,17.34,11.68,12.33,14.86
ENSG00010000750,GENE0751,89.06,101.41,75.29,77.75,57.66,60.78,53.39,144.66
ENSG00010000751,GENE0752,7.21,4.83,9.58,5.77,7.09,6.05,4.50,8.65
ENSG00010000752,GENE0753,2853.51,1526.48,2388.78,2997.35,5652.74,6624.82,10297.50,4411.50
ENSG00010000753,GENE0754,187.44,69.65,57.65,53.62,70.96,121.80,137.27,84.90
ENSG00010000754,GENE0755,53.12,105.29,54.61,83.72,58.87,63.98,88.47,55.83
ENSG00010000755,GENE0756,146.41,166.96,135.40,132.90,151.67,95.70,158.40,128.55
ENSG00010000756,GENE0757,439.42,368.10,366.31,281.89,332.00,305.73,259.62,254.39
ENSG00010000757,GENE0758,414.77,297.66,330.43,353.16,307.94,246.60,168.38,304.82
ENSG00010000758,GENE0759,74.43,107.70,122.24,55.59,108.57,96.70,72.11,103.40
ENSG00010000759,GENE0760,10.51,6.58,5.70,5.06,5.63,6.58,10.40,6.11
ENSG00010000760,GENE0761,481.20,448.70,621.82,595.88,1181.46,1083.70,1718.87,1255.14
ENSG00010000761,GENE0762,647.03,479.71,468.78,554.05,373.59,242.26,448.82,286.10
ENSG00010000762,GENE0763,3430.76,2143.10,2770.11,3641.97,3222.56,2073.64,3006.93,3080.02
ENSG00010000763,GENE0764,4.65,6.29,6.88,3.46,8.92,7.01,8.96,8.85
ENSG00010000764,GENE0765,205.35,165.00,235.08,146.63,156.15,181.90,167.28,169.54
ENSG00010000765,GENE0766,4.79,8.55,7.46,6.78,5.69,7.27,5.32,6.37
ENSG00010000766,GENE0767,3606.23,1983.74,4857.99,2800.20,2063.92,1589.88,2323.88,2177.45
ENSG00010000767,GENE0768,1860.57,1478.90,816.08,1278.70,1669.85,2374.61,973.20,2147.29
ENSG00010000768,GENE0769,389.87,326.09,370.18,301.47,680.70,347.88,358.84,260.92
ENSG00010000769,GENE0770,1145.94,1720.15,2109.15,1595.28,148.76,273.81,239.46,278.41
ENSG00010000770,GENE0771,205.14,270.65,252.04,208.21,122.43,103.59,149.56,81.83
ENSG00010000771,GENE0772,22.90,19.75,18.40,14.49,26.86,26.39,20.38,21.22
ENSG00010000772,GENE0773,13.08,8.06,7.46,9.28,14.17,10.81,11.31,7.27
ENSG00010000773,GENE0774,458.31,339.68,372.59,337.40,500.63,588.99,451.17,632.23
ENSG00010000774,GENE0775,547.99,460.19,257.60,263.06,505.93,373.85,413.41,480.77
ENSG00010000775,GENE0776,1147.17,1235.00,946.92,1205.43,1076.09,2619.42,1695.05,1353.71
ENSG00010000776,GENE0777,2783.90,2808.06,3102.69,3253.34,2292.19,2604.29,3321.21,2252.71
ENSG00010000777,GENE0778,90.97,87.96,94.63,85.31,93.16,125.88,125.66,77.77
ENSG00010000778,GENE0779,128.95,131.90,125.10,102.62,135.87,150.30,169.20,171.78
ENSG00010000779,GENE0780,307.38,395.16,326.96,419.48,265.86,435.09,342.98,326.48
ENSG00010000780,GENE0781,2974.38,2454.25,2069.31,2492.00,3574.39,4032.98,5041.11,3806.96
ENSG00010000781,GENE0782,57.93,56.52,43.75,107.28,98.15,65.35,63.70,73.18
ENSG00010000782,GENE0783,270.03,292.80,351.05,416.88,542.82,357.23,500.01,366.23
ENSG00010000783,GENE0784,1877.85,1304.96,2340.80,1917.00,2005.83,1861.35,1588.92,2953.14
ENSG00010000784,GENE0785,87.74,127.10,119.08,103.55,108.13,108.43,107.96,110.08
ENSG00010000785,GENE0786,628.31,334.77,439.44,396.02,350.04,360.39,425.88,556.19
ENSG00010000786,GENE0787,158.88,200.50,235.08,156.51,153.81,156.80,175.26,213.47
ENSG00010000787,GENE0788,16.93,9.65,17.90,17.31,14.21,15.88,13.38,16.90
ENSG00010000788,GENE0789,238.73,204.36,354.57,292.96,227.51,369.74,209.54,278.10
ENSG00010000789,GENE0790,66.89,51.14,65.71,73.96,68.39,73.12,67.58,81.82
ENSG00010000790,GENE0791,34.41,18.51,21.36,33.58,18.32,17.74,17.49,12.48
ENSG00010000791,GENE0792,59.06,109.11,104.03,74.32,94.37,79.78,109.11,81.93
ENSG00010000792,GENE0793,4.93,5.96,5.58,6.61,4.74,5.64,3.22,5.72
ENSG00010000793,GENE0794,34.06,37.67,51.28,32.44,8.76,11.46,9.72,8.75
ENSG00010000794,GENE0795,108.87,74.00,86.31,115.89,341.82,500.12,504.30,301.16
ENSG00010000795,GENE0796,8.70,5.59,6.48,4.34,9.63,13.48,5.95,7.94
ENSG00010000796,GENE0797,114.52,125.72,109.53,102.26,129.39,116.97,208.65,109.46
ENSG00010000797,GENE0798,738.94,891.49,1107.84,987.02,706.91,513.96,663.49,785.67
ENSG00010000798,GENE0799,1693.73,2422.65,2972.80,2570.34,3286.90,3346.72,3491.72,2049.99
ENSG00010000799,GENE0800,59.40,67.98,67.43,86.51,63.86,114.82,97.10,117.07
ENSG00010000800,GENE0801,447.32,688.67,816.45,595.44,619.18,342.26,354.09,750.66
ENSG00010000801,GENE0802,1915.56,1278.43,1646.44,2069.15,1199.12,908.62,1353.86,1199.57
ENSG00010000802,GENE0803,1110.83,795.37,584.60,1110.10,6941.55,7911.48,6578.11,9309.90
ENSG00010000803,GENE0804,1360.76,1003.74,1666.07,1030.75,1355.04,2286.45,1415.57,1533.30
ENSG00010000804,GENE0805,33.50,32.71,31.72,24.95,25.97,45.53,23.01,20.22
ENSG00010000805,GENE0806,3.10,5.13,3.91,3.73,4.71,6.18,7.05,5.42
ENSG00010000806,GENE0807,1297.09,786.26,1236.26,1002.13,1239.02,1102.43,956.54,1073.42
ENSG00010000807,GENE0808,30.23,36.37,42.18,38.46,48.37,39.05,43.44,43.43
ENSG00010000808,GENE0809,5.19,6.44,8.94,5.81,3.92,6.02,5.77,4.68
ENSG00010000809,GENE0810,292.33,422.73,513.03,299.59,331.89,615.50,307.43,409.35
ENSG00010000810,GENE0811,73.58,66.44,44.44,49.12,70.14,49.68,58.19,60.92
ENSG00010000811,GENE0812,16.85,12.08,13.09,10.90,10.95,9.60,9.14,9.26
ENSG00010000812,GENE0813,18.72,17.51,22.64,18.63,1.41,2.71,2.24,2.45
ENSG00010000813,GENE0814,907.06,1372.20,2055.36,1083.76,1806.90,1382.02,2037.09,1115.38
ENSG00010000814,GENE0815,13.40,11.58,20.50,12.15,9.85,12.10,14.66,18.48
ENSG00010000815,GENE0816,22.46,29.36,29.11,43.00,17.83,14.31,23.85,16.51
ENSG00010000816,GENE0817,22.32,25.12,25.49,25.78,43.05,25.05,26.75,26.29
ENSG00010000817,GENE0818,266.58,316.65,240.60,231.80,261.03,264.26,259.23,161.30
ENSG00010000818,GENE0819,310.74,228.94,294.31,412.69,278.47,293.36,313.13,327.11
ENSG00010000819,GENE0820,584.57,503.28,733.23,685.62,777.73,937.53,652.65,982.66
ENSG00010000820,GENE0821,16.40,23.73,25.58,22.66,26.10,15.56,19.94,26.00
ENSG00010000821,GENE0822,146.09,96.25,73.47,144.42,174.95,102.34,82.55,76.79
ENSG00010000822,GENE0823,15.66,17.06,13.71,11.81,19.04,23.09,17.97,21.47
ENSG00010000823,GENE0824,1773.09,1508.99,1749.46,1822.49,354.33,269.20,336.12,177.75
ENSG00010000824,GENE0825,103.90,103.95,180.27,216.32,165.95,134.89,132.50,246.33
ENSG00010000825,GENE0826,14.09,11.17,10.39,9.88,9.65,10.48,11.62,8.03
ENSG00010000826,GENE0827,64.85,118.22,93.99,135.20,110.21,132.07,154.72,79.82
ENSG00010000827,GENE0828,6.78,11.53,7.46,4.47,6.23,4.98,5.53,6.73
ENSG00010000828,GENE0829,17.16,24.88,15.18,14.75,12.13,18.44,19.90,25.72
ENSG00010000829,GENE0830,874.26,1292.71,1353.30,1048.91,1140.62,938.34,1561.04,986.50
ENSG00010000830,GENE0831,378.04,392.10,406.40,359.64,2623.92,3091.81,2362.36,2236.28
ENSG00010000831,GENE0832,585.95,735.78,372.75,965.69,759.56,878.56,991.61,1086.36
ENSG00010000832,GENE0833,95.06,114.24,109.32,73.72,51.08,67.76,103.51,105.45
ENSG00010000833,GENE0834,3268.39,2262.01,2233.21,1722.54,3164.73,2281.29,2968.55,2787.87
ENSG00010000834,GENE0835,36.71,49.70,46.80,31.82,61.19,44.13,36.60,52.08
ENSG00010000835,GENE0836,137.59,166.80,166.09,153.87,100.19,80.27,74.07,126.54
ENSG00010000836,GENE0837,414.60,553.61,360.11,372.89,277.72,432.97,325.81,603.40
ENSG00010000837,GENE0838,110.75,83.96,99.81,133.81,74.14,103.33,108.24,98.56
ENSG00010000838,GENE0839,254.84,251.71,211.07,292.70,240.14,446.51,195.69,141.38
ENSG00010000839,GENE0840,1631.34,2041.91,2311.25,2503.79,2620.92,2101.45,1640.48,2093.45
ENSG00010000840,GENE0841,1497.57,639.42,841.00,802.69,1131.82,903.26,806.61,759.57
ENSG00010000841,GENE0842,1938.85,1978.09,1862.13,2570.11,12311.91,11158.31,12487.52,8800.86
ENSG00010000842,GENE0843,2645.93,1712.71,2802.85,2155.01,1515.05,1301.27,1370.07,1731.17
ENSG00010000843,GENE0844,241.36,321.69,240.26,264.66,200.02,244.73,225.01,326.76
ENSG00010000844,GENE0845,55.39,32.42,34.69,51.01,48.83,40.18,43.96,38.77
ENSG00010000845,GENE0846,118.97,263.59,174.16,286.60,134.87,233.90,173.29,127.07
ENSG00010000846,GENE0847,22.74,34.32,41.11,44.98,44.31,41.00,25.76,48.28
ENSG00010000847,GENE0848,8.16,8.13,7.81,7.76,8.63,8.71,6.90,12.56
ENSG00010000848,GENE0849,61.84,59.26,58.53,41.35,50.84,42.14,50.50,39.72
ENSG00010000849,GENE0850,479.83,336.98,421.26,441.98,477.38,524.10,461.62,401.38
ENSG00010000850,GENE0851,10.63,14.39,15.49,5.86,7.59,10.05,10.39,8.22
ENSG00010000851,GENE0852,720.44,412.04,585.45,584.35,373.98,503.69,590.13,381.26
ENSG00010000852,GENE0853,11.11,13.23,11.56,12.19,10.43,9.68,17.25,10.47
ENSG00010000853,GENE0854,16.02,15.36,21.06,12.80,2.28,1.95,2.21,1.67
ENSG00010000854,GENE0855,51.01,69.04,94.22,110.15,420.82,264.74,344.10,290.11
ENSG00010000855,GENE0856,541.15,585.13,581.42,605.45,907.97,450.20,438.23,547.87
ENSG00010000856,GENE0857,77.01,39.61,42.75,32.36,52.84,61.93,39.45,94.05
ENSG00010000857,GENE0858,31.04,29.04,40.98,57.57,5.80,6.56,5.65,4.30
ENSG00010000858,GENE0859,1247.57,2052.97,1124.85,1309.75,1099.47,1783.11,1477.67,1195.83
ENSG00010000859,GENE0860,3920.66,3492.15,2503.12,3709.78,3067.03,1998.81,2922.04,3800.69
ENSG00010000860,GENE0861,163.48,164.59,213.45,153.33,115.93,149.63,161.49,163.45
ENSG00010000861,GENE0862,5.67,4.71,3.81,7.26,6.94,4.90,5.68,5.58
ENSG00010000862,GENE0863,457.37,584.74,403.14,804.96,341.11,452.46,710.66,317.47
ENSG00010000863,GENE0864,53.87,89.45,41.41,36.25,54.20,40.23,68.85,81.26
ENSG00010000864,GENE0865,27.92,46.44,23.80,22.03,26.74,32.85,23.92,24.43
ENSG00010000865,GENE0866,1969.27,2796.44,1981.06,1718.56,1977.55,2143.09,1598.55,1964.35
ENSG00010000866,GENE0867,379.16,659.04,498.89,801.21,4570.43,4259.14,3663.01,3065.45
ENSG00010000867,GENE0868,150.00,182.56,200.53,277.62,275.03,243.97,123.85,192.17
ENSG00010000868,GENE0869,15.05,18.24,15.92,13.45,16.28,21.50,16.24,21.96
ENSG00010000869,GENE0870,189.52,163.10,307.01,192.23,452.64,541.71,803.08,526.74
ENSG00010000870,GENE0871,16.85,10.80,9.08,6.46,34.00,26.36,29.36,21.76
ENSG00010000871,GENE0872,31.97,37.08,49.75,27.88,28.97,42.79,73.58,35.71
ENSG00010000872,GENE0873,40.88,28.88,33.62,37.59,35.34,46.11,35.64,29.19
ENSG00010000873,GENE0874,1292.22,960.62,1114.26,712.07,823.14,1282.82,720.55,1427.04
ENSG00010000874,GENE0875,13.52,12.93,12.36,14.55,13.35,7.77,11.85,11.60
ENSG00010000875,GENE0876,32.95,34.69,41.21,65.62,43.37,65.73,36.26,54.29
ENSG00010000876,GENE0877,1919.39,2379.92,1711.42,1874.15,2221.49,2402.70,1900.96,1897.80
ENSG00010000877,GENE0878,1033.49,1477.05,854.52,1192.91,957.23,768.37,597.82,1320.08
ENSG00010000878,GENE0879,206.89,102.44,143.29,146.75,119.14,149.27,90.50,116.24
ENSG00010000879,GENE0880,1151.09,1561.93,1649.16,1097.87,2094.11,1550.11,2199.43,975.15
ENSG00010000880,GENE0881,120.35,128.48,144.51,191.26,243.07,184.34,210.73,154.69
ENSG00010000881,GENE0882,2786.72,2592.47,2392.14,2501.59,1011.89,784.85,787.27,1271.15
ENSG00010000882,GENE0883,1879.83,1389.81,1499.76,1690.12,1538.75,1337.69,1682.26,1927.68
ENSG00010000883,GENE0884,5540.70,3359.84,3533.71,4070.20,2979.76,2606.94,2614.45,3367.98
ENSG00010000884,GENE0885,1689.77,2004.91,1887.22,1381.07,1921.49,2144.95,2432.98,1950.70
ENSG00010000885,GENE0886,405.17,493.77,468.72,484.41,420.99,676.15,423.75,583.93
ENSG00010000886,GENE0887,344.32,316.98,435.61,337.27,430.83,455.66,269.50,469.45
ENSG00010000887,GENE0888,26.97,35.48,25.40,26.56,30.34,16.23,23.85,35.03
ENSG00010000888,GENE0889,366.68,272.71,310.63,251.65,217.19,211.84,205.95,217.40
ENSG00010000889,GENE0890,104.02,128.74,88.62,107.63,132.58,88.70,140.59,101.42
ENSG00010000890,GENE0891,140.37,172.60,145.66,204.62,151.50,107.67,110.19,105.98
ENSG00010000891,GENE0892,70.60,85.01,48.58,68.57,63.51,67.62,35.52,29.50
ENSG00010000892,GENE0893,3830.40,3506.28,3389.59,3544.04,3149.23,1972.63,4018.36,4537.31
ENSG00010000893,GENE0894,2642.16,2761.43,2092.75,2198.29,318.07,676.31,604.85,808.32
ENSG00010000894,GENE0895,1109.82,1376.19,1489.91,1240.90,1403.01,1478.99,1488.55,1170.56
ENSG00010000895,GENE0896,21.13,13.36,16.05,18.51,19.89,26.80,23.48,17.19
ENSG00010000896,GENE0897,117.09,60.89,74.66,105.59,85.93,81.14,55.71,124.21
ENSG00010000897,GENE0898,129.44,123.93,137.17,116.92,98.83,78.38,126.53,103.00
ENSG00010000898,GENE0899,458.20,460.45,412.90,442.81,236.14,319.81,257.87,362.36
ENSG00010000899,GENE0900,8.32,3.73,8.05,6.12,9.13,8.40,8.68,8.69
ENSG00010000900,GENE0901,796.96,670.02,649.38,739.68,890.67,850.83,678.33,1131.87
ENSG00010000901,GENE0902,7.89,13.13,13.00,19.06,14.22,11.23,16.66,13.08
ENSG00010000902,GENE0903,59.99,78.75,87.28,60.89,69.40,82.99,92.92,59.67
ENSG00010000903,GENE0904,24.39,21.56,14.75,39.15,26.38,22.55,26.90,25.04
ENSG00010000904,GENE0905,11.35,14.13,19.03,17.98,11.42,18.79,15.49,13.44
ENSG00010000905,GENE0906,68.18,60.19,64.41,54.82,61.14,67.39,73.19,37.84
ENSG00010000906,GENE0907,317.49,245.82,289.59,234.98,377.31,334.61,268.53,221.20
ENSG00010000907,GENE0908,2963.37,2720.78,2793.56,3099.26,3226.58,2526.53,4251.20,3477.66
ENSG00010000908,GENE0909,7.14,6.50,8.13,4.96,32.91,33.10,38.93,53.22
ENSG00010000909,GENE0910,12.78,14.03,14.70,15.34,10.71,15.66,11.56,19.25
ENSG00010000910,GENE0911,2039.61,1488.08,2075.58,1152.00,1125.43,1119.17,1601.70,1586.24
ENSG00010000911,GENE0912,1647.80,1916.93,1791.01,2612.66,200.03,378.93,383.73,256.88
ENSG00010000912,GENE0913,3252.52,3452.77,4160.09,3823.30,2565.36,4444.63,4796.62,3786.12
ENSG00010000913,GENE0914,44.66,103.95,111.31,105.04,120.27,140.86,161.14,79.25
ENSG00010000914,GENE0915,71.45,82.68,83.90,120.72,96.29,114.12,77.53,99.95
ENSG00010000915,GENE0916,4243.89,3801.99,5058.65,2154.55,5541.50,3811.07,3050.83,3798.84
ENSG00010000916,GENE0917,31.03,19.80,23.79,21.58,26.19,22.49,16.67,16.38
ENSG00010000917,GENE0918,1878.14,3011.98,2474.30,2867.09,2571.70,3336.69,2210.87,2248.89
ENSG00010000918,GENE0919,40.93,76.54,54.45,52.71,96.43,147.18,90.83,153.04
ENSG00010000919,GENE0920,1966.70,2377.19,2831.33,2470.16,2884.02,1906.98,3052.66,1938.80
ENSG00010000920,GENE0921,166.96,166.28,116.76,87.80,88.53,78.61,104.28,81.46
ENSG00010000921,GENE0922,641.45,602.27,950.16,482.82,357.89,539.62,489.64,624.31
ENSG00010000922,GENE0923,1203.11,1394.59,1484.73,1113.33,1922.89,1399.86,1625.28,2058.79
ENSG00010000923,GENE0924,709.72,557.43,494.71,613.87,414.20,641.93,680.31,935.42
ENSG00010000924,GENE0925,1265.95,898.08,1210.13,1013.95,1553.85,1094.86,1778.69,1494.33
ENSG00010000925,GENE0926,786.82,974.25,1483.61,913.46,753.86,1337.83,1032.48,899.50
ENSG00010000926,GENE0927,87.82,109.25,74.16,116.48,125.43,71.48,65.68,107.45
ENSG00010000927,GENE0928,13.27,17.28,19.50,18.30,15.90,13.92,13.57,15.18
ENSG00010000928,GENE0929,119.76,88.56,84.51,72.27,91.71,93.85,87.98,78.89
ENSG00010000929,GENE0930,13.30,13.57,12.39,14.29,16.89,14.49,15.55,16.53
ENSG00010000930,GENE0931,13.78,8.07,12.37,15.15,9.52,8.73,16.52,12.94
ENSG00010000931,GENE0932,87.21,168.38,114.72,110.92,104.48,82.63,103.19,70.26
ENSG00010000932,GENE0933,2991.71,3676.19,3224.02,3994.40,1828.81,2897.94,2600.91,2958.48
ENSG00010000933,GENE0934,48.93,70.66,67.00,84.65,50.68,76.15,41.21,79.83
ENSG00010000934,GENE0935,288.54,283.50,266.42,259.39,329.15,291.60,282.27,294.65
ENSG00010000935,GENE0936,109.53,121.76,147.60,126.39,129.67,144.57,165.36,237.72
ENSG00010000936,GENE0937,730.08,980.54,943.56,1057.51,517.33,763.99,1028.04,884.71
ENSG00010000937,GENE0938,173.54,180.41,200.18,158.36,217.93,159.19,283.55,202.49
ENSG00010000938,GENE0939,1328.50,2195.53,2874.16,3087.50,2187.21,2209.20,3104.21,2489.21
ENSG00010000939,GENE0940,6.09,3.81,3.55,5.61,5.06,5.80,6.27,7.02
ENSG00010000940,GENE0941,6.86,4.52,7.86,8.18,9.11,4.70,7.03,5.24
ENSG00010000941,GENE0942,122.32,71.46,67.03,124.97,10.11,10.46,10.76,14.80
ENSG00010000942,GENE0943,126.64,119.10,110.48,124.16,112.62,77.44,132.20,121.29
ENSG00010000943,GENE0944,8.96,12.28,6.97,6.39,8.70,7.96,10.02,6.95
ENSG00010000944,GENE0945,187.39,315.05,246.45,154.52,1180.06,822.43,774.92,1436.33
ENSG00010000945,GENE0946,106.20,78.21,99.84,99.94,91.05,123.38,71.69,74.37
ENSG00010000946,GENE0947,18.42,16.70,41.73,21.23,30.29,21.95,19.14,22.09
ENSG00010000947,GENE0948,36.05,25.34,23.84,23.28,30.41,22.63,38.94,36.91
ENSG00010000948,GENE0949,24.61,26.91,15.41,18.47,16.51,24.55,15.87,21.53
ENSG00010000949,GENE0950,7.67,7.31,9.73,5.69,7.34,6.99,6.96,8.27
ENSG00010000950,GENE0951,9.21,9.80,14.14,10.37,16.49,14.38,14.92,7.99
ENSG00010000951,GENE0952,8.74,10.74,10.12,6.63,5.24,8.85,10.05,7.92
ENSG00010000952,GENE0953,13.56,11.34,13.94,20.78,22.05,20.11,19.08,19.76
ENSG00010000953,GENE0954,86.86,54.37,124.01,65.72,89.59,61.36,63.86,52.33
ENSG00010000954,GENE0955,50.02,35.32,71.57,66.27,64.20,36.39,66.72,46.33
ENSG00010000955,GENE0956,182.80,230.40,116.50,155.25,470.77,648.22,563.72,467.03
ENSG00010000956,GENE0957,175.84,101.10,163.84,106.17,122.05,200.66,179.70,91.61
ENSG00010000957,GENE0958,2060.65,2229.72,2234.24,1488.28,2028.16,2483.06,2032.79,2695.32
ENSG00010000958,GENE0959,77.86,91.79,55.52,95.98,92.31,93.24,76.37,63.39
ENSG00010000959,GENE0960,3.96,5.63,3.99,5.16,7.96,7.27,14.03,13.71
ENSG00010000960,GENE0961,519.44,669.22,707.03,678.58,112.93,67.76,92.37,63.39
ENSG00010000961,GENE0962,29.82,20.48,14.64,18.66,18.76,16.61,27.71,19.66
ENSG00010000962,GENE0963,639.90,596.47,618.40,635.22,600.47,861.04,756.84,767.23
ENSG00010000963,GENE0964,43.10,60.52,42.76,58.17,33.83,36.99,23.30,39.82
ENSG00010000964,GENE0965,96.71,136.13,124.85,91.12,90.95,70.30,122.52,102.18
ENSG00010000965,GENE0966,13.33,15.25,20.31,8.62,14.24,18.62,11.22,10.59
ENSG00010000966,GENE0967,587.86,389.75,573.65,510.76,696.29,534.30,507.74,481.81
ENSG00010000967,GENE0968,77.59,50.92,114.94,68.16,13.73,10.42,14.03,18.68
ENSG00010000968,GENE0969,166.99,176.58,216.35,234.71,179.34,173.25,143.55,169.04
ENSG00010000969,GENE0970,114.88,180.87,151.21,173.24,142.36,134.01,142.39,135.15
ENSG00010000970,GENE0971,491.87,344.80,341.44,188.54,380.49,180.61,417.24,243.96
ENSG00010000971,GENE0972,11.72,22.49,18.66,19.99,17.52,21.34,21.49,20.46
ENSG00010000972,GENE0973,15.04,10.86,16.92,9.23,11.88,8.07,11.95,11.03
ENSG00010000973,GENE0974,336.26,500.64,280.55,346.78,452.15,451.21,343.30,374.48
ENSG00010000974,GENE0975,5.78,5.66,4.31,4.26,3.41,3.69,3.28,3.06
ENSG00010000975,GENE0976,1093.70,1380.38,1286.61,1164.47,1726.91,1799.99,1120.81,1381.18
ENSG00010000976,GENE0977,78.90,80.78,148.18,74.34,58.76,65.86,97.35,70.44
ENSG00010000977,GENE0978,10.43,6.73,14.01,14.61,12.84,14.55,12.62,14.29
ENSG00010000978,GENE0979,91.68,235.01,172.01,189.52,126.50,220.33,143.14,155.25
ENSG00010000979,GENE0980,8.58,10.82,8.70,6.59,8.71,8.15,8.03,6.47
ENSG00010000980,GENE0981,6.04,5.01,4.59,5.44,6.05,4.11,7.07,5.57
ENSG00010000981,GENE0982,39.63,68.22,63.89,70.87,75.79,66.72,79.08,95.82
ENSG00010000982,GENE0983,1532.19,1432.64,1541.77,944.37,1269.52,1073.92,1274.13,1116.11
ENSG00010000983,GENE0984,8.63,11.01,6.63,7.48,7.65,12.04,9.96,12.13
ENSG00010000984,GENE0985,516.70,677.67,764.19,597.55,755.57,1142.71,667.39,808.14
ENSG00010000985,GENE0986,55.45,54.05,54.74,88.54,66.66,45.96,40.71,76.10
ENSG00010000986,GENE0987,106.48,64.11,103.48,135.17,116.47,117.85,134.24,120.33
ENSG00010000987,GENE0988,2551.75,3086.51,3518.21,4243.10,34163.63,34887.06,51923.19,62604.68
ENSG00010000988,GENE0989,1115.52,1885.22,1989.15,1281.86,1623.48,1174.32,1609.81,1488.08
ENSG00010000989,GENE0990,3507.38,2325.51,3215.49,3527.40,3188.47,3770.18,3316.67,2775.96
ENSG00010000990,GENE0991,560.48,522.26,369.96,575.41,444.01,950.66,551.83,482.95
ENSG00010000991,GENE0992,1579.62,1074.57,1611.78,1630.78,1887.26,2248.77,1167.76,1591.60
ENSG00010000992,GENE0993,162.16,90.07,149.73,119.65,158.42,150.86,111.47,97.20
ENSG00010000993,GENE0994,964.77,640.16,1156.32,961.45,759.31,926.05,660.91,1072.99
ENSG00010000994,GENE0995,13.58,9.91,17.78,8.85,16.22,16.59,15.92,12.40
ENSG00010000995,GENE0996,1566.76,1121.99,1065.66,1069.86,1156.13,1135.46,1503.01,1285.82
ENSG00010000996,GENE0997,367.11,422.29,229.55,325.73,383.28,318.49,464.42,393.48
ENSG00010000997,GENE0998,48.97,47.67,40.93,31.38,42.58,65.59,37.72,49.94
ENSG00010000998,GENE0999,45.64,41.53,52.43,38.46,58.87,26.95,31.90,38.53
ENSG00010000999,GENE1000,23.78,22.58,23.76,21.90,24.49,21.90,17.65,36.56
ENSG00010001000,GENE1001,63.55,39.03,36.17,48.57,53.70,48.52,67.45,61.29
ENSG00010001001,GENE1002,221.26,323.40,275.72,286.30,383.63,312.44,337.45,272.53
ENSG00010001002,GENE1003,65.77,75.68,107.63,76.07,243.00,222.59,268.69,155.08
ENSG00010001003,GENE1004,2598.99,2549.49,2493.28,2482.18,17433.98,8542.31,7123.77,10538.23
ENSG00010001004,GENE1005,16.30,18.07,18.25,15.90,12.14,15.43,12.34,15.11
ENSG00010001005,GENE1006,130.67,91.59,56.20,109.54,439.39,468.25,692.75,217.22
ENSG00010001006,GENE1007,403.34,386.37,471.75,364.61,404.21,358.57,357.13,436.50
ENSG00010001007,GENE1008,180.57,129.47,180.02,145.13,160.95,86.80,195.28,89.50
ENSG00010001008,GENE1009,528.52,423.48,713.44,489.04,879.72,287.97,511.41,281.50
ENSG00010001009,GENE1010,1631.89,1205.77,1413.14,1941.69,5507.89,5966.09,4551.45,5440.00
ENSG00010001010,GENE1011,205.60,117.37,172.13,158.08,140.00,178.17,124.80,261.52
ENSG00010001011,GENE1012,4.30,11.01,11.66,6.78,5.54,7.75,9.77,8.12
ENSG00010001012,GENE1013,5.64,5.64,5.24,5.50,4.48,4.48,6.70,7.64
ENSG00010001013,GENE1014,44.28,62.90,65.71,95.71,58.04,77.53,122.53,80.81
ENSG00010001014,GENE1015,818.54,731.84,694.37,773.84,6608.28,6560.39,7788.97,7177.37
ENSG00010001015,GENE1016,5.29,4.43,10.43,6.17,7.28,3.96,8.99,5.44
ENSG00010001016,GENE1017,90.71,124.18,120.22,103.60,103.38,94.80,77.63,93.48
ENSG00010001017,GENE1018,4.48,3.50,6.87,4.86,7.29,5.52,7.38,4.51
ENSG00010001018,GENE1019,4.41,3.76,3.97,2.79,3.69,5.77,4.19,2.86
ENSG00010001019,GENE1020,1630.23,1475.71,1633.53,1311.62,1727.52,1397.33,1727.74,1244.57
ENSG00010001020,GENE1021,1701.03,2200.10,1768.16,1259.26,1065.96,1706.96,2171.52,2140.90
ENSG00010001021,GENE1022,427.02,302.53,329.47,404.53,453.73,446.57,354.45,385.31
ENSG00010001022,GENE1023,780.48,724.26,1025.96,807.66,1321.98,1030.38,852.98,820.32
ENSG00010001023,GENE1024,3270.26,3444.64,5699.53,2362.22,7131.51,6037.57,5697.58,6852.62
ENSG00010001024,GENE1025,5.68,4.52,3.95,5.89,4.86,2.82,2.66,4.91
ENSG00010001025,GENE1026,35.79,30.91,34.57,37.02,32.31,33.63,27.59,37.01
ENSG00010001026,GENE1027,735.58,416.91,499.67,633.59,864.25,558.09,487.45,535.37
ENSG00010001027,GENE1028,966.73,860.49,900.75,754.19,1029.50,719.19,1017.59,1008.32
ENSG00010001028,GENE1029,52.02,30.54,38.49,28.61,51.74,29.90,32.13,27.79
ENSG00010001029,GENE1030,737.65,617.15,634.23,880.48,600.13,807.27,500.25,673.10
ENSG00010001030,GENE1031,220.13,141.33,398.01,217.90,285.81,217.89,250.15,205.62
ENSG00010001031,GENE1032,8.99,9.69,12.22,7.29,9.29,10.00,7.86,7.52
ENSG00010001032,GENE1033,1905.21,1536.59,1170.67,1759.90,1561.78,1344.29,1464.33,1622.77
ENSG00010001033,GENE1034,36.71,36.19,38.28,36.07,21.17,38.82,19.33,34.89
ENSG00010001034,GENE1035,18.70,30.31,18.81,25.25,30.83,28.74,26.62,21.26
ENSG00010001035,GENE1036,159.33,163.82,112.41,147.44,89.86,144.92,188.86,181.53
ENSG00010001036,GENE1037,8.42,7.64,11.38,12.77,24.51,22.07,24.56,16.29
ENSG00010001037,GENE1038,1053.92,853.04,568.65,1047.75,706.09,764.67,434.84,689.06
ENSG00010001038,GENE1039,75.00,58.35,34.72,50.13,63.12,61.65,104.34,82.47
ENSG00010001039,GENE1040,4.34,5.37,3.65,5.57,4.69,5.93,9.30,5.22
ENSG00010001040,GENE1041,20.54,15.13,28.52,9.43,16.84,15.40,12.28,19.21
ENSG00010001041,GENE1042,89.20,121.64,160.08,122.45,135.69,163.60,211.15,175.66
ENSG00010001042,GENE1043,200.25,169.02,144.60,281.37,320.53,204.13,216.32,196.47
ENSG00010001043,GENE1044,5131.85,2479.38,5010.63,2649.30,5773.83,2632.66,3548.79,4792.01
ENSG00010001044,GENE1045,462.63,719.29,391.69,313.48,895.89,476.99,444.74,502.72
ENSG00010001045,GENE1046,5.52,6.41,9.48,6.19,7.80,6.90,9.07,7.68
ENSG00010001046,GENE1047,107.03,82.06,116.13,72.36,72.15,122.99,98.47,71.20
ENSG00010001047,GENE1048,117.39,161.33,106.03,160.94,102.43,139.63,149.69,153.30
ENSG00010001048,GENE1049,14.65,18.69,26.22,14.27,23.31,25.14,18.98,18.30
ENSG00010001049,GENE1050,438.93,554.62,501.62,483.59,303.06,532.98,333.84,512.62
ENSG00010001050,GENE1051,10.60,10.61,8.10,9.25,9.11,12.81,8.13,10.08
ENSG00010001051,GENE1052,44.86,41.67,35.51,28.28,45.96,36.82,47.16,33.72
ENSG00010001052,GENE1053,141.40,77.74,148.35,117.45,158.35,185.98,79.71,126.57
ENSG00010001053,GENE1054,902.43,944.01,966.78,936.90,1266.35,1334.24,736.25,885.42
ENSG00010001054,GENE1055,61.58,70.66,57.24,69.43,21.49,17.85,16.39,24.25
ENSG00010001055,GENE1056,533.93,508.67,955.08,552.04,753.71,720.60,525.65,972.86
ENSG00010001056,GENE1057,3281.70,3597.76,1861.17,2840.56,1966.88,2818.46,2656.15,1858.24
ENSG00010001057,GENE1058,21.69,24.23,22.64,30.31,20.21,20.53,17.40,20.24
ENSG00010001058,GENE1059,9.77,9.67,6.50,11.53,6.93,11.01,6.86,7.27
ENSG00010001059,GENE1060,3414.57,2727.61,3402.28,2121.33,2818.79,3266.82,4714.91,3146.65
ENSG00010001060,GENE1061,17.03,21.88,32.39,19.91,24.21,36.27,24.31,29.13
ENSG00010001061,GENE1062,15.90,11.49,12.82,13.04,110.18,124.42,98.60,136.68
ENSG00010001062,GENE1063,3746.44,3020.79,2705.27,2767.86,3448.33,1811.71,3217.75,3033.78
ENSG00010001063,GENE1064,457.90,432.78,437.33,557.36,424.26,373.18,342.79,517.49
ENSG00010001064,GENE1065,466.88,650.72,406.32,321.30,466.60,366.43,726.67,643.39
ENSG00010001065,GENE1066,11.14,10.08,8.78,13.79,5.93,7.71,10.38,6.74
ENSG00010001066,GENE1067,52.78,70.66,40.95,56.74,56.37,77.28,72.72,53.69
ENSG00010001067,GENE1068,32.41,64.15,63.13,53.51,53.69,79.81,57.97,32.41
ENSG00010001068,GENE1069,26.39,39.10,48.54,44.19,58.71,70.75,44.47,29.46
ENSG00010001069,GENE1070,141.77,219.53,107.29,106.47,89.02,118.03,100.13,78.29
ENSG00010001070,GENE1071,7.23,14.78,6.71,6.12,12.76,8.45,10.17,5.99
ENSG00010001071,GENE1072,38.32,26.35,26.61,36.44,36.93,55.00,34.37,34.62
ENSG00010001072,GENE1073,1564.00,1213.14,1326.85,1130.75,1398.58,1726.70,1248.98,1856.14
ENSG00010001073,GENE1074,51.54,42.88,49.60,65.06,63.29,36.16,54.60,74.93
ENSG00010001074,GENE1075,5.72,10.18,7.90,10.83,10.48,5.70,9.14,10.30
ENSG00010001075,GENE1076,1562.91,1930.55,2135.20,1267.45,1721.14,1609.04,1254.32,1884.26
ENSG00010001076,GENE1077,9.59,8.91,13.08,12.45,9.65,16.00,11.82,7.06
ENSG00010001077,GENE1078,81.64,133.39,123.42,187.26,88.73,116.93,124.51,102.58
ENSG00010001078,GENE1079,111.87,72.68,65.41,63.26,99.14,46.70,55.98,58.66
ENSG00010001079,GENE1080,391.43,559.59,416.44,693.20,5666.05,5079.97,4630.46,4859.60
ENSG00010001080,GENE1081,7.71,6.72,3.66,4.67,74.64,25.87,39.04,39.50
ENSG00010001081,GENE1082,497.43,672.73,648.40,541.85,511.96,812.94,462.26,447.68
ENSG00010001082,GENE1083,6.13,6.10,5.95,5.74,6.79,7.18,7.21,6.60
ENSG00010001083,GENE1084,9.52,8.88,7.10,6.36,6.84,7.89,7.88,9.96
ENSG00010001084,GENE1085,224.53,239.73,232.08,262.06,294.11,229.61,310.69,282.39
ENSG00010001085,GENE1086,31.94,27.33,20.27,27.27,35.00,25.07,28.30,42.03
ENSG00010001086,GENE1087,39.65,56.16,81.04,41.71,32.59,39.06,44.94,37.65
ENSG00010001087,GENE1088,115.84,103.80,127.83,158.72,132.95,103.88,94.79,115.64
ENSG00010001088,GENE1089,34.22,49.23,55.82,35.61,57.54,70.47,48.37,47.71
ENSG00010001089,GENE1090,724.67,774.55,489.37,696.49,694.50,1208.22,975.12,1108.80
ENSG00010001090,GENE1091,8.63,5.08,6.26,8.49,0.73,1.12,1.04,0.92
ENSG00010001091,GENE1092,538.11,763.32,692.40,812.84,3931.46,4168.89,3231.40,2078.64
ENSG00010001092,GENE1093,1282.50,1113.78,1202.35,1493.08,1197.46,1365.07,1939.38,1311.36
ENSG00010001093,GENE1094,128.18,126.52,109.40,65.97,129.72,134.97,104.03,141.50
ENSG00010001094,GENE1095,10.26,9.93,5.73,4.97,6.80,7.79,9.20,4.08
ENSG00010001095,GENE1096,29.06,28.76,30.13,26.14,32.57,34.28,27.53,27.34
ENSG00010001096,GENE1097,117.55,124.26,124.84,129.48,139.39,84.51,146.76,140.33
ENSG00010001097,GENE1098,24.31,35.69,21.59,18.22,155.70,168.19,142.18,120.41
ENSG00010001098,GENE1099,412.14,448.82,603.71,507.21,372.66,434.45,407.47,329.47
ENSG00010001099,GENE1100,30.77,41.80,35.52,32.30,54.84,39.95,33.22,47.28
ENSG00010001100,GENE1101,1954.09,1573.25,1759.51,2427.08,2040.51,1522.63,1587.65,1767.49
ENSG00010001101,GENE1102,632.24,796.25,1258.75,695.14,760.38,1257.53,1776.60,1268.94
ENSG00010001102,GENE1103,38.23,20.33,28.31,27.33,28.21,26.59,22.59,33.15
ENSG00010001103,GENE1104,5.95,6.38,8.07,8.30,10.40,10.13,16.97,8.04
ENSG00010001104,GENE1105,9.42,6.62,9.80,7.34,5.64,7.12,6.16,7.88
ENSG00010001105,GENE1106,382.46,455.86,313.83,362.19,375.13,382.31,450.42,687.26
ENSG00010001106,GENE1107,556.95,456.17,665.45,651.37,297.32,573.81,387.06,744.41
ENSG00010001107,GENE1108,3247.50,2341.54,2344.06,1945.79,3215.56,1764.13,3694.07,3422.31
ENSG00010001108,GENE1109,89.13,163.34,102.12,96.98,102.60,171.82,119.68,87.53
ENSG00010001109,GENE1110,178.83,144.15,188.96,133.26,128.81,160.38,139.47,115.98
ENSG00010001110,GENE1111,81.16,77.74,151.36,121.95,136.81,88.76,123.29,91.15
ENSG00010001111,GENE1112,2722.75,4892.44,2302.80,4027.80,2475.45,5360.36,3637.21,3486.35
ENSG00010001112,GENE1113,745.46,1164.49,870.07,793.86,607.90,867.72,468.59,705.02
ENSG00010001113,GENE1114,2323.60,2357.68,2920.22,3278.04,1486.53,2132.91,2172.79,2447.19
ENSG00010001114,GENE1115,32.68,24.79,29.22,28.89,27.38,27.52,32.20,32.96
ENSG00010001115,GENE1116,4.68,7.99,6.25,6.36,6.40,9.16,4.91,6.95
ENSG00010001116,GENE1117,23.07,48.62,49.39,43.10,17.83,11.71,8.52,9.19
ENSG00010001117,GENE1118,189.79,235.89,105.32,187.62,263.25,185.35,200.27,153.75
ENSG00010001118,GENE1119,31.10,15.64,22.44,29.14,24.60,36.38,39.57,24.38
ENSG00010001119,GENE1120,2293.73,1710.86,2001.12,1727.20,1589.32,1929.47,3305.86,1439.97
ENSG00010001120,GENE1121,1406.99,1313.47,1461.78,1509.81,1444.61,1078.68,743.53,1160.88
ENSG00010001121,GENE1122,955.76,1127.01,1245.90,1568.61,948.66,1193.46,1146.11,1392.83
ENSG00010001122,GENE1123,95.16,138.26,208.00,204.14,144.51,141.86,140.03,143.76
ENSG00010001123,GENE1124,29.89,15.79,21.12,28.61,14.90,20.05,23.97,18.45
ENSG00010001124,GENE1125,7.22,5.34,3.49,4.54,4.30,4.09,4.92,3.67
ENSG00010001125,GENE1126,11.91,12.46,18.28,13.09,17.01,17.79,16.72,14.28
ENSG00010001126,GENE1127,2502.67,2653.49,3973.00,2572.01,3740.64,3376.74,3063.83,3467.60
ENSG00010001127,GENE1128,5.60,6.30,12.97,6.83,10.17,12.65,6.52,5.33
ENSG00010001128,GENE1129,725.56,541.02,555.40,408.78,737.19,335.34,349.59,352.17
ENSG00010001129,GENE1130,23.37,22.81,21.61,18.68,126.49,111.03,113.60,183.13
ENSG00010001130,GENE1131,99.28,83.93,133.06,68.46,63.56,53.77,99.47,64.44
ENSG00010001131,GENE1132,670.67,853.46,694.84,655.22,636.96,613.32,890.90,828.38
ENSG00010001132,GENE1133,835.10,491.37,551.81,585.72,85.71,120.65,144.12,114.35
ENSG00010001133,GENE1134,237.04,310.08,369.01,219.30,413.69,271.80,216.55,291.53
ENSG00010001134,GENE1135,343.86,417.42,391.66,531.79,439.77,296.70,275.64,325.81
ENSG00010001135,GENE1136,68.22,84.14,43.85,39.48,94.48,89.93,102.27,99.58
ENSG00010001136,GENE1137,966.18,1110.35,1637.37,692.25,1603.59,1071.05,888.11,996.29
ENSG00010001137,GENE1138,229.20,392.22,255.79,413.68,280.50,307.49,243.95,520.49
ENSG00010001138,GENE1139,307.53,277.37,341.09,411.58,383.46,315.79,401.42,343.09
ENSG00010001139,GENE1140,4.91,4.33,5.51,6.48,9.24,5.89,3.45,5.38
ENSG00010001140,GENE1141,3.42,5.00,4.43,4.33,4.56,5.51,4.79,3.10
ENSG00010001141,GENE1142,36.12,30.02,23.65,37.74,56.36,41.71,39.04,35.78
ENSG00010001142,GENE1143,269.29,592.51,779.69,400.27,362.67,286.43,504.21,294.36
ENSG00010001143,GENE1144,18.14,35.20,30.31,34.49,18.61,13.08,22.51,35.64
ENSG00010001144,GENE1145,2930.85,5053.51,2312.59,3850.00,2815.09,4737.87,3858.42,3876.07
ENSG00010001145,GENE1146,1321.22,1863.77,1507.43,1105.10,1827.96,1507.04,1354.13,1084.71
ENSG00010001146,GENE1147,4.93,5.75,3.74,2.42,2.36,4.70,3.12,5.73
ENSG00010001147,GENE1148,535.80,545.57,330.48,445.52,364.05,379.88,368.00,448.38
ENSG00010001148,GENE1149,272.06,244.73,255.82,216.75,212.29,324.40,252.92,147.36
ENSG00010001149,GENE1150,190.48,214.15,136.89,193.18,311.83,154.86,187.51,226.31
ENSG00010001150,GENE1151,30.01,14.63,15.30,15.12,13.20,13.92,16.70,17.67
ENSG00010001151,GENE1152,6.84,7.03,8.20,3.27,5.32,4.25,4.42,5.41
ENSG00010001152,GENE1153,5.85,4.78,6.75,6.92,9.67,8.35,6.43,7.10
ENSG00010001153,GENE1154,424.95,722.52,451.97,471.67,427.29,718.74,555.00,374.47
ENSG00010001154,GENE1155,9.90,8.84,10.12,7.84,30.13,30.23,32.14,37.84
ENSG00010001155,GENE1156,7.07,6.73,8.64,7.97,9.37,7.77,10.84,7.57
ENSG00010001156,GENE1157,1927.05,1238.05,2267.50,1964.13,1583.47,2113.57,2797.05,2906.24
ENSG00010001157,GENE1158,33.68,51.96,36.13,70.79,34.36,74.77,81.92,52.79
ENSG00010001158,GENE1159,238.21,361.79,230.91,171.84,237.19,268.45,262.01,193.51
ENSG00010001159,GENE1160,1534.14,2229.26,1920.67,2321.67,1995.06,2507.38,1766.93,2198.97
ENSG00010001160,GENE1161,9.45,4.61,5.80,9.25,5.19,7.28,8.16,7.63
ENSG00010001161,GENE1162,15.13,13.03,19.69,23.07,21.76,19.03,36.84,20.42
ENSG00010001162,GENE1163,21.62,16.94,9.99,21.48,65.61,51.92,42.64,57.26
ENSG00010001163,GENE1164,437.88,675.04,449.80,731.93,322.67,274.98,803.49,693.59
ENSG00010001164,GENE1165,45.67,47.61,76.79,44.24,49.71,54.14,47.73,75.78
ENSG00010001165,GENE1166,18.08,15.10,26.78,14.82,18.43,15.08,19.47,22.22
ENSG00010001166,GENE1167,2436.18,3098.27,2988.54,1438.64,462.10,381.73,390.03,474.53
ENSG00010001167,GENE1168,6.40,6.81,9.34,11.17,9.88,6.91,7.39,9.54
ENSG00010001168,GENE1169,3022.71,2220.62,4511.60,2574.58,2345.85,3422.55,3351.74,2860.70
ENSG00010001169,GENE1170,50.11,49.43,65.07,58.49,66.15,89.39,60.91,80.25
ENSG00010001170,GENE1171,50.95,57.83,71.99,59.74,294.68,339.68,372.76,244.29
ENSG00010001171,GENE1172,31.46,52.46,74.72,55.79,674.96,485.55,369.15,406.89
ENSG00010001172,GENE1173,57.75,55.77,51.73,68.65,46.08,52.39,47.68,76.43
ENSG00010001173,GENE1174,37.15,30.80,29.06,30.85,34.48,44.11,52.44,44.92
ENSG00010001174,GENE1175,674.13,1168.70,818.55,880.59,763.32,638.17,741.60,771.37
ENSG00010001175,GENE1176,95.54,65.87,89.54,53.02,90.53,62.10,104.48,76.88
ENSG00010001176,GENE1177,509.64,1092.22,665.01,1183.85,592.03,876.52,960.83,761.98
ENSG00010001177,GENE1178,312.58,352.30,482.39,451.26,814.45,350.17,642.99,491.33
ENSG00010001178,GENE1179,5.08,4.98,4.98,4.39,49.64,33.94,48.60,38.86
ENSG00010001179,GENE1180,3355.06,2836.87,4321.33,3151.09,1924.21,3112.02,3424.67,3357.31
ENSG00010001180,GENE1181,2744.16,1754.28,2468.18,1060.23,2271.25,2079.11,1635.19,2019.23
ENSG00010001181,GENE1182,104.24,83.74,113.77,104.08,81.63,104.13,87.74,84.84
ENSG00010001182,GENE1183,1396.88,1315.18,1645.78,1416.73,1315.93,1324.78,1241.65,1072.14
ENSG00010001183,GENE1184,15.81,19.84,18.57,32.76,23.37,12.65,21.33,22.11
ENSG00010001184,GENE1185,6.31,3.81,3.99,5.28,7.21,6.08,4.03,7.56
ENSG00010001185,GENE1186,15.13,29.21,20.02,22.74,26.84,23.88,18.30,16.78
ENSG00010001186,GENE1187,2403.96,2037.91,5089.88,4329.39,4436.78,2905.85,2189.12,2141.32
ENSG00010001187,GENE1188,112.19,205.08,215.23,238.49,198.48,195.77,238.86,201.91
ENSG00010001188,GENE1189,28.20,23.28,28.49,37.78,22.45,25.47,40.37,23.91
ENSG00010001189,GENE1190,3953.43,3732.74,2938.49,2235.56,2972.02,3245.16,4100.56,2429.62
ENSG00010001190,GENE1191,135.08,187.96,150.20,234.80,200.10,211.50,116.27,223.03
ENSG00010001191,GENE1192,69.62,43.12,61.99,55.97,46.49,80.62,48.20,45.03
ENSG00010001192,GENE1193,123.63,52.28,78.74,76.05,73.85,62.88,116.09,90.30
ENSG00010001193,GENE1194,3311.24,2071.73,2619.11,3114.50,2656.48,2316.01,1845.71,3074.52
ENSG00010001194,GENE1195,128.72,144.54,230.79,183.28,111.51,119.77,165.75,150.35
ENSG00010001195,GENE1196,244.49,190.24,164.90,300.71,721.17,425.15,361.54,425.64
ENSG00010001196,GENE1197,3370.54,3169.20,5235.65,4214.62,3722.67,4911.25,2176.87,2810.02
ENSG00010001197,GENE1198,28.71,17.27,24.66,29.49,24.19,29.39,13.18,29.88
ENSG00010001198,GENE1199,381.92,315.83,416.28,440.33,411.68,218.24,298.71,452.70
ENSG00010001199,GENE1200,3700.63,3739.64,3081.80,3754.29,5210.40,2995.95,4696.09,3756.70
ENSG00010001200,GENE1201,4109.29,2873.38,3928.42,3225.86,2340.07,3909.74,2558.44,4385.67
ENSG00010001201,GENE1202,20.68,36.49,22.96,35.18,19.55,44.30,34.32,27.53
ENSG00010001202,GENE1203,19.53,10.97,10.51,11.53,12.07,15.89,14.77,10.19
ENSG00010001203,GENE1204,1900.51,1943.97,2134.56,1695.34,4044.89,4443.17,2949.70,5320.98
ENSG00010001204,GENE1205,161.77,149.89,90.34,103.49,169.22,103.79,114.65,98.84
ENSG00010001205,GENE1206,10.93,4.18,7.65,4.51,7.39,9.29,5.20,5.38
ENSG00010001206,GENE1207,254.41,336.66,354.04,372.19,293.43,481.95,321.30,319.63
ENSG00010001207,GENE1208,241.38,144.97,102.42,172.68,176.05,141.92,166.19,216.53
ENSG00010001208,GENE1209,6.01,7.48,6.53,4.35,6.45,5.86,6.37,5.31
ENSG00010001209,GENE1210,629.37,716.94,823.34,652.36,652.76,739.98,418.06,362.82
ENSG00010001210,GENE1211,47.29,41.12,52.99,22.90,35.42,42.98,28.17,22.64
ENSG00010001211,GENE1212,925.93,1924.33,1317.31,1287.51,692.66,527.72,1041.19,814.03
ENSG00010001212,GENE1213,3215.51,4940.14,3444.29,4411.92,10627.40,7050.45,9401.87,5653.24
ENSG00010001213,GENE1214,11.75,11.80,8.17,6.98,7.87,8.71,6.53,8.04
ENSG00010001214,GENE1215,7.15,7.77,5.76,5.39,11.26,4.51,6.31,4.20
ENSG00010001215,GENE1216,125.11,197.62,133.61,115.17,98.78,131.42,121.34,166.48
ENSG00010001216,GENE1217,180.90,128.25,168.21,165.72,121.67,212.22,149.80,197.33
ENSG00010001217,GENE1218,7.54,5.10,7.93,3.69,5.81,5.20,7.75,9.16
ENSG00010001218,GENE1219,12.07,21.41,19.29,13.92,18.76,14.12,20.00,12.92
ENSG00010001219,GENE1220,184.03,204.57,186.99,207.56,252.72,229.05,158.62,195.11
ENSG00010001220,GENE1221,8.58,6.47,7.01,5.50,15.68,8.97,6.30,8.67
ENSG00010001221,GENE1222,997.44,913.75,901.26,812.95,155.51,222.91,95.69,108.58
ENSG00010001222,GENE1223,98.63,73.80,107.41,55.64,188.62,233.81,136.07,150.41
ENSG00010001223,GENE1224,380.43,281.90,191.12,281.54,355.78,354.90,298.11,401.70
ENSG00010001224,GENE1225,90.99,50.74,66.87,60.88,81.59,57.40,70.38,95.55
ENSG00010001225,GENE1226,73.21,123.61,77.31,95.36,80.01,123.33,58.09,90.13
ENSG00010001226,GENE1227,4.21,3.80,3.50,5.07,4.23,4.78,4.35,5.27
ENSG00010001227,GENE1228,467.43,495.27,789.02,1142.55,610.60,928.53,816.70,1174.56
ENSG00010001228,GENE1229,535.19,584.95,494.76,406.56,715.82,259.04,445.98,611.01
ENSG00010001229,GENE1230,539.04,1064.76,866.97,589.07,1392.22,1749.60,1662.81,2016.18
ENSG00010001230,GENE1231,1255.95,1588.88,1173.61,1289.24,1973.15,1816.42,1755.55,1355.90
ENSG00010001231,GENE1232,5.42,9.20,8.00,7.12,3.41,4.52,3.08,3.17
ENSG00010001232,GENE1233,24.54,36.02,13.63,26.42,21.88,14.45,20.12,38.38
ENSG00010001233,GENE1234,1085.85,916.83,1157.23,1087.57,1316.99,645.16,804.22,1010.66
ENSG00010001234,GENE1235,2850.36,3187.11,3277.47,3717.99,2553.05,3078.87,3744.05,4108.54
ENSG00010001235,GENE1236,124.08,81.41,134.32,173.64,93.09,213.87,132.51,115.44
ENSG00010001236,GENE1237,225.18,218.89,259.64,237.76,330.83,188.80,250.79,324.09
ENSG00010001237,GENE1238,2949.01,2258.27,3034.52,2572.43,3713.67,3843.39,2637.55,3483.98
ENSG00010001238,GENE1239,59.90,67.65,64.27,72.13,552.95,295.83,414.83,340.15
ENSG00010001239,GENE1240,4.17,5.49,3.81,3.60,4.91,4.16,4.57,5.77
ENSG00010001240,GENE1241,359.26,515.09,277.73,354.60,1084.29,1361.51,1284.72,1119.60
ENSG00010001241,GENE1242,806.35,948.49,983.31,839.77,795.90,968.23,888.30,1101.20
ENSG00010001242,GENE1243,127.62,198.85,139.16,196.91,280.96,382.25,356.34,326.22
ENSG00010001243,GENE1244,477.69,823.45,578.53,565.34,790.58,748.75,891.57,601.96
ENSG00010001244,GENE1245,1960.82,1700.31,1480.58,2299.06,2438.06,1917.54,2936.51,1996.06
ENSG00010001245,GENE1246,1411.17,5965.10,3039.45,3050.49,2408.66,2734.42,3057.00,4617.41
ENSG00010001246,GENE1247,15.44,16.04,10.95,11.55,13.44,11.89,21.54,21.89
ENSG00010001247,GENE1248,154.44,181.56,191.15,214.02,128.01,157.11,162.12,139.08
ENSG00010001248,GENE1249,259.42,202.20,132.14,244.52,209.50,318.09,164.17,219.20
ENSG00010001249,GENE1250,7.50,9.56,11.30,4.23,11.36,7.22,6.76,8.82
ENSG00010001250,GENE1251,498.63,450.31,1167.39,458.82,756.11,518.76,779.28,448.46
ENSG00010001251,GENE1252,2746.25,3096.03,2365.43,2981.12,1112.91,1016.16,766.60,1298.47
ENSG00010001252,GENE1253,167.10,183.14,128.12,179.16,206.64,138.31,216.46,155.79
ENSG00010001253,GENE1254,31.39,27.16,39.04,24.64,69.92,79.85,113.09,129.30
ENSG00010001254,GENE1255,35.43,53.39,39.33,27.54,57.48,31.69,57.69,37.75
ENSG00010001255,GENE1256,303.71,264.38,373.70,295.78,2042.87,3016.04,1313.85,2826.78
ENSG00010001256,GENE1257,254.83,153.71,165.61,196.42,207.05,251.92,238.29,237.94
ENSG00010001257,GENE1258,409.89,500.70,524.06,302.10,336.30,456.93,523.71,696.91
ENSG00010001258,GENE1259,18.56,14.43,12.99,19.63,16.59,11.99,14.35,11.67
ENSG00010001259,GENE1260,1474.68,1048.11,1766.71,1308.62,1885.61,1148.77,1157.04,1960.80
ENSG00010001260,GENE1261,446.30,331.80,275.47,273.80,233.34,302.60,189.82,324.70
ENSG00010001261,GENE1262,568.07,719.34,695.53,522.85,459.89,636.43,503.92,697.75
ENSG00010001262,GENE1263,16.25,16.45,17.64,28.22,76.40,61.44,97.39,131.19
ENSG00010001263,GENE1264,601.74,657.85,724.20,504.90,345.12,212.80,277.81,327.00
ENSG00010001264,GENE1265,3767.90,2437.79,2959.57,2397.86,3138.10,3464.80,3184.77,3073.30
ENSG00010001265,GENE1266,3.89,5.38,4.60,3.04,4.86,3.73,3.60,4.86
ENSG00010001266,GENE1267,2352.84,1831.22,2307.31,1621.74,2293.12,2295.36,1732.08,2414.56
ENSG00010001267,GENE1268,24.59,50.17,26.91,33.07,21.02,52.09,30.85,49.99
ENSG00010001268,GENE1269,15.63,14.03,13.64,16.58,6.15,14.78,9.06,13.58
ENSG00010001269,GENE1270,303.30,494.77,749.09,531.28,528.04,573.37,639.05,423.15
ENSG00010001270,GENE1271,5.06,7.73,4.01,7.59,7.42,7.62,6.13,5.36
ENSG00010001271,GENE1272,225.45,169.10,114.71,149.44,773.10,1911.40,1056.02,810.63
ENSG00010001272,GENE1273,1365.91,1353.03,1922.14,1308.14,1411.08,1511.26,1183.03,1338.66
ENSG00010001273,GENE1274,286.31,314.13,335.29,276.00,453.99,389.40,452.83,280.66
ENSG00010001274,GENE1275,33.48,48.63,48.84,54.01,43.68,50.78,31.92,28.67
ENSG00010001275,GENE1276,49.66,67.15,99.99,56.02,63.52,64.32,35.75,90.98
ENSG00010001276,GENE1277,238.19,206.17,183.92,162.78,173.70,213.71,124.59,168.66
ENSG00010001277,GENE1278,2363.71,1639.57,3642.64,1385.40,2929.94,2400.82,2907.10,1683.77
ENSG00010001278,GENE1279,862.52,1144.14,1226.34,1136.78,1054.85,1659.30,1245.91,1396.31
ENSG00010001279,GENE1280,5.91,3.49,4.96,5.53,3.82,2.60,4.16,3.93
ENSG00010001280,GENE1281,16.03,20.04,12.05,20.20,13.15,14.92,11.63,15.25
ENSG00010001281,GENE1282,5.40,5.37,5.66,7.86,5.77,4.56,5.82,6.71
ENSG00010001282,GENE1283,44.59,42.34,35.17,39.58,22.21,34.58,40.50,26.29
ENSG00010001283,GENE1284,49.51,45.88,54.12,39.39,50.54,33.79,76.20,39.59
ENSG00010001284,GENE1285,27.94,33.11,42.94,32.64,47.41,27.27,51.98,28.90
ENSG00010001285,GENE1286,74.03,50.58,96.71,75.18,80.48,86.76,81.74,75.15
ENSG00010001286,GENE1287,146.57,129.19,198.33,303.29,132.44,100.71,149.23,97.33
ENSG00010001287,GENE1288,117.95,162.32,138.94,94.33,74.50,100.88,86.48,93.98
ENSG00010001288,GENE1289,87.10,178.02,115.17,179.28,118.96,178.94,118.67,144.55
ENSG00010001289,GENE1290,468.10,719.49,741.13,515.13,400.35,513.60,712.36,445.79
ENSG00010001290,GENE1291,322.09,352.03,316.41,160.66,193.69,375.85,360.32,390.21
ENSG00010001291,GENE1292,1111.46,735.51,905.81,1185.43,800.58,517.36,704.72,918.38
ENSG00010001292,GENE1293,4.06,3.29,6.27,3.62,4.75,3.78,3.17,3.47
ENSG00010001293,GENE1294,5.56,4.34,4.41,4.45,5.79,5.31,3.79,4.44
ENSG00010001294,GENE1295,1705.59,1754.63,1172.87,758.05,2102.21,2242.61,1949.37,2673.11
ENSG00010001295,GENE1296,43.87,28.88,37.08,32.11,43.23,41.81,27.02,17.37
ENSG00010001296,GENE1297,447.96,618.21,330.50,421.43,2334.06,1817.20,2734.67,2368.25
ENSG00010001297,GENE1298,64.79,68.56,56.22,149.15,54.80,103.68,76.84,61.10
ENSG00010001298,GENE1299,4254.25,3164.02,2211.16,2971.60,4253.76,6172.44,3177.36,4285.85
ENSG00010001299,GENE1300,259.06,254.43,264.93,323.16,371.09,314.14,243.10,259.56
ENSG00010001300,GENE1301,69.05,61.49,58.10,77.77,64.75,95.92,126.53,90.29
ENSG00010001301,GENE1302,3598.08,2339.28,2600.28,3075.17,2034.61,2239.13,2708.82,4088.75
ENSG00010001302,GENE1303,78.15,68.25,55.05,70.07,64.91,51.00,54.26,144.48
ENSG00010001303,GENE1304,10.74,21.31,11.44,18.49,22.37,15.45,16.44,15.71
ENSG00010001304,GENE1305,21.21,18.85,38.18,30.41,27.91,31.78,18.80,21.76
ENSG00010001305,GENE1306,42.57,49.05,47.08,58.17,55.12,43.60,49.93,45.88
ENSG00010001306,GENE1307,212.70,283.77,109.83,206.98,164.32,208.81,140.30,185.95
ENSG00010001307,GENE1308,145.64,190.12,109.50,134.57,309.10,455.20,499.06,416.06
ENSG00010001308,GENE1309,1093.23,1063.87,1100.31,1387.63,1511.12,1394.08,1216.33,1182.68
ENSG00010001309,GENE1310,91.40,76.93,62.36,50.08,20.39,23.82,17.81,23.62
ENSG00010001310,GENE1311,357.16,299.49,612.57,404.15,357.92,452.96,407.38,379.62
ENSG00010001311,GENE1312,21.63,27.10,28.58,15.83,20.01,24.54,23.13,21.06
ENSG00010001312,GENE1313,158.06,198.48,153.87,163.25,202.19,217.13,211.21,181.76
ENSG00010001313,GENE1314,4559.03,2088.99,2581.95,3098.67,3519.92,3319.91,3564.44,2469.30
ENSG00010001314,GENE1315,336.71,297.60,344.90,209.03,181.63,365.48,209.06,238.79
ENSG00010001315,GENE1316,1021.41,477.47,934.66,735.06,1240.18,1123.30,791.49,871.05
ENSG00010001316,GENE1317,1132.46,1360.39,1530.47,1547.88,1047.08,1543.23,1288.90,1936.01
ENSG00010001317,GENE1318,1023.54,955.00,834.32,587.40,779.78,1002.18,867.33,1200.93
ENSG00010001318,GENE1319,91.80,81.82,84.39,78.86,114.13,85.73,53.34,101.15
ENSG00010001319,GENE1320,59.93,34.78,40.68,46.19,56.89,63.39,39.67,61.73
ENSG00010001320,GENE1321,36.02,33.50,21.75,35.78,10.99,8.63,8.58,9.63
ENSG00010001321,GENE1322,441.30,303.13,321.10,317.30,412.06,340.82,324.90,289.10
ENSG00010001322,GENE1323,1196.04,1180.89,1609.40,1556.56,1190.18,925.80,1814.92,1702.38
ENSG00010001323,GENE1324,14.17,21.22,24.13,24.27,23.18,18.44,15.01,15.72
ENSG00010001324,GENE1325,8.45,10.57,8.95,5.17,6.29,9.01,7.92,11.22
ENSG00010001325,GENE1326,112.58,84.33,75.95,145.04,121.44,100.96,93.52,152.36
ENSG00010001326,GENE1327,8.08,5.65,5.01,5.19,6.27,5.24,7.64,7.13
ENSG00010001327,GENE1328,8.01,3.98,3.44,6.67,3.80,4.39,6.37,6.53
ENSG00010001328,GENE1329,104.57,106.43,110.80,72.63,169.32,118.59,101.69,130.44
ENSG00010001329,GENE1330,4.27,6.43,3.63,5.55,5.50,3.76,4.47,6.46
ENSG00010001330,GENE1331,21.19,16.98,24.91,26.72,28.54,22.42,25.83,37.91
ENSG00010001331,GENE1332,289.21,242.91,235.36,236.02,638.06,966.91,693.75,795.51
ENSG00010001332,GENE1333,25.58,39.93,44.45,41.92,37.06,39.71,94.55,53.20
ENSG00010001333,GENE1334,79.93,110.15,57.35,72.37,55.05,90.44,106.85,65.22
ENSG00010001334,GENE1335,53.83,70.72,67.94,81.47,38.72,81.18,65.12,96.07
ENSG00010001335,GENE1336,386.53,418.98,422.92,263.94,245.32,192.08,273.61,281.03
ENSG00010001336,GENE1337,36.16,34.03,54.32,44.66,129.73,113.92,151.50,134.79
ENSG00010001337,GENE1338,1281.46,2401.57,1292.05,1319.58,1481.56,1626.63,1067.08,1650.16
ENSG00010001338,GENE1339,674.16,676.37,494.15,658.30,114.85,136.11,127.51,167.24
ENSG00010001339,GENE1340,33.63,25.02,26.76,18.85,138.99,239.26,174.69,144.11
ENSG00010001340,GENE1341,2123.34,2032.29,1725.15,1341.84,2575.89,1783.66,2262.84,2628.16
ENSG00010001341,GENE1342,3096.32,3120.74,2772.69,3847.68,3216.69,2426.22,5101.40,3266.23
ENSG00010001342,GENE1343,32.85,34.44,53.45,44.40,39.46,37.82,35.04,25.07
ENSG00010001343,GENE1344,17.27,14.04,24.44,15.61,17.90,20.03,20.85,14.05
ENSG00010001344,GENE1345,4079.44,3103.14,2767.46,3071.64,3160.17,2721.97,2329.48,3273.89
ENSG00010001345,GENE1346,248.38,252.50,229.28,170.51,258.50,327.02,263.01,262.99
ENSG00010001346,GENE1347,2386.13,2005.61,1983.39,2287.07,3200.32,2668.09,3395.12,2605.15
ENSG00010001347,GENE1348,4521.08,3403.75,3032.99,3248.26,3598.25,4969.53,7669.22,3623.11
ENSG00010001348,GENE1349,73.73,101.98,67.22,62.35,103.06,57.22,55.24,65.29
ENSG00010001349,GENE1350,2663.50,3551.34,4807.74,3476.47,1573.36,1110.65,820.41,1019.19
ENSG00010001350,GENE1351,1223.67,1219.99,1110.57,1014.46,202.08,257.46,382.81,344.63
ENSG00010001351,GENE1352,3625.82,4372.20,3988.20,3708.03,3141.73,2091.30,3137.65,2408.25
ENSG00010001352,GENE1353,1988.79,1243.18,759.03,1530.94,6859.64,8393.31,6435.80,13606.12
ENSG00010001353,GENE1354,1041.48,967.88,1050.62,1082.95,873.77,929.36,1589.94,995.92
ENSG00010001354,GENE1355,4.23,7.06,4.23,6.09,4.74,6.52,4.06,6.97
ENSG00010001355,GENE1356,43.27,47.62,44.43,44.31,37.99,37.34,43.10,25.26
ENSG00010001356,GENE1357,2711.67,2883.74,2784.93,2757.67,702.24,777.35,897.20,670.60
ENSG00010001357,GENE1358,1744.18,2073.38,1490.44,1599.77,1358.70,1317.09,2068.85,2232.15
ENSG00010001358,GENE1359,73.46,65.43,78.03,133.79,94.10,72.13,78.90,88.35
ENSG00010001359,GENE1360,15.52,19.09,18.43,18.98,14.24,22.06,18.32,17.22
ENSG00010001360,GENE1361,11.07,6.60,9.68,7.24,5.82,6.33,6.34,6.45
ENSG00010001361,GENE1362,2741.50,3384.41,2821.82,2402.71,2854.64,2606.84,1884.44,2489.70
ENSG00010001362,GENE1363,4177.70,4491.56,3878.86,2158.44,3682.19,4065.56,6024.43,5933.18
ENSG00010001363,GENE1364,245.92,174.13,286.66,213.66,168.72,139.31,213.17,161.91
ENSG00010001364,GENE1365,45.82,32.77,23.33,37.51,30.54,49.01,26.96,34.67
ENSG00010001365,GENE1366,3502.30,2699.40,3949.04,4513.35,2469.71,1992.57,3223.08,4718.35
ENSG00010001366,GENE1367,17.22,16.95,22.51,19.00,23.77,16.75,19.15,14.89
ENSG00010001367,GENE1368,1465.00,1564.82,1985.45,1094.75,12772.78,15847.79,16714.93,11480.60
ENSG00010001368,GENE1369,659.59,968.09,1981.85,1001.70,1096.77,927.27,1040.27,908.98
ENSG00010001369,GENE1370,135.72,125.45,94.47,76.12,89.14,100.71,149.23,109.93
ENSG00010001370,GENE1371,2460.10,2807.98,3370.09,2923.59,2566.37,1663.57,2993.93,1759.42
ENSG00010001371,GENE1372,57.93,55.08,79.78,54.55,45.99,41.15,33.45,29.67
ENSG00010001372,GENE1373,61.41,42.87,38.87,25.63,28.94,51.51,57.56,67.32
ENSG00010001373,GENE1374,205.89,338.03,152.22,192.00,586.81,926.65,821.77,488.22
ENSG00010001374,GENE1375,4.00,5.78,4.23,3.38,5.83,5.92,6.48,5.14
ENSG00010001375,GENE1376,42.98,27.83,34.38,37.91,28.31,23.52,37.95,28.54
ENSG00010001376,GENE1377,1474.52,1479.40,879.09,1273.73,834.68,1332.35,1390.11,1001.68
ENSG00010001377,GENE1378,29.89,27.21,23.75,34.35,28.05,28.40,32.02,20.54
ENSG00010001378,GENE1379,267.95,118.94,165.92,173.75,186.80,344.89,220.70,176.53
ENSG00010001379,GENE1380,161.67,167.22,218.78,169.12,193.52,234.26,144.38,178.19
ENSG00010001380,GENE1381,733.09,860.82,916.61,768.86,1983.12,1727.08,800.12,2362.23
ENSG00010001381,GENE1382,393.44,587.20,426.44,488.06,464.58,454.13,375.62,619.40
ENSG00010001382,GENE1383,4388.46,4285.94,3424.32,5101.95,2634.45,3795.24,3175.33,3568.30
ENSG00010001383,GENE1384,2864.36,2286.74,3969.35,2108.09,1848.69,2609.93,2785.63,2779.04
ENSG00010001384,GENE1385,15.53,12.74,20.68,14.51,19.79,13.58,17.53,19.89
ENSG00010001385,GENE1386,16.95,6.32,7.99,11.53,15.06,9.48,11.12,10.60
ENSG00010001386,GENE1387,8.16,7.93,6.62,7.14,9.57,7.93,6.65,7.38
ENSG00010001387,GENE1388,14.81,17.98,17.74,13.53,14.41,10.21,20.71,14.07
ENSG00010001388,GENE1389,587.93,492.53,651.41,764.68,386.96,526.61,740.74,745.08
ENSG00010001389,GENE1390,17.48,31.06,22.66,29.50,17.91,12.20,28.52,31.47
ENSG00010001390,GENE1391,3303.15,2723.30,3344.00,3438.43,3581.12,3561.87,3117.23,5126.78
ENSG00010001391,GENE1392,1308.27,1328.53,945.62,1059.01,244.20,168.64,189.30,191.97
ENSG00010001392,GENE1393,5.51,5.07,7.49,4.35,6.68,9.93,7.33,9.65
ENSG00010001393,GENE1394,11.76,9.99,12.26,10.77,22.00,14.66,12.86,9.65
ENSG00010001394,GENE1395,15.37,11.86,12.01,5.35,7.03,7.89,6.98,9.46
ENSG00010001395,GENE1396,65.15,66.81,85.17,68.78,76.18,51.51,75.88,66.69
ENSG00010001396,GENE1397,13.51,23.53,19.61,18.74,13.94,16.98,11.31,16.66
ENSG00010001397,GENE1398,45.93,47.56,33.63,33.03,31.65,48.27,31.79,41.52
ENSG00010001398,GENE1399,8.96,6.27,6.29,7.62,6.95,7.28,7.23,3.89
ENSG00010001399,GENE1400,63.26,43.61,58.83,59.36,43.74,63.10,36.80,42.08
ENSG00010001400,GENE1401,1584.36,1331.56,1123.80,1513.29,1393.81,2048.54,2096.85,1117.59
ENSG00010001401,GENE1402,5.04,6.14,3.16,5.45,5.81,5.23,5.20,4.26
ENSG00010001402,GENE1403,193.00,148.51,190.22,142.96,146.88,154.21,175.74,156.74
ENSG00010001403,GENE1404,59.88,68.57,62.96,141.03,92.13,93.85,130.09,86.49
ENSG00010001404,GENE1405,104.85,116.54,138.38,116.58,113.88,119.97,111.43,126.77
ENSG00010001405,GENE1406,24.69,31.89,17.60,20.61,2.27,1.41,2.29,3.12
ENSG00010001406,GENE1407,3396.05,4363.54,4725.47,4080.82,737.75,411.22,458.81,729.50
ENSG00010001407,GENE1408,54.49,45.03,55.57,59.88,72.84,90.34,94.64,66.49
ENSG00010001408,GENE1409,913.96,1159.45,848.59,2006.31,797.01,1094.43,1043.90,1162.02
ENSG00010001409,GENE1410,824.59,631.18,845.74,925.17,223.62,313.25,286.42,226.49
ENSG00010001410,GENE1411,1583.83,703.99,1105.57,927.23,754.60,1615.54,1168.75,1132.73
ENSG00010001411,GENE1412,44.70,64.75,39.63,39.60,104.24,113.18,85.45,84.74
ENSG00010001412,GENE1413,56.25,72.85,40.17,44.47,52.09,35.87,32.26,37.88
ENSG00010001413,GENE1414,2789.41,3068.11,3306.56,2582.16,2847.47,1675.00,4372.31,3259.77
ENSG00010001414,GENE1415,262.71,190.71,230.88,245.02,208.34,156.16,203.13,218.15
ENSG00010001415,GENE1416,1222.02,1211.79,1972.75,1567.82,8389.23,6788.45,10734.60,9486.42
ENSG00010001416,GENE1417,1715.82,1699.88,1815.62,1693.63,8494.22,10221.80,13848.05,10367.80
ENSG00010001417,GENE1418,6.72,7.86,5.24,4.07,7.14,4.82,3.75,4.68
ENSG00010001418,GENE1419,538.77,637.03,488.79,613.22,457.06,597.66,546.90,481.01
ENSG00010001419,GENE1420,233.12,170.91,154.35,142.28,1216.29,2026.80,780.14,1069.70
ENSG00010001420,GENE1421,121.16,95.94,87.62,105.84,116.98,143.38,127.50,125.23
ENSG00010001421,GENE1422,253.40,222.52,414.40,276.28,321.53,256.20,329.52,306.34
ENSG00010001422,GENE1423,25.94,23.72,27.87,37.65,16.06,23.07,22.14,20.35
ENSG00010001423,GENE1424,581.49,466.84,589.30,647.91,4022.54,4228.30,2867.03,2597.46
ENSG00010001424,GENE1425,485.90,523.06,560.19,520.79,560.39,444.18,587.54,615.69
ENSG00010001425,GENE1426,939.69,1296.53,940.08,911.10,684.05,1272.84,806.87,1149.34
ENSG00010001426,GENE1427,575.14,298.73,406.14,727.60,407.13,782.78,582.61,420.96
ENSG00010001427,GENE1428,104.74,104.64,78.40,74.65,117.81,113.96,76.63,116.52
ENSG00010001428,GENE1429,5401.19,4217.55,4107.70,7400.58,3510.41,2550.40,3063.65,5248.27
ENSG00010001429,GENE1430,1722.99,991.41,892.26,1105.82,1476.82,1589.32,1034.99,1116.50
ENSG00010001430,GENE1431,4.15,3.42,5.70,4.16,3.33,3.85,5.53,3.41
ENSG00010001431,GENE1432,48.53,46.20,47.75,47.84,52.32,55.56,59.20,59.02
ENSG00010001432,GENE1433,11.24,10.43,9.03,14.23,15.42,15.40,14.38,13.89
ENSG00010001433,GENE1434,304.27,239.20,256.65,201.09,241.63,186.40,184.08,344.02
ENSG00010001434,GENE1435,568.09,693.35,685.64,804.35,414.04,518.76,731.76,749.37
ENSG00010001435,GENE1436,2153.92,2422.91,2248.53,1617.25,8530.00,4504.07,5711.56,7241.27
ENSG00010001436,GENE1437,37.72,85.44,58.11,96.66,62.86,51.31,72.18,69.44
ENSG00010001437,GENE1438,1357.27,1582.02,1317.29,1572.26,1510.55,1177.99,1765.58,1660.62
ENSG00010001438,GENE1439,7.61,6.75,7.69,5.97,4.65,14.16,7.55,9.01
ENSG00010001439,GENE1440,2951.31,3984.60,2642.11,3716.98,2988.81,3364.75,3272.92,2402.65
ENSG00010001440,GENE1441,2159.44,2486.73,2581.95,2180.88,3695.84,2683.56,3954.97,3703.25
ENSG00010001441,GENE1442,603.57,506.64,597.30,457.75,549.14,590.28,383.92,396.49
ENSG00010001442,GENE1443,315.76,337.99,284.25,310.25,96.30,76.60,48.52,79.51
ENSG00010001443,GENE1444,2815.36,2594.63,4079.96,5103.67,4103.49,2785.91,2341.48,2108.85
ENSG00010001444,GENE1445,87.39,78.96,64.22,73.72,62.77,77.64,57.60,67.16
ENSG00010001445,GENE1446,287.95,340.17,342.07,413.05,457.15,464.70,490.09,246.12
ENSG00010001446,GENE1447,59.92,58.63,48.96,46.34,67.31,53.66,40.32,38.94
ENSG00010001447,GENE1448,3757.94,2806.87,3648.63,3235.21,3239.18,3269.19,4325.41,4533.25
ENSG00010001448,GENE1449,4.58,8.22,9.77,5.40,7.01,4.19,5.44,6.89
ENSG00010001449,GENE1450,78.06,135.19,188.72,116.76,115.39,108.37,194.18,153.16
ENSG00010001450,GENE1451,24.98,20.69,21.09,20.07,13.16,14.52,19.71,13.54
ENSG00010001451,GENE1452,4.95,6.08,3.26,3.35,5.40,4.87,3.35,3.19
ENSG00010001452,GENE1453,54.03,63.29,58.35,40.32,62.91,59.16,89.38,76.88
ENSG00010001453,GENE1454,3.91,4.37,4.66,5.16,5.72,2.30,6.25,8.30
ENSG00010001454,GENE1455,6.44,6.25,4.85,5.76,5.94,6.60,4.42,11.04
ENSG00010001455,GENE1456,80.75,85.15,105.99,96.58,69.79,65.58,81.18,61.86
ENSG00010001456,GENE1457,14.77,13.54,9.71,13.78,14.83,18.96,9.96,17.32
ENSG00010001457,GENE1458,103.92,265.99,196.47,175.32,200.75,188.85,134.26,344.20
ENSG00010001458,GENE1459,35.35,37.30,34.11,26.56,35.27,48.62,53.63,29.36
ENSG00010001459,GENE1460,12.07,8.79,13.19,13.22,18.24,18.95,12.75,18.36
ENSG00010001460,GENE1461,23.52,24.40,14.84,34.48,23.64,22.60,30.90,35.26
ENSG00010001461,GENE1462,148.96,156.63,199.94,154.77,209.65,176.29,138.72,164.26
ENSG00010001462,GENE1463,209.84,230.47,220.73,194.97,22.36,17.00,13.21,25.35
ENSG00010001463,GENE1464,1375.69,1485.78,1612.83,1937.23,515.93,562.05,552.83,403.40
ENSG00010001464,GENE1465,4.15,8.39,6.52,7.06,4.38,4.15,6.86,4.68
ENSG00010001465,GENE1466,76.83,80.17,114.03,76.29,47.11,79.71,64.37,95.25
ENSG00010001466,GENE1467,1624.40,1319.78,1550.97,1438.45,1250.30,2097.18,1018.66,1217.89
ENSG00010001467,GENE1468,106.52,82.70,132.84,71.59,129.01,175.18,90.09,117.94
ENSG00010001468,GENE1469,31.99,29.42,53.55,20.32,38.62,33.58,39.49,25.79
ENSG00010001469,GENE1470,398.00,163.91,201.23,188.86,271.19,143.60,249.37,171.14
ENSG00010001470,GENE1471,35.54,25.38,26.85,23.02,19.93,35.71,44.89,26.12
ENSG00010001471,GENE1472,4.57,7.08,5.96,5.84,4.18,8.86,6.26,4.47
ENSG00010001472,GENE1473,62.89,79.37,58.63,79.00,237.55,384.63,342.45,177.55
ENSG00010001473,GENE1474,273.90,225.02,347.80,267.59,245.66,376.79,532.84,285.11
ENSG00010001474,GENE1475,1547.83,2221.19,1071.09,1474.25,1973.25,1896.54,2581.02,1448.41
ENSG00010001475,GENE1476,1544.94,2078.72,2471.25,2701.07,1475.87,1485.06,2432.48,2343.10
ENSG00010001476,GENE1477,44.30,35.21,39.63,61.07,86.53,61.81,78.54,59.33
ENSG00010001477,GENE1478,5.17,4.88,3.60,5.35,4.31,3.70,4.41,3.28
ENSG00010001478,GENE1479,73.51,43.34,32.58,42.17,43.67,49.61,61.21,53.27
ENSG00010001479,GENE1480,352.95,202.58,192.03,162.27,31.29,25.49,25.04,23.65
ENSG00010001480,GENE1481,110.76,105.58,180.97,126.01,107.05,146.51,119.51,129.85
ENSG00010001481,GENE1482,6.82,7.29,7.73,6.40,4.21,7.83,4.20,5.36
ENSG00010001482,GENE1483,41.64,29.52,18.37,32.33,19.03,29.81,27.99,37.21
ENSG00010001483,GENE1484,192.63,176.00,204.65,137.34,182.25,113.74,158.08,168.08
ENSG00010001484,GENE1485,3.71,5.09,4.75,4.83,3.79,3.96,4.55,3.91
ENSG00010001485,GENE1486,328.32,585.82,455.35,338.97,527.02,267.15,414.60,481.84
ENSG00010001486,GENE1487,458.55,295.19,507.89,267.76,405.92,401.46,461.72,410.26
ENSG00010001487,GENE1488,571.86,691.34,610.79,540.04,382.22,302.76,299.42,453.17
ENSG00010001488,GENE1489,398.21,351.78,419.05,318.96,359.95,226.71,410.27,230.23
ENSG00010001489,GENE1490,11.89,10.89,7.89,9.99,13.93,10.09,12.76,11.42
ENSG00010001490,GENE1491,5.89,5.96,8.42,7.85,5.70,5.44,4.62,6.74
ENSG00010001491,GENE1492,65.84,76.75,86.84,72.78,80.28,89.97,95.82,67.00
ENSG00010001492,GENE1493,274.95,323.96,386.03,194.08,247.92,267.94,239.29,371.20
ENSG00010001493,GENE1494,1327.93,1805.85,1777.47,1400.74,551.09,315.96,466.73,446.76
ENSG00010001494,GENE1495,441.75,620.13,419.15,512.92,1014.57,613.78,556.42,513.37
ENSG00010001495,GENE1496,21.17,20.20,11.29,28.60,23.25,21.62,15.58,24.79
ENSG00010001496,GENE1497,3124.42,2495.46,3007.67,2887.74,3295.27,2839.56,3452.21,3314.67
ENSG00010001497,GENE1498,372.88,436.40,442.64,333.27,415.16,425.46,357.89,273.75
ENSG00010001498,GENE1499,29.42,22.25,45.42,23.13,34.32,18.67,22.56,43.69
ENSG00010001499,GENE1500,55.28,60.21,85.26,93.02,109.68,92.17,53.48,57.32
ENSG00010001500,GENE1501,1006.30,1058.98,1174.26,1145.32,1564.65,1169.24,978.52,1471.66
ENSG00010001501,GENE1502,9.71,14.01,5.52,9.36,21.41,16.14,17.51,19.34
ENSG00010001502,GENE1503,7.13,4.89,3.79,5.35,3.94,4.38,5.39,3.16
ENSG00010001503,GENE1504,23.67,20.54,18.89,10.17,12.41,17.52,21.69,24.00
ENSG00010001504,GENE1505,100.50,150.85,118.67,92.56,216.23,150.93,173.56,169.38
ENSG00010001505,GENE1506,26.21,32.61,24.89,25.01,25.92,33.80,30.91,23.77
ENSG00010001506,GENE1507,3367.40,3494.62,3642.59,4550.02,3694.24,3805.89,3203.90,3084.34
ENSG00010001507,GENE1508,278.33,166.13,268.64,254.69,147.75,220.83,264.58,241.87
ENSG00010001508,GENE1509,45.31,19.82,18.67,19.16,22.09,20.17,27.82,16.70
ENSG00010001509,GENE1510,3942.12,4899.57,3494.80,2976.98,22168.72,24857.67,36415.24,28493.87
ENSG00010001510,GENE1511,2036.51,916.69,1588.69,1873.26,1129.69,1570.08,1097.85,1466.52
ENSG00010001511,GENE1512,224.22,147.42,253.68,411.36,322.93,199.36,349.23,218.21
ENSG00010001512,GENE1513,30.32,27.72,25.65,42.45,32.61,37.31,18.79,32.73
ENSG00010001513,GENE1514,474.11,631.61,657.84,778.13,762.77,571.51,1235.36,887.77
ENSG00010001514,GENE1515,1295.44,778.32,488.27,741.54,890.53,764.76,823.34,585.85
ENSG00010001515,GENE1516,15.48,10.69,20.88,14.56,16.23,10.27,20.23,19.11
ENSG00010001516,GENE1517,22.68,30.47,29.35,23.02,30.68,16.58,26.64,28.04
ENSG00010001517,GENE1518,1211.35,633.38,805.54,471.72,3355.62,3244.05,2958.23,2911.52
ENSG00010001518,GENE1519,296.32,154.84,143.85,153.93,227.83,154.92,142.34,165.77
ENSG00010001519,GENE1520,1816.90,1313.51,1713.50,1864.62,1504.07,1077.56,1300.00,1531.73
ENSG00010001520,GENE1521,4966.28,1707.13,2696.53,3282.41,1801.65,2625.56,3365.97,2412.84
ENSG00010001521,GENE1522,5.70,9.22,7.18,3.86,6.05,7.42,8.55,8.87
ENSG00010001522,GENE1523,10.44,11.01,8.87,9.32,10.89,7.36,12.49,15.18
ENSG00010001523,GENE1524,7.42,6.77,9.78,7.82,6.45,5.85,7.58,7.29
ENSG00010001524,GENE1525,22.04,21.36,17.10,24.15,13.58,36.40,41.16,30.01
ENSG00010001525,GENE1526,4.57,4.17,4.13,4.60,2.83,4.73,5.51,4.08
ENSG00010001526,GENE1527,463.28,411.22,729.80,432.84,341.52,540.53,567.37,476.50
ENSG00010001527,GENE1528,1117.79,1322.04,1736.69,1822.90,1571.00,1055.13,1626.60,1352.81
ENSG00010001528,GENE1529,122.23,170.22,208.14,160.55,159.98,101.85,247.40,150.03
ENSG00010001529,GENE1530,47.70,40.54,38.77,29.21,175.62,123.51,263.46,121.74
ENSG00010001530,GENE1531,5.99,5.76,4.35,7.73,1.26,1.27,1.28,1.10
ENSG00010001531,GENE1532,8.65,7.31,5.60,7.39,8.09,6.72,7.71,7.47
ENSG00010001532,GENE1533,3705.82,3509.14,3988.21,4005.94,2203.41,2318.78,3156.68,2551.64
ENSG00010001533,GENE1534,120.62,92.26,79.85,85.68,119.47,100.31,129.11,107.95
ENSG00010001534,GENE1535,57.37,33.99,46.84,55.42,62.97,39.12,37.09,34.83
ENSG00010001535,GENE1536,27.80,13.44,11.21,15.14,11.29,13.43,13.71,12.36
ENSG00010001536,GENE1537,514.22,414.44,703.10,512.72,495.01,845.17,826.63,770.99
ENSG00010001537,GENE1538,9.17,6.61,7.95,7.63,10.52,6.94,9.20,4.45
ENSG00010001538,GENE1539,524.58,610.36,815.98,673.72,509.05,760.62,781.65,918.46
ENSG00010001539,GENE1540,295.87,124.20,239.65,179.57,223.84,136.78,136.18,173.94
ENSG00010001540,GENE1541,6.09,5.12,8.59,5.41,10.65,4.44,7.31,7.24
ENSG00010001541,GENE1542,301.59,216.00,343.68,341.29,385.91,344.66,221.44,387.38
ENSG00010001542,GENE1543,3.37,4.28,2.27,5.27,5.88,4.26,4.58,6.22
ENSG00010001543,GENE1544,846.43,500.45,631.93,488.79,431.79,734.97,429.43,483.61
ENSG00010001544,GENE1545,244.11,456.89,340.55,439.93,743.71,353.55,300.66,467.32
ENSG00010001545,GENE1546,71.09,62.86,71.10,38.03,21.06,39.28,25.23,21.32
ENSG00010001546,GENE1547,87.42,79.60,57.21,50.25,73.61,81.84,79.67,104.20
ENSG00010001547,GENE1548,15.54,19.04,9.57,14.63,11.06,12.21,16.03,10.22
ENSG00010001548,GENE1549,933.22,727.26,528.22,387.07,882.17,585.96,705.94,963.09
ENSG00010001549,GENE1550,10.60,7.05,9.97,6.85,6.32,11.22,10.79,7.63
ENSG00010001550,GENE1551,1725.37,1604.76,1604.57,3053.68,1615.94,1875.17,1742.07,2317.71
ENSG00010001551,GENE1552,109.23,170.21,160.45,112.93,97.94,197.60,128.42,119.51
ENSG00010001552,GENE1553,68.95,81.95,151.86,113.80,64.77,114.84,87.80,71.02
ENSG00010001553,GENE1554,1470.06,1014.27,1797.00,1512.59,1414.33,1746.51,1337.28,1742.64
ENSG00010001554,GENE1555,174.20,155.11,94.96,148.42,131.52,129.71,147.57,126.36
ENSG00010001555,GENE1556,3285.82,5093.05,4783.65,3372.94,1631.53,1825.07,2274.30,2506.28
ENSG00010001556,GENE1557,939.30,659.71,914.65,793.81,803.05,938.92,629.34,980.48
ENSG00010001557,GENE1558,1493.85,753.85,654.06,776.48,748.60,732.23,767.90,747.15
ENSG00010001558,GENE1559,22.38,21.89,19.83,36.80,17.57,23.26,31.07,14.45
ENSG00010001559,GENE1560,8.04,9.07,7.67,5.64,11.56,8.71,11.58,9.96
ENSG00010001560,GENE1561,4.97,7.28,7.89,6.74,5.15,9.47,5.34,6.01
ENSG00010001561,GENE1562,129.52,159.52,147.48,180.06,151.86,134.08,163.91,101.43
ENSG00010001562,GENE1563,12.94,11.72,16.50,20.22,16.97,13.28,19.25,14.00
ENSG00010001563,GENE1564,643.34,661.82,686.19,565.83,656.38,695.85,594.86,436.67
ENSG00010001564,GENE1565,26.35,24.33,32.93,26.74,22.31,24.51,15.83,18.35
ENSG00010001565,GENE1566,3076.05,4590.06,2852.62,4263.12,2301.78,4314.30,4069.71,3415.18
ENSG00010001566,GENE1567,37.12,18.64,29.73,34.82,25.84,25.14,18.95,23.58
ENSG00010001567,GENE1568,3.24,4.88,4.20,4.74,4.38,5.36,2.91,3.69
ENSG00010001568,GENE1569,339.35,199.11,177.57,242.41,285.40,255.65,199.93,235.47
ENSG00010001569,GENE1570,61.22,34.92,42.55,72.04,13.49,7.75,8.66,7.64
ENSG00010001570,GENE1571,262.23,288.82,213.07,220.65,331.90,230.64,314.09,268.65
ENSG00010001571,GENE1572,371.74,361.91,341.10,329.79,300.83,191.71,296.74,377.64
ENSG00010001572,GENE1573,9.17,8.62,7.79,6.56,5.18,4.79,5.97,4.71
ENSG00010001573,GENE1574,31.79,18.10,17.78,14.52,14.93,12.50,11.84,20.20
ENSG00010001574,GENE1575,953.26,1117.80,993.17,1410.34,1882.45,1005.70,908.38,1102.30
ENSG00010001575,GENE1576,532.01,651.18,748.66,686.50,853.99,919.27,794.62,830.71
ENSG00010001576,GENE1577,240.65,121.85,220.84,121.96,156.03,143.35,77.51,131.45
ENSG00010001577,GENE1578,7.57,13.41,13.06,7.44,13.83,8.04,13.34,9.28
ENSG00010001578,GENE1579,108.39,100.31,84.75,78.06,80.87,123.96,72.69,77.99
ENSG00010001579,GENE1580,2473.81,2414.75,2321.90,2983.97,1625.99,3038.66,2411.83,2997.58
ENSG00010001580,GENE1581,163.75,130.13,203.20,209.31,187.64,228.77,155.98,179.40
ENSG00010001581,GENE1582,840.62,1263.16,1120.33,1953.87,1791.87,1218.50,1512.55,1082.04
ENSG00010001582,GENE1583,162.36,145.54,150.52,132.85,135.03,110.52,102.81,98.76
ENSG00010001583,GENE1584,76.65,91.85,122.21,101.38,79.50,130.60,117.06,99.67
ENSG00010001584,GENE1585,2674.57,2214.16,3187.96,2427.83,2208.93,1880.01,2697.99,2320.60
ENSG00010001585,GENE1586,100.22,113.49,124.55,89.82,115.49,105.83,151.64,100.19
ENSG00010001586,GENE1587,4.44,7.33,3.79,5.03,0.88,0.81,0.77,0.82
ENSG00010001587,GENE1588,9.06,9.34,10.55,9.72,9.57,8.52,9.54,12.63
ENSG00010001588,GENE1589,51.35,44.38,41.36,38.82,31.00,41.06,51.48,42.93
ENSG00010001589,GENE1590,75.81,57.95,69.57,76.69,60.01,66.64,89.86,88.85
ENSG00010001590,GENE1591,150.44,88.92,133.07,94.30,89.54,111.43,101.24,63.73
ENSG00010001591,GENE1592,3704.45,2870.17,3764.92,2813.97,2835.84,2720.99,3601.56,2112.96
ENSG00010001592,GENE1593,2300.49,1729.29,3241.67,1927.97,2589.48,1837.83,2498.08,1852.44
ENSG00010001593,GENE1594,1515.42,1420.08,1115.57,2013.53,1059.92,1094.98,1248.34,1529.66
ENSG00010001594,GENE1595,44.85,48.32,57.12,27.09,44.37,45.40,61.53,52.73
ENSG00010001595,GENE1596,11.03,12.80,18.89,16.25,10.08,15.13,12.71,15.31
ENSG00010001596,GENE1597,117.41,147.44,88.29,60.44,98.79,152.90,84.91,117.56
ENSG00010001597,GENE1598,4621.71,3236.37,3900.12,4198.91,3461.54,3477.70,3550.63,2403.88
ENSG00010001598,GENE1599,363.41,1030.69,561.69,755.99,630.27,524.53,399.46,538.48
ENSG00010001599,GENE1600,8.62,12.17,10.06,9.60,11.41,14.69,5.20,7.39
ENSG00010001600,GENE1601,17.99,14.51,10.48,13.53,15.14,13.47,12.91,13.49
ENSG00010001601,GENE1602,108.71,85.10,88.83,87.34,107.78,78.38,101.62,104.27
ENSG00010001602,GENE1603,11.90,8.46,13.03,7.99,13.72,10.45,11.21,10.45
ENSG00010001603,GENE1604,1904.53,2494.01,1923.92,1887.19,1372.46,1462.87,1600.48,1281.41
ENSG00010001604,GENE1605,181.45,179.71,150.01,210.06,146.68,72.97,159.73,120.39
ENSG00010001605,GENE1606,52.85,48.85,51.27,66.07,69.21,61.34,58.47,86.83
ENSG00010001606,GENE1607,367.19,301.73,213.43,246.02,365.00,267.66,282.35,274.97
ENSG00010001607,GENE1608,18.16,9.05,12.07,12.11,14.88,23.87,21.08,14.33
ENSG00010001608,GENE1609,30.11,19.25,33.10,26.49,24.34,30.58,12.99,21.93
ENSG00010001609,GENE1610,15.07,18.06,24.38,19.19,11.83,24.21,13.92,14.26
ENSG00010001610,GENE1611,11.76,15.16,12.02,16.06,15.26,11.51,10.10,14.53
ENSG00010001611,GENE1612,57.67,53.21,37.70,40.49,40.75,39.15,45.22,31.49
ENSG00010001612,GENE1613,11.01,7.48,15.31,9.74,13.61,13.05,10.90,11.60
ENSG00010001613,GENE1614,518.88,342.84,873.06,649.28,527.05,721.23,492.22,470.78
ENSG00010001614,GENE1615,43.05,38.69,35.66,34.93,37.73,34.60,47.46,53.82
ENSG00010001615,GENE1616,169.78,190.14,249.39,255.80,279.60,270.84,217.30,393.76
ENSG00010001616,GENE1617,1682.32,2411.68,2067.79,1881.20,1781.58,1840.83,2406.18,2578.74
ENSG00010001617,GENE1618,416.38,326.53,358.19,267.76,479.59,471.61,503.70,546.04
ENSG00010001618,GENE1619,524.26,526.81,609.19,686.05,498.61,393.81,635.53,568.11
ENSG00010001619,GENE1620,14.32,21.15,18.31,23.33,25.60,26.85,37.54,27.62
ENSG00010001620,GENE1621,160.19,193.50,210.24,223.77,177.14,189.09,339.76,283.36
ENSG00010001621,GENE1622,32.87,55.27,55.20,39.36,46.12,52.25,45.88,69.82
ENSG00010001622,GENE1623,17.87,14.96,12.57,20.96,18.90,16.85,24.77,24.61
ENSG00010001623,GENE1624,1024.12,735.32,844.67,667.50,1440.58,1022.39,683.15,680.17
ENSG00010001624,GENE1625,847.32,308.23,752.89,353.45,633.16,783.25,588.97,560.66
ENSG00010001625,GENE1626,26.84,19.90,16.89,37.99,23.40,19.21,28.42,22.82
ENSG00010001626,GENE1627,10.32,9.67,11.33,10.49,11.32,10.10,9.21,12.35
ENSG00010001627,GENE1628,248.78,157.68,241.13,253.64,193.44,164.62,160.36,98.31
ENSG00010001628,GENE1629,4.16,5.04,5.44,2.27,4.04,5.56,4.25,3.40
ENSG00010001629,GENE1630,4.31,6.73,9.09,6.68,7.91,9.20,6.72,5.01
ENSG00010001630,GENE1631,14.34,9.18,9.26,9.22,8.67,12.00,9.43,5.21
ENSG00010001631,GENE1632,8.18,8.81,7.60,6.93,8.68,8.26,8.62,9.26
ENSG00010001632,GENE1633,512.53,777.01,888.69,1050.42,488.74,531.92,768.53,545.95
ENSG00010001633,GENE1634,918.49,509.27,496.31,975.46,857.48,1107.01,846.51,826.85
ENSG00010001634,GENE1635,21.16,20.88,25.82,22.45,25.09,25.94,19.73,13.11
ENSG00010001635,GENE1636,8.31,5.51,8.72,10.32,5.52,9.10,5.51,6.32
ENSG00010001636,GENE1637,14.72,9.90,8.26,13.71,13.85,10.71,12.13,12.76
ENSG00010001637,GENE1638,163.27,209.97,190.97,133.32,286.76,312.16,267.38,417.86
ENSG00010001638,GENE1639,12.56,16.27,25.02,15.38,8.94,7.22,16.63,11.66
ENSG00010001639,GENE1640,30.00,37.02,46.11,34.08,33.48,24.84,34.82,18.13
ENSG00010001640,GENE1641,4.81,4.62,4.56,7.42,9.71,7.17,10.11,6.61
ENSG00010001641,GENE1642,4.19,4.55,3.60,4.45,8.12,6.45,2.88,7.01
ENSG00010001642,GENE1643,1479.95,2332.91,1602.04,1699.49,15555.74,11549.84,16279.58,11516.55
ENSG00010001643,GENE1644,5.90,6.63,6.31,8.24,1.28,2.05,0.89,1.75
ENSG00010001644,GENE1645,336.74,281.97,306.35,325.45,515.43,282.90,423.16,359.59
ENSG00010001645,GENE1646,28.33,63.71,25.01,40.04,35.55,41.51,29.39,57.36
ENSG00010001646,GENE1647,171.87,142.56,166.74,150.16,169.21,123.77,172.62,221.44
ENSG00010001647,GENE1648,139.71,197.19,214.58,222.90,352.95,317.35,351.60,339.15
ENSG00010001648,GENE1649,36.48,29.70,50.70,43.57,46.64,25.44,19.37,28.36
ENSG00010001649,GENE1650,3006.57,1811.84,2374.12,1333.18,6796.54,6620.16,6470.78,5503.00
ENSG00010001650,GENE1651,27.32,27.92,29.73,38.04,28.13,39.77,30.40,23.73
ENSG00010001651,GENE1652,3637.13,3514.14,2739.09,3499.47,2519.63,2995.94,2599.05,2943.48
ENSG00010001652,GENE1653,4117.21,2641.37,3179.76,3702.86,3264.89,3443.42,3061.99,2985.33
ENSG00010001653,GENE1654,70.91,43.21,51.88,52.76,63.94,65.42,45.03,59.20
ENSG00010001654,GENE1655,488.82,691.82,571.91,462.48,643.66,562.26,341.08,374.39
ENSG00010001655,GENE1656,97.03,113.92,106.42,50.95,66.64,98.57,91.21,94.86
ENSG00010001656,GENE1657,7.84,4.93,6.12,7.35,33.51,30.15,38.74,32.90
ENSG00010001657,GENE1658,791.46,525.93,772.54,505.39,797.95,557.46,672.16,499.49
ENSG00010001658,GENE1659,6.02,6.12,5.76,6.12,5.50,6.79,6.41,5.62
ENSG00010001659,GENE1660,3.76,6.53,6.89,7.04,2.35,1.27,2.30,2.03
ENSG00010001660,GENE1661,22.92,35.74,30.61,22.72,36.01,24.16,42.32,27.08
ENSG00010001661,GENE1662,81.97,118.53,81.74,78.85,111.42,123.11,84.03,106.36
ENSG00010001662,GENE1663,2024.09,1296.58,1055.22,2027.05,2232.98,1547.77,2268.64,1624.27
ENSG00010001663,GENE1664,82.45,59.33,79.51,99.71,85.14,67.74,73.91,87.58
ENSG00010001664,GENE1665,452.09,548.19,634.26,420.79,1111.72,1212.99,1287.45,1670.89
ENSG00010001665,GENE1666,21.90,19.70,17.83,20.10,27.59,20.39,25.20,20.02
ENSG00010001666,GENE1667,19.32,23.77,23.63,22.74,21.39,39.75,27.70,30.14
ENSG00010001667,GENE1668,27.98,14.06,24.31,22.93,16.68,20.48,25.55,48.86
ENSG00010001668,GENE1669,3215.25,4789.45,4542.45,4606.42,2222.06,3513.61,3234.21,2538.73
ENSG00010001669,GENE1670,9.65,13.34,7.44,9.82,8.85,10.34,18.53,7.65
ENSG00010001670,GENE1671,698.73,1351.17,1043.31,741.44,1124.56,933.59,970.46,1200.12
ENSG00010001671,GENE1672,52.67,57.41,37.61,50.79,378.19,265.75,321.57,270.95
ENSG00010001672,GENE1673,124.41,99.02,79.84,86.88,114.52,100.97,71.82,99.70
ENSG00010001673,GENE1674,153.64,105.96,175.33,98.05,82.43,96.22,126.53,106.72
ENSG00010001674,GENE1675,713.51,395.43,507.30,451.55,43.58,42.92,33.82,85.93
ENSG00010001675,GENE1676,56.56,40.47,57.19,36.22,47.95,78.55,50.74,60.79
ENSG00010001676,GENE1677,82.59,115.06,79.09,112.64,86.94,77.33,129.12,101.46
ENSG00010001677,GENE1678,317.84,195.06,270.43,289.26,283.11,361.92,147.47,264.85
ENSG00010001678,GENE1679,20.89,26.93,35.76,32.19,19.12,24.22,28.69,20.79
ENSG00010001679,GENE1680,361.75,752.98,589.31,420.41,486.25,467.52,461.74,430.37
ENSG00010001680,GENE1681,518.28,908.77,588.37,941.06,669.66,514.06,974.87,685.75
ENSG00010001681,GENE1682,4.22,7.21,6.74,9.24,5.13,6.83,6.40,4.77
ENSG00010001682,GENE1683,7.79,4.89,7.10,3.58,4.73,6.19,5.02,3.98
ENSG00010001683,GENE1684,3211.02,2196.71,2608.24,4250.92,3034.29,2759.07,4234.69,3600.97
ENSG00010001684,GENE1685,60.83,58.73,79.35,73.69,104.05,93.51,66.20,85.57
ENSG00010001685,GENE1686,10.17,6.61,4.12,11.66,12.74,7.32,6.75,8.29
ENSG00010001686,GENE1687,19.80,26.82,21.25,18.80,23.39,21.02,21.99,12.96
ENSG00010001687,GENE1688,3041.68,2190.40,2477.62,3004.18,2469.48,3965.59,1568.11,1309.08
ENSG00010001688,GENE1689,429.97,311.27,362.65,327.44,232.28,326.74,269.17,309.74
ENSG00010001689,GENE1690,46.22,56.62,80.75,40.54,87.46,93.05,87.71,100.50
ENSG00010001690,GENE1691,6.21,7.54,7.86,6.81,6.40,7.97,7.71,11.13
ENSG00010001691,GENE1692,974.34,1734.84,1207.62,1215.91,766.33,986.53,976.91,989.13
ENSG00010001692,GENE1693,5.56,7.18,6.25,6.90,7.40,5.35,6.56,6.80
ENSG00010001693,GENE1694,248.11,176.28,296.57,329.09,276.91,254.24,307.74,229.73
ENSG00010001694,GENE1695,149.27,204.49,200.56,156.42,246.17,127.13,156.36,133.18
ENSG00010001695,GENE1696,7.59,5.89,8.08,4.44,7.55,6.38,4.99,4.64
ENSG00010001696,GENE1697,40.59,39.20,35.90,41.45,44.43,47.57,42.46,47.46
ENSG00010001697,GENE1698,2259.65,2746.99,3190.58,3616.16,3251.11,2446.60,2807.95,3343.58
ENSG00010001698,GENE1699,70.08,55.02,60.80,78.72,43.82,46.75,68.53,56.22
ENSG00010001699,GENE1700,242.94,277.98,178.97,226.51,221.15,252.72,189.76,215.14
ENSG00010001700,GENE1701,708.36,528.63,527.18,455.02,432.51,586.77,453.31,592.98
ENSG00010001701,GENE1702,329.06,367.84,205.85,278.18,284.13,318.20,351.83,267.72
ENSG00010001702,GENE1703,17.82,26.38,23.84,23.36,20.47,23.64,23.60,29.34
ENSG00010001703,GENE1704,117.38,67.19,78.17,56.60,83.08,118.99,129.11,74.54
ENSG00010001704,GENE1705,211.82,144.03,160.18,284.86,196.64,261.36,154.97,113.35
ENSG00010001705,GENE1706,547.44,804.05,829.77,684.33,537.82,595.57,651.42,788.90
ENSG00010001706,GENE1707,96.78,78.10,57.37,124.89,68.65,113.54,95.17,116.73
ENSG00010001707,GENE1708,1575.82,1238.54,1698.70,1012.34,1493.50,1189.89,1818.74,1765.97
ENSG00010001708,GENE1709,274.49,274.80,405.42,339.56,285.35,259.70,277.85,196.44
ENSG00010001709,GENE1710,30.55,33.43,29.74,40.25,40.71,33.80,34.30,36.16
ENSG00010001710,GENE1711,11.86,12.38,13.41,16.64,11.78,10.80,12.24,18.11
ENSG00010001711,GENE1712,698.89,614.92,542.14,707.92,704.07,662.11,846.37,680.87
ENSG00010001712,GENE1713,1339.65,1264.52,2034.48,1125.50,1231.40,1020.98,1539.68,1034.53
ENSG00010001713,GENE1714,8.45,7.30,12.08,8.68,7.10,10.28,10.36,9.42
ENSG00010001714,GENE1715,3.89,6.44,5.81,3.98,5.57,5.56,5.24,4.24
ENSG00010001715,GENE1716,34.53,42.51,43.09,29.23,35.85,30.80,26.98,42.71
ENSG00010001716,GENE1717,10.44,10.89,11.41,7.82,6.10,7.87,11.02,13.24
ENSG00010001717,GENE1718,37.98,26.44,20.95,28.09,26.60,20.61,36.78,30.74
ENSG00010001718,GENE1719,47.65,48.38,25.80,46.98,49.44,35.81,33.20,30.06
ENSG00010001719,GENE1720,52.59,71.79,40.93,65.17,47.74,78.45,51.98,96.26
ENSG00010001720,GENE1721,29.33,21.87,20.36,12.61,28.57,37.65,21.83,18.24
ENSG00010001721,GENE1722,6.96,4.73,7.76,4.84,3.81,5.99,9.53,6.37
ENSG00010001722,GENE1723,3120.24,3433.01,2299.58,3502.67,2331.01,1439.82,1831.53,1588.30
ENSG00010001723,GENE1724,36.25,30.67,27.61,39.25,24.82,29.63,34.31,23.58
ENSG00010001724,GENE1725,585.90,592.19,805.59,732.95,971.07,948.58,1087.75,1455.83
ENSG00010001725,GENE1726,16.59,23.94,28.33,20.72,19.92,17.07,31.92,20.98
ENSG00010001726,GENE1727,335.39,239.15,324.33,144.06,162.15,164.17,257.01,259.45
ENSG00010001727,GENE1728,346.49,172.62,151.94,230.14,296.28,258.33,205.96,323.81
ENSG00010001728,GENE1729,1544.52,1172.84,1939.50,1457.77,1074.25,1894.10,1361.44,1306.08
ENSG00010001729,GENE1730,196.77,239.46,201.77,195.08,132.31,283.83,166.02,188.12
ENSG00010001730,GENE1731,151.81,119.45,143.60,166.41,57.22,47.73,67.60,59.88
ENSG00010001731,GENE1732,27.46,34.94,35.10,40.46,21.43,60.96,52.80,39.42
ENSG00010001732,GENE1733,638.46,466.98,649.41,610.08,566.17,696.70,306.91,563.49
ENSG00010001733,GENE1734,377.21,345.58,339.41,355.30,424.46,335.80,406.92,221.66
ENSG00010001734,GENE1735,14.33,11.44,12.53,17.26,25.24,22.31,13.85,14.81
ENSG00010001735,GENE1736,40.31,59.97,31.08,37.63,58.73,39.09,26.15,29.66
ENSG00010001736,GENE1737,15.07,19.59,9.92,7.99,8.63,14.09,12.05,12.37
ENSG00010001737,GENE1738,223.24,277.06,323.50,288.13,208.98,300.60,248.07,160.63
ENSG00010001738,GENE1739,355.12,306.92,388.39,401.76,1452.95,1433.08,2427.47,1934.30
ENSG00010001739,GENE1740,16.29,16.35,15.34,19.02,23.45,18.17,17.69,15.45
ENSG00010001740,GENE1741,1563.77,2225.97,1913.13,1454.87,986.38,1322.23,1072.33,1523.52
ENSG00010001741,GENE1742,2122.30,1718.24,2998.34,2342.28,1648.26,1373.44,1990.87,973.98
ENSG00010001742,GENE1743,3.76,3.65,6.00,4.64,3.78,4.06,4.31,3.49
ENSG00010001743,GENE1744,6.10,5.94,5.36,4.60,3.58,5.81,4.77,5.34
ENSG00010001744,GENE1745,2561.36,2385.11,1890.37,2675.99,3255.12,3117.37,2460.24,2599.86
ENSG00010001745,GENE1746,864.92,1097.55,701.71,1103.99,929.02,816.81,1535.80,1225.87
ENSG00010001746,GENE1747,6.04,7.64,5.49,5.84,1.16,1.14,1.72,0.93
ENSG00010001747,GENE1748,7.95,5.69,8.29,5.18,1.72,1.66,1.11,0.98
ENSG00010001748,GENE1749,3.34,3.61,3.89,3.48,3.06,2.99,2.60,3.95
ENSG00010001749,GENE1750,1873.51,1505.92,1764.46,1327.11,2219.01,1214.09,1594.88,940.35
ENSG00010001750,GENE1751,274.87,240.65,245.61,420.85,231.16,500.96,295.13,362.86
ENSG00010001751,GENE1752,87.04,71.20,72.73,145.01,116.09,72.42,76.20,59.09
ENSG00010001752,GENE1753,165.15,93.28,89.24,152.15,97.61,72.19,79.99,79.74
ENSG00010001753,GENE1754,3930.21,2261.73,2928.03,2733.53,2198.02,4298.74,1899.89,3404.27
ENSG00010001754,GENE1755,3638.57,4626.51,4715.78,4971.91,3374.07,2531.31,3453.43,2677.17
ENSG00010001755,GENE1756,1954.70,1987.87,1262.06,1857.73,1947.60,2544.94,2255.24,1958.15
ENSG00010001756,GENE1757,1325.33,2006.47,1182.72,1294.10,1572.77,1360.19,1936.88,2399.80
ENSG00010001757,GENE1758,187.78,152.75,128.43,114.13,205.76,228.61,195.34,192.32
ENSG00010001758,GENE1759,3407.21,3209.78,3559.46,3163.68,695.34,887.01,789.62,841.04
ENSG00010001759,GENE1760,1162.42,426.87,788.94,813.38,383.90,367.91,464.71,303.33
ENSG00010001760,GENE1761,12.32,10.30,13.34,12.24,12.42,8.23,10.18,10.35
ENSG00010001761,GENE1762,39.33,17.74,41.63,40.10,47.16,42.24,28.70,35.49
ENSG00010001762,GENE1763,211.63,271.98,269.48,305.80,225.15,177.40,407.71,305.32
ENSG00010001763,GENE1764,560.35,334.94,291.25,444.26,315.94,355.12,380.68,311.01
ENSG00010001764,GENE1765,38.09,52.10,41.57,30.12,7.86,8.03,12.31,9.05
ENSG00010001765,GENE1766,638.95,824.69,988.41,816.30,470.70,661.97,617.32,670.50
ENSG00010001766,GENE1767,190.26,209.79,201.22,201.93,196.56,207.54,206.78,228.27
ENSG00010001767,GENE1768,301.66,209.87,195.34,161.02,310.39,144.97,248.86,298.40
ENSG00010001768,GENE1769,14.70,7.47,9.11,10.01,9.29,11.03,7.72,17.37
ENSG00010001769,GENE1770,1253.28,1208.72,1449.95,2029.20,1246.49,1226.38,1415.51,1229.70
ENSG00010001770,GENE1771,2.65,4.68,4.00,3.35,34.66,24.28,26.52,27.75
ENSG00010001771,GENE1772,45.34,46.01,41.74,45.28,70.48,41.03,52.86,47.80
ENSG00010001772,GENE1773,2781.86,1672.51,2709.12,1687.01,898.91,1574.93,1201.11,1420.88
ENSG00010001773,GENE1774,251.57,378.91,341.35,268.98,487.09,348.24,549.55,565.23
ENSG00010001774,GENE1775,1763.82,1925.51,2693.63,2293.26,1819.22,1740.26,2799.80,1811.64
ENSG00010001775,GENE1776,35.92,41.18,51.96,49.30,24.11,58.63,26.66,29.87
ENSG00010001776,GENE1777,18.75,18.80,18.50,17.17,8.80,17.42,17.57,13.61
ENSG00010001777,GENE1778,637.44,502.20,987.05,731.77,152.34,178.62,230.46,206.79
ENSG00010001778,GENE1779,174.77,153.29,141.64,187.87,119.59,87.66,170.25,129.77
ENSG00010001779,GENE1780,36.63,43.01,45.44,60.04,36.31,47.47,68.40,47.83
ENSG00010001780,GENE1781,131.09,71.31,91.78,64.94,95.25,75.03,93.92,77.06
ENSG00010001781,GENE1782,45.68,54.09,41.32,39.17,232.79,110.03,141.81,138.52
ENSG00010001782,GENE1783,13.41,6.95,9.61,7.15,8.21,3.83,13.91,7.05
ENSG00010001783,GENE1784,247.16,255.02,205.08,316.62,467.00,373.14,229.43,285.49
ENSG00010001784,GENE1785,2412.07,1416.40,1210.72,1762.19,2456.64,2412.01,1804.96,1509.62
ENSG00010001785,GENE1786,116.66,126.73,112.87,96.48,404.15,441.37,578.92,469.72
ENSG00010001786,GENE1787,475.06,382.65,460.60,309.73,438.62,261.20,440.62,443.78
ENSG00010001787,GENE1788,112.00,144.38,74.73,102.36,84.11,128.77,118.37,134.69
ENSG00010001788,GENE1789,6.40,8.69,11.04,6.94,5.73,8.32,6.14,6.10
ENSG00010001789,GENE1790,128.26,128.07,97.47,120.90,119.72,86.11,122.00,125.98
ENSG00010001790,GENE1791,6.41,8.05,6.67,6.64,9.86,5.64,6.25,6.30
ENSG00010001791,GENE1792,1245.82,753.03,795.83,1426.47,1368.89,828.26,829.09,1042.43
ENSG00010001792,GENE1793,4351.26,3225.48,2723.10,4791.04,5684.50,3367.18,3927.65,3628.02
ENSG00010001793,GENE1794,1052.07,1550.53,1121.22,671.12,933.32,1712.66,1493.87,2013.64
ENSG00010001794,GENE1795,25.73,29.82,22.18,29.65,139.55,105.98,89.24,99.47
ENSG00010001795,GENE1796,30.37,23.81,24.14,25.83,26.87,24.84,24.57,22.10
ENSG00010001796,GENE1797,5.96,7.34,6.87,9.15,6.36,7.90,6.62,7.47
ENSG00010001797,GENE1798,60.91,83.51,67.33,45.37,39.88,55.89,75.15,51.80
ENSG00010001798,GENE1799,210.74,168.34,171.91,246.11,19.63,21.19,26.12,25.25
ENSG00010001799,GENE1800,138.87,154.00,153.14,152.12,108.13,97.21,126.89,128.94
ENSG00010001800,GENE1801,1183.64,834.74,1172.43,1715.16,1939.37,1308.90,1073.09,893.88
ENSG00010001801,GENE1802,30.82,20.09,16.81,19.57,20.04,27.55,16.61,17.35
ENSG00010001802,GENE1803,231.68,255.75,297.79,306.30,766.02,537.19,547.66,480.41
ENSG00010001803,GENE1804,2399.68,1340.60,2099.34,1438.94,3139.44,1843.88,2356.05,1951.55
ENSG00010001804,GENE1805,84.62,130.69,90.49,184.82,73.90,97.46,133.97,127.60
ENSG00010001805,GENE1806,1208.54,832.58,1177.34,1189.09,1199.65,1867.81,1002.68,1079.42
ENSG00010001806,GENE1807,187.77,164.60,270.50,152.83,142.57,211.84,192.27,194.46
ENSG00010001807,GENE1808,251.76,437.73,375.20,338.71,107.61,107.40,134.64,130.08
ENSG00010001808,GENE1809,5.21,7.37,4.73,4.74,7.03,5.75,4.98,3.42
ENSG00010001809,GENE1810,20.13,14.40,15.95,11.77,16.88,10.85,21.27,13.49
ENSG00010001810,GENE1811,5.98,7.08,3.88,5.27,5.11,5.97,7.28,5.14
ENSG00010001811,GENE1812,1060.22,1814.49,882.82,1757.28,1191.61,1699.58,1550.63,1442.63
ENSG00010001812,GENE1813,8.65,8.82,9.84,12.05,9.52,10.71,6.70,8.02
ENSG00010001813,GENE1814,9.65,10.30,7.24,5.96,9.03,7.89,6.50,10.84
ENSG00010001814,GENE1815,139.12,166.41,154.75,134.84,145.82,148.31,106.84,78.70
ENSG00010001815,GENE1816,2.57,4.81,3.47,7.13,5.46,4.91,5.86,4.85
ENSG00010001816,GENE1817,467.95,656.05,610.14,482.52,894.40,1581.51,1036.83,944.46
ENSG00010001817,GENE1818,1235.81,1535.58,1193.97,1843.86,5216.78,3344.28,4597.82,3372.46
ENSG00010001818,GENE1819,1825.64,1765.50,1413.00,1269.85,1411.16,1491.37,2146.03,2352.99
ENSG00010001819,GENE1820,4245.28,4865.28,4463.50,5207.51,3089.35,4658.97,2561.93,3497.51
ENSG00010001820,GENE1821,139.75,227.35,167.55,160.09,181.09,205.70,210.14,180.17
ENSG00010001821,GENE1822,1005.28,673.31,572.21,1133.21,745.41,935.70,621.93,690.79
ENSG00010001822,GENE1823,2182.91,2001.51,2636.83,2573.40,2777.42,2644.60,2398.52,1941.96
ENSG00010001823,GENE1824,586.83,560.12,277.27,554.11,676.85,1075.76,616.59,427.54
ENSG00010001824,GENE1825,60.71,102.69,89.31,88.10,108.92,84.04,84.25,101.27
ENSG00010001825,GENE1826,42.68,53.03,32.98,47.25,51.25,51.98,60.94,45.09
ENSG00010001826,GENE1827,10.98,14.44,12.00,9.43,16.64,11.03,13.13,14.57
ENSG00010001827,GENE1828,174.42,200.98,175.18,154.73,1596.50,2247.01,1912.02,2268.86
ENSG00010001828,GENE1829,26.70,31.81,31.83,30.48,16.79,31.20,20.96,30.48
ENSG00010001829,GENE1830,484.23,427.64,320.07,513.34,422.56,521.56,165.08,291.59
ENSG00010001830,GENE1831,6.60,6.66,6.87,12.11,14.42,8.17,8.24,7.37
ENSG00010001831,GENE1832,48.68,56.44,59.49,57.18,69.26,83.67,53.55,54.90
ENSG00010001832,GENE1833,4.37,5.33,7.82,4.41,5.29,4.76,4.52,6.80
ENSG00010001833,GENE1834,422.66,326.02,472.26,415.70,369.79,461.19,435.05,572.07
ENSG00010001834,GENE1835,791.21,528.33,478.51,648.82,741.33,371.59,756.73,549.82
ENSG00010001835,GENE1836,529.38,330.98,726.58,679.22,341.07,575.84,361.77,544.72
ENSG00010001836,GENE1837,20.67,20.70,22.17,18.12,291.48,245.11,192.75,187.69
ENSG00010001837,GENE1838,12.63,17.65,25.73,25.22,17.15,26.75,22.36,15.55
ENSG00010001838,GENE1839,75.67,73.69,44.28,62.28,54.89,47.30,62.50,47.11
ENSG00010001839,GENE1840,755.03,1013.63,869.62,1083.86,924.10,806.16,769.28,1250.40
ENSG00010001840,GENE1841,13.20,10.09,8.17,16.02,14.18,13.45,20.93,13.67
ENSG00010001841,GENE1842,79.84,52.84,101.88,74.21,69.25,111.18,78.50,92.31
ENSG00010001842,GENE1843,16.91,13.04,17.98,20.51,17.62,13.59,22.50,10.33
ENSG00010001843,GENE1844,6.18,4.88,4.44,6.82,6.99,7.07,4.06,4.71
ENSG00010001844,GENE1845,17.97,14.99,18.50,16.04,21.39,14.88,26.24,19.82
ENSG00010001845,GENE1846,1664.30,1500.95,1687.44,1103.16,2797.79,2084.92,1727.88,2470.65
ENSG00010001846,GENE1847,3.77,6.12,5.25,5.18,7.56,6.54,7.08,5.45
ENSG00010001847,GENE1848,762.85,782.27,536.67,1819.07,1177.70,916.85,924.36,906.61
ENSG00010001848,GENE1849,24.00,32.56,43.99,28.41,20.38,17.36,25.15,28.41
ENSG00010001849,GENE1850,16.17,16.16,14.84,14.18,75.21,96.68,75.50,66.35
ENSG00010001850,GENE1851,274.17,219.79,358.95,297.58,306.38,250.69,275.25,303.51
ENSG00010001851,GENE1852,6.84,3.60,7.07,6.98,3.84,4.16,3.90,5.76
ENSG00010001852,GENE1853,552.24,491.92,502.38,381.91,868.13,573.16,481.07,415.75
ENSG00010001853,GENE1854,710.94,646.10,839.08,849.52,581.25,536.45,851.64,725.08
ENSG00010001854,GENE1855,2084.99,1194.94,1439.33,2377.14,1873.33,2082.40,2534.45,1895.01
ENSG00010001855,GENE1856,24.32,13.75,16.92,23.08,17.33,15.39,25.11,18.89
ENSG00010001856,GENE1857,417.98,446.70,480.51,379.54,699.50,417.28,501.79,640.34
ENSG00010001857,GENE1858,683.89,1215.60,1691.05,1460.65,2967.82,4854.98,4397.49,4836.05
ENSG00010001858,GENE1859,2408.67,2340.03,2567.03,2633.79,9802.03,5687.08,8143.28,10523.62
ENSG00010001859,GENE1860,4.96,4.11,2.78,4.70,4.58,4.05,4.59,4.37
ENSG00010001860,GENE1861,1284.62,1576.03,1073.39,926.26,1434.38,773.77,2045.31,1425.45
ENSG00010001861,GENE1862,14.55,12.46,9.82,8.81,11.30,7.36,18.28,19.29
ENSG00010001862,GENE1863,101.75,73.88,77.46,84.80,93.90,91.47,47.12,68.82
ENSG00010001863,GENE1864,25.97,22.05,21.47,26.33,65.43,55.54,74.15,55.54
ENSG00010001864,GENE1865,656.11,803.65,523.73,703.82,359.16,652.75,915.05,578.35
ENSG00010001865,GENE1866,9.48,6.89,7.21,10.03,28.11,26.24,25.16,36.49
ENSG00010001866,GENE1867,4.71,4.58,3.54,3.04,4.39,4.98,3.40,5.09
ENSG00010001867,GENE1868,172.74,133.96,120.23,134.59,155.87,175.86,106.77,130.38
ENSG00010001868,GENE1869,1710.34,2800.39,2647.11,1770.08,1245.77,1850.60,2778.75,1741.13
ENSG00010001869,GENE1870,2159.06,1660.67,2479.99,1332.55,2602.68,1126.69,1754.61,1101.52
ENSG00010001870,GENE1871,2599.81,1765.01,2290.85,2789.91,3603.11,2513.83,2355.43,3251.59
ENSG00010001871,GENE1872,23.44,24.89,23.76,14.25,20.55,17.80,18.67,35.42
ENSG00010001872,GENE1873,471.56,737.94,934.04,770.66,652.38,648.81,748.72,675.02
ENSG00010001873,GENE1874,18.93,24.22,22.51,32.00,25.80,27.74,25.60,21.20
ENSG00010001874,GENE1875,6.94,5.04,6.88,7.20,7.84,6.62,6.58,7.23
ENSG00010001875,GENE1876,741.74,470.08,782.30,1111.86,927.53,1614.40,1064.45,704.25
ENSG00010001876,GENE1877,2839.06,3192.67,2969.71,3180.78,451.08,230.50,356.69,250.19
ENSG00010001877,GENE1878,37.35,58.92,28.75,43.29,54.14,58.08,35.74,31.48
ENSG00010001878,GENE1879,50.76,137.13,49.04,77.99,48.94,62.78,66.54,74.33
ENSG00010001879,GENE1880,220.74,221.00,230.31,231.42,174.78,169.25,188.64,235.63
ENSG00010001880,GENE1881,89.17,84.65,87.04,62.07,58.49,62.56,50.48,69.07
ENSG00010001881,GENE1882,818.88,858.33,1064.49,923.16,738.54,656.21,1094.10,1371.11
ENSG00010001882,GENE1883,90.54,76.63,83.46,106.50,91.02,56.04,56.75,61.19
ENSG00010001883,GENE1884,195.85,145.04,256.21,134.94,272.78,198.52,228.20,162.92
ENSG00010001884,GENE1885,217.40,190.23,169.56,167.30,327.93,221.21,203.87,184.24
ENSG00010001885,GENE1886,59.87,44.27,63.25,37.67,62.69,32.69,41.15,49.14
ENSG00010001886,GENE1887,6.39,4.64,5.90,8.35,3.19,4.13,1.80,3.09
ENSG00010001887,GENE1888,109.19,106.73,124.80,115.82,104.75,146.64,106.76,102.70
ENSG00010001888,GENE1889,599.30,624.15,436.19,477.82,543.92,646.52,511.43,450.71
ENSG00010001889,GENE1890,9.16,11.48,7.11,11.73,6.37,11.44,8.77,9.47
ENSG00010001890,GENE1891,1047.24,641.12,577.76,1063.98,91.77,84.82,117.96,92.57
ENSG00010001891,GENE1892,189.27,224.89,126.90,138.39,156.18,219.39,237.41,183.57
ENSG00010001892,GENE1893,50.84,33.03,25.54,66.58,40.44,33.79,46.07,36.32
ENSG00010001893,GENE1894,123.27,140.13,151.99,147.03,160.23,130.47,123.14,144.39
ENSG00010001894,GENE1895,4226.69,3507.79,4513.48,4404.10,3995.35,3656.40,4249.63,4165.49
ENSG00010001895,GENE1896,47.44,33.92,48.93,40.60,42.83,38.65,53.93,43.35
ENSG00010001896,GENE1897,673.02,443.58,338.96,633.65,3409.11,3911.48,2016.77,2468.72
ENSG00010001897,GENE1898,6.11,11.85,7.57,8.09,8.25,8.15,5.75,8.52
ENSG00010001898,GENE1899,2597.46,3276.78,3723.84,2634.88,3083.77,2523.10,3043.65,3311.99
ENSG00010001899,GENE1900,134.82,113.76,149.13,112.17,406.99,454.70,373.41,389.85
ENSG00010001900,GENE1901,15.60,11.57,8.17,10.25,9.69,10.35,11.37,10.96
ENSG00010001901,GENE1902,1757.77,1570.64,1606.24,1415.29,813.70,706.03,769.72,1002.95
ENSG00010001902,GENE1903,108.88,108.40,83.78,88.79,78.59,70.55,97.23,80.01
ENSG00010001903,GENE1904,4.88,4.20,3.19,2.26,4.15,4.40,2.91,5.59
ENSG00010001904,GENE1905,16.33,23.10,33.31,17.13,20.53,20.87,21.26,23.34
ENSG00010001905,GENE1906,115.23,335.44,265.31,151.43,170.95,133.85,192.81,130.35
ENSG00010001906,GENE1907,795.70,451.71,635.10,710.92,471.52,671.73,407.41,696.85
ENSG00010001907,GENE1908,21.08,14.34,26.86,20.87,14.36,13.98,15.19,17.37
ENSG00010001908,GENE1909,160.37,324.55,274.11,214.04,184.03,185.13,210.52,216.38
ENSG00010001909,GENE1910,223.18,214.52,159.66,185.18,166.74,126.58,178.40,146.02
ENSG00010001910,GENE1911,45.83,50.76,38.43,63.34,53.47,60.35,67.16,74.55
ENSG00010001911,GENE1912,2669.67,3963.31,2084.27,3066.81,3115.05,3249.28,2411.43,2263.31
ENSG00010001912,GENE1913,21.13,24.97,15.84,57.62,30.87,27.34,33.63,29.36
ENSG00010001913,GENE1914,4.93,3.79,4.16,4.92,6.65,6.00,3.93,5.22
ENSG00010001914,GENE1915,666.75,651.61,839.42,597.58,551.84,690.69,666.04,837.93
ENSG00010001915,GENE1916,3168.60,2995.39,1884.45,4260.10,2621.58,1992.40,2399.30,2617.85
ENSG00010001916,GENE1917,50.58,72.83,68.47,46.37,48.21,57.24,45.23,69.88
ENSG00010001917,GENE1918,339.87,610.18,312.18,472.09,469.17,447.91,431.48,599.91
ENSG00010001918,GENE1919,2980.57,2458.99,1925.82,3158.41,4676.76,4482.23,4189.81,5358.54
ENSG00010001919,GENE1920,14.41,18.53,11.01,21.86,13.04,10.58,10.58,14.35
ENSG00010001920,GENE1921,7.88,13.61,6.69,11.41,13.45,13.23,11.36,10.36
ENSG00010001921,GENE1922,176.42,144.09,176.67,140.65,115.81,92.18,185.86,155.50
ENSG00010001922,GENE1923,267.53,404.42,306.70,485.16,2296.85,1779.81,1568.97,2218.34
ENSG00010001923,GENE1924,1506.33,1582.91,2169.18,944.42,1010.50,1637.05,1659.91,1284.87
ENSG00010001924,GENE1925,2488.68,1806.37,2295.29,2022.81,16191.33,26870.93,24774.70,18360.56
ENSG00010001925,GENE1926,47.64,38.78,37.88,37.24,46.52,34.63,45.39,33.97
ENSG00010001926,GENE1927,142.12,152.37,102.37,127.26,105.26,119.21,157.89,144.72
ENSG00010001927,GENE1928,335.43,254.77,322.86,420.01,72.95,75.96,64.25,63.63
ENSG00010001928,GENE1929,165.96,115.12,129.91,105.86,132.53,114.50,78.99,100.48
ENSG00010001929,GENE1930,1724.60,1983.17,2613.62,2051.29,278.05,518.79,525.32,452.78
ENSG00010001930,GENE1931,427.44,334.72,569.22,298.48,451.26,304.50,300.39,408.16
ENSG00010001931,GENE1932,502.41,226.39,391.18,271.81,251.53,280.97,312.39,326.53
ENSG00010001932,GENE1933,36.58,28.89,24.94,60.97,49.52,42.82,53.00,61.26
ENSG00010001933,GENE1934,2347.31,2009.33,1966.96,1920.27,1614.49,2150.68,1766.73,2112.24
ENSG00010001934,GENE1935,2503.58,2590.28,2768.20,2191.98,1752.62,1912.86,1592.38,2355.82
ENSG00010001935,GENE1936,228.69,157.19,275.37,208.55,25.58,21.21,20.57,27.87
ENSG00010001936,GENE1937,42.16,61.24,42.00,33.18,45.52,29.23,30.19,55.01
ENSG00010001937,GENE1938,6.59,4.48,4.83,4.90,4.53,3.57,3.58,3.78
ENSG00010001938,GENE1939,30.37,38.26,19.07,44.59,12.20,6.22,7.59,9.15
ENSG00010001939,GENE1940,975.48,603.40,521.95,984.09,635.82,604.29,822.16,903.03
ENSG00010001940,GENE1941,1246.53,1250.71,1177.28,823.06,110.93,96.19,155.74,129.76
ENSG00010001941,GENE1942,22.51,14.45,20.38,23.37,18.99,23.11,27.75,20.50
ENSG00010001942,GENE1943,67.12,58.45,78.44,61.99,69.45,60.46,96.19,101.67
ENSG00010001943,GENE1944,9.36,8.42,5.12,6.09,0.93,1.35,1.27,0.91
ENSG00010001944,GENE1945,13.05,12.18,13.01,15.19,9.89,18.84,11.73,11.20
ENSG00010001945,GENE1946,7.01,7.53,6.99,6.12,5.81,5.98,5.09,7.54
ENSG00010001946,GENE1947,7.29,4.73,13.41,8.62,8.82,5.16,3.98,11.13
ENSG00010001947,GENE1948,672.24,661.55,375.55,474.47,881.05,619.34,385.10,824.00
ENSG00010001948,GENE1949,19.99,19.80,25.32,28.66,24.11,21.17,21.71,25.75
ENSG00010001949,GENE1950,464.33,372.62,362.20,432.56,1561.49,2428.16,3126.46,2200.13
ENSG00010001950,GENE1951,5.19,3.87,4.54,6.01,8.22,5.44,9.16,5.22
ENSG00010001951,GENE1952,3033.61,2673.94,1795.94,3530.44,2072.02,2669.22,1762.37,3282.49
ENSG00010001952,GENE1953,16.48,19.12,34.92,18.28,28.57,22.26,21.84,33.65
ENSG00010001953,GENE1954,4.58,4.97,4.67,5.62,8.66,5.03,4.93,7.77
ENSG00010001954,GENE1955,77.39,64.08,90.11,66.96,87.67,40.84,80.58,39.69
ENSG00010001955,GENE1956,957.32,641.37,728.08,552.46,590.55,649.76,645.18,304.59
ENSG00010001956,GENE1957,74.95,91.04,66.62,110.12,21.59,26.04,23.44,19.28
ENSG00010001957,GENE1958,54.76,79.59,56.93,56.33,86.70,54.27,94.53,50.72
ENSG00010001958,GENE1959,176.31,152.47,109.02,182.40,56.30,47.50,75.69,68.73
ENSG00010001959,GENE1960,6.54,7.40,4.04,6.67,4.17,5.70,3.89,3.71
ENSG00010001960,GENE1961,399.84,267.59,363.15,448.69,288.41,431.25,399.74,399.54
ENSG00010001961,GENE1962,38.37,28.63,34.73,28.18,24.98,41.67,28.62,26.57
ENSG00010001962,GENE1963,1879.42,3089.60,2129.38,1936.30,1818.23,2845.40,1875.96,1901.46
ENSG00010001963,GENE1964,15.01,12.89,19.93,19.83,87.93,89.47,77.82,79.36
ENSG00010001964,GENE1965,1464.08,2802.88,1977.85,2004.83,776.22,651.50,498.35,511.21
ENSG00010001965,GENE1966,11.49,8.84,6.35,9.05,7.71,6.34,9.43,10.56
ENSG00010001966,GENE1967,250.75,392.97,329.47,400.70,312.50,307.21,252.88,336.78
ENSG00010001967,GENE1968,9.15,9.70,6.80,6.67,7.63,11.24,7.70,7.33
ENSG00010001968,GENE1969,310.23,371.07,373.08,341.12,265.26,395.60,325.21,398.59
ENSG00010001969,GENE1970,6.20,8.22,6.92,10.56,8.86,7.84,7.66,6.20
ENSG00010001970,GENE1971,2218.44,1713.44,2244.84,1407.48,1194.60,2475.72,2411.52,1014.85
ENSG00010001971,GENE1972,35.42,48.03,76.39,60.98,46.40,42.30,57.26,57.03
ENSG00010001972,GENE1973,358.11,332.65,320.70,310.11,316.84,394.83,491.26,364.06
ENSG00010001973,GENE1974,87.20,127.77,48.12,78.59,66.85,111.84,68.94,96.18
ENSG00010001974,GENE1975,124.57,115.21,81.79,89.50,114.93,130.04,106.07,124.29
ENSG00010001975,GENE1976,12.46,23.20,17.66,18.39,11.97,9.64,18.34,14.98
ENSG00010001976,GENE1977,16.64,30.31,21.89,29.39,19.99,25.72,23.83,17.13
ENSG00010001977,GENE1978,44.83,54.43,63.42,36.58,54.62,49.13,50.84,59.20
ENSG00010001978,GENE1979,1781.95,1915.85,2882.52,4558.35,2753.26,3148.00,3588.21,3636.58
ENSG00010001979,GENE1980,65.69,75.37,55.56,56.16,81.95,61.89,83.90,76.44
ENSG00010001980,GENE1981,8.39,10.96,6.76,4.90,14.63,7.89,7.49,10.58
ENSG00010001981,GENE1982,36.54,64.63,39.92,60.08,52.69,37.13,68.24,58.69
ENSG00010001982,GENE1983,19.76,11.12,15.56,11.80,18.97,12.04,13.46,11.73
ENSG00010001983,GENE1984,811.89,735.47,573.09,683.06,416.81,664.25,619.53,596.94
ENSG00010001984,GENE1985,47.70,81.16,71.05,58.95,61.80,78.35,56.64,77.28
ENSG00010001985,GENE1986,882.66,1565.76,866.64,1107.33,774.78,1212.65,1024.19,1391.11
ENSG00010001986,GENE1987,17.66,27.15,23.20,29.18,17.29,18.55,20.43,10.98
ENSG00010001987,GENE1988,23.85,28.48,21.31,23.76,17.41,14.80,18.99,15.40
ENSG00010001988,GENE1989,4091.15,4033.88,3452.16,4283.49,3568.39,4435.24,2127.17,4027.39
ENSG00010001989,GENE1990,2250.76,3627.57,2062.81,3405.20,2945.89,2351.33,2325.12,2757.34
ENSG00010001990,GENE1991,518.09,539.23,846.34,790.63,672.61,655.90,702.38,587.07
ENSG00010001991,GENE1992,3511.13,5449.30,2620.18,2054.32,2994.56,2244.73,4490.59,2862.90
ENSG00010001992,GENE1993,124.13,114.18,106.47,113.03,18.92,22.62,18.86,28.12
ENSG00010001993,GENE1994,1731.39,1911.90,1161.31,2122.51,1057.11,1579.25,1802.43,1005.83
ENSG00010001994,GENE1995,276.61,302.25,312.40,309.12,751.84,529.13,514.38,535.77
ENSG00010001995,GENE1996,207.66,250.75,250.85,187.16,179.62,166.63,215.78,174.13
ENSG00010001996,GENE1997,1082.12,1053.22,712.90,1055.32,746.82,932.26,1074.47,1172.28
ENSG00010001997,GENE1998,20.41,29.56,40.93,33.31,29.22,33.39,22.52,32.21
ENSG00010001998,GENE1999,11.03,9.13,10.39,13.55,11.63,8.18,12.05,13.97
ENSG00010001999,GENE2000,1141.70,674.11,785.94,568.70,664.83,516.85,937.87,1225.80
ENSG00010002000,GENE2001,29.96,36.48,40.00,29.77,27.44,56.29,49.66,34.25
ENSG00010002001,GENE2002,868.91,754.86,754.90,1035.43,901.56,1059.61,818.12,853.50
ENSG00010002002,GENE2003,1788.48,2070.94,2151.34,2095.45,2333.28,1488.39,2250.96,2765.62
ENSG00010002003,GENE2004,27.94,25.16,18.84,24.39,20.31,28.20,21.02,24.84
ENSG00010002004,GENE2005,1041.01,1422.72,1411.92,2966.71,1460.06,1562.89,1372.52,1225.26
ENSG00010002005,GENE2006,10.47,13.39,18.20,7.16,10.19,11.33,9.98,9.88
ENSG00010002006,GENE2007,1119.62,789.84,1074.57,777.43,606.77,694.56,1047.52,579.09
ENSG00010002007,GENE2008,2225.04,1722.13,1854.82,955.17,1799.99,1793.52,2186.49,2017.37
ENSG00010002008,GENE2009,25.83,19.88,34.09,32.91,38.55,28.95,26.58,36.89
ENSG00010002009,GENE2010,5.33,4.21,4.72,5.62,5.07,7.76,4.56,4.92
ENSG00010002010,GENE2011,1853.87,3421.89,2768.04,2467.02,3872.54,2407.00,2827.46,2471.71
ENSG00010002011,GENE2012,4615.24,2594.03,3916.75,3132.90,4566.88,2688.46,2475.48,4137.60
ENSG00010002012,GENE2013,119.09,188.77,132.72,110.11,107.60,120.45,131.53,122.92
ENSG00010002013,GENE2014,405.76,391.83,389.23,486.40,300.98,277.39,363.95,183.53
ENSG00010002014,GENE2015,235.92,180.20,195.12,157.48,203.80,172.19,168.67,172.95
ENSG00010002015,GENE2016,97.47,66.66,92.21,112.73,84.64,57.22,108.53,112.62
ENSG00010002016,GENE2017,1561.84,1501.82,1261.08,1227.94,1175.50,1460.86,838.58,1431.15
ENSG00010002017,GENE2018,7.56,6.04,7.43,6.11,41.46,17.68,14.27,37.09
ENSG00010002018,GENE2019,2257.00,2215.66,3058.70,1571.34,2014.50,2730.67,2295.60,2350.81
ENSG00010002019,GENE2020,1270.76,1265.20,1816.33,1908.40,1284.53,1090.79,1345.24,2014.36
ENSG00010002020,GENE2021,221.47,304.16,225.98,208.77,223.09,242.70,253.53,290.62
ENSG00010002021,GENE2022,135.56,99.85,151.38,185.47,125.63,118.37,167.66,154.66
ENSG00010002022,GENE2023,473.58,592.16,812.83,810.89,703.71,421.37,880.17,449.71
ENSG00010002023,GENE2024,1877.72,1000.86,1262.08,860.36,1620.70,1672.25,1003.28,1167.41
ENSG00010002024,GENE2025,29.84,14.83,24.45,15.30,18.03,16.96,20.09,21.33
ENSG00010002025,GENE2026,49.56,37.32,46.48,42.68,13.81,9.68,12.77,9.92
ENSG00010002026,GENE2027,13.89,20.04,23.32,35.53,20.92,31.44,17.92,17.31
ENSG00010002027,GENE2028,24.10,21.44,35.40,32.38,22.47,34.30,42.31,39.63
ENSG00010002028,GENE2029,6.06,6.03,9.75,9.45,6.86,5.83,5.96,5.95
ENSG00010002029,GENE2030,11.15,9.02,9.65,9.64,6.79,6.25,7.92,10.80
ENSG00010002030,GENE2031,174.96,207.33,220.04,216.53,136.28,126.22,70.88,92.00
ENSG00010002031,GENE2032,9.59,13.39,7.68,8.54,8.37,15.08,14.29,9.23
ENSG00010002032,GENE2033,555.60,691.64,637.02,688.57,586.67,543.43,464.64,547.31
ENSG00010002033,GENE2034,13.28,15.59,17.21,10.43,21.30,13.60,19.19,14.14
ENSG00010002034,GENE2035,12.53,9.04,12.37,18.78,12.43,14.73,17.12,11.84
ENSG00010002035,GENE2036,39.72,19.49,32.32,36.69,42.83,27.61,45.45,43.32
ENSG00010002036,GENE2037,10.07,6.88,8.74,6.64,11.54,7.87,11.60,8.03
ENSG00010002037,GENE2038,212.56,169.19,227.43,206.81,259.28,285.27,215.65,258.10
ENSG00010002038,GENE2039,830.16,1507.71,716.92,975.02,871.01,1112.37,929.90,1935.94
ENSG00010002039,GENE2040,72.75,66.43,60.38,73.48,49.33,92.09,72.43,97.06
ENSG00010002040,GENE2041,707.18,715.38,801.22,772.72,668.01,596.18,934.26,618.18
ENSG00010002041,GENE2042,3.24,6.53,4.30,3.62,6.41,5.29,4.00,5.50
ENSG00010002042,GENE2043,1541.63,1389.26,1834.56,1578.68,1613.97,897.17,1700.74,1236.93
ENSG00010002043,GENE2044,133.76,63.18,121.05,102.26,100.24,114.62,71.19,105.10
ENSG00010002044,GENE2045,1606.79,1633.47,2251.10,2228.47,1805.94,2440.82,2239.97,1396.28
ENSG00010002045,GENE2046,82.13,83.84,99.37,118.40,90.01,83.25,107.15,79.58
ENSG00010002046,GENE2047,1246.43,1372.37,2252.08,2672.13,2353.74,1943.83,1734.55,1612.44
ENSG00010002047,GENE2048,15.03,12.45,17.04,8.80,16.94,16.26,8.38,14.69
ENSG00010002048,GENE2049,6.59,5.35,5.53,6.75,7.57,4.86,5.55,5.46
ENSG00010002049,GENE2050,18.09,24.30,23.71,30.04,40.35,23.15,31.65,17.36
ENSG00010002050,GENE2051,1020.84,437.62,644.27,502.90,591.40,1070.09,329.13,452.66
ENSG00010002051,GENE2052,301.68,250.25,190.55,290.97,400.64,397.12,270.69,239.58
ENSG00010002052,GENE2053,573.80,498.03,361.70,351.34,393.90,443.83,462.39,436.84
ENSG00010002053,GENE2054,33.65,46.23,32.90,35.42,23.07,43.60,31.36,34.74
ENSG00010002054,GENE2055,23.09,17.46,22.81,26.41,26.95,25.68,39.85,20.50
ENSG00010002055,GENE2056,32.46,37.24,41.42,34.31,39.52,30.42,34.93,44.66
ENSG00010002056,GENE2057,1503.49,975.35,1341.95,1392.29,830.87,1244.90,1195.29,1154.45
ENSG00010002057,GENE2058,27.70,18.32,25.91,24.87,167.67,139.42,185.82,113.49
ENSG00010002058,GENE2059,4826.74,2551.04,3473.46,4669.59,3573.83,3502.54,2205.60,2373.68
ENSG00010002059,GENE2060,45.42,30.78,38.45,32.49,65.67,41.64,40.43,44.09
ENSG00010002060,GENE2061,190.01,229.79,214.76,126.82,160.67,150.63,253.42,206.98
ENSG00010002061,GENE2062,921.89,976.32,641.49,759.75,280.58,302.15,435.54,343.84
ENSG00010002062,GENE2063,9.00,6.30,8.16,8.09,15.39,8.44,11.54,7.92
ENSG00010002063,GENE2064,130.46,130.31,160.11,81.97,124.49,133.60,131.21,102.66
ENSG00010002064,GENE2065,231.79,151.08,415.55,195.21,245.21,175.63,209.38,272.30
ENSG00010002065,GENE2066,596.40,421.16,499.37,272.95,275.12,390.63,502.99,343.94
ENSG00010002066,GENE2067,40.06,34.50,18.29,39.72,25.56,40.30,37.43,25.79
ENSG00010002067,GENE2068,9.58,10.82,10.44,9.10,14.00,7.28,7.71,8.67
ENSG00010002068,GENE2069,1801.05,1672.81,1177.99,1925.58,2397.23,1602.69,852.33,1420.15
ENSG00010002069,GENE2070,2830.99,3162.18,2971.28,5857.68,2584.01,2894.21,3952.99,3234.50
ENSG00010002070,GENE2071,171.32,218.04,194.26,147.88,130.03,207.88,143.61,142.34
ENSG00010002071,GENE2072,39.37,31.94,28.66,34.79,209.43,238.05,274.55,280.84
ENSG00010002072,GENE2073,186.13,129.01,119.70,126.15,191.12,127.67,202.21,157.28
ENSG00010002073,GENE2074,5.70,5.81,7.82,6.14,5.45,4.55,3.69,3.15
ENSG00010002074,GENE2075,4.62,4.61,2.91,5.39,2.87,5.15,3.81,7.67
ENSG00010002075,GENE2076,92.45,73.98,91.19,85.37,80.77,69.38,121.43,92.43
ENSG00010002076,GENE2077,6.81,6.97,6.31,4.43,8.73,6.96,5.31,4.75
ENSG00010002077,GENE2078,412.68,301.03,515.76,374.59,451.37,605.55,541.62,656.94
ENSG00010002078,GENE2079,1803.97,1658.41,1876.11,1359.29,1245.18,1295.22,1652.05,1204.48
ENSG00010002079,GENE2080,1240.61,1312.76,1114.37,1669.56,1960.35,2195.05,1254.61,1637.21
ENSG00010002080,GENE2081,78.31,75.26,49.20,52.67,79.78,55.86,95.68,83.38
ENSG00010002081,GENE2082,5.03,7.12,7.37,5.94,3.23,6.63,5.29,9.63
ENSG00010002082,GENE2083,22.03,12.60,18.77,18.04,9.66,13.26,13.57,14.42
ENSG00010002083,GENE2084,414.28,504.87,266.94,299.46,286.55,271.76,221.31,268.25
ENSG00010002084,GENE2085,45.31,69.45,44.41,33.20,39.08,37.24,35.26,26.27
ENSG00010002085,GENE2086,555.47,409.54,525.38,481.46,458.39,409.05,407.56,408.47
ENSG00010002086,GENE2087,19.33,11.83,19.89,17.76,16.01,11.86,14.47,12.14
ENSG00010002087,GENE2088,252.60,309.56,334.61,722.02,383.90,553.71,463.57,421.61
ENSG00010002088,GENE2089,8.21,10.52,12.37,9.83,9.72,9.81,8.65,5.36
ENSG00010002089,GENE2090,841.99,1025.26,665.37,648.26,718.03,557.57,817.18,935.35
ENSG00010002090,GENE2091,121.32,83.93,162.25,122.49,119.09,148.25,110.24,140.84
ENSG00010002091,GENE2092,533.97,1184.97,1119.79,689.65,794.87,812.03,563.03,746.70
ENSG00010002092,GENE2093,4354.90,4968.35,4340.79,6802.82,4048.61,3324.05,4678.19,4036.10
ENSG00010002093,GENE2094,1498.70,1231.58,527.89,873.93,670.80,719.04,1237.70,1105.63
ENSG00010002094,GENE2095,47.10,41.67,50.25,32.06,36.57,44.37,40.87,48.23
ENSG00010002095,GENE2096,11.52,4.78,12.43,4.72,7.84,6.59,8.15,7.43
ENSG00010002096,GENE2097,478.65,415.58,504.62,412.65,1016.57,1047.72,1076.37,658.97
ENSG00010002097,GENE2098,8.60,8.51,8.02,10.65,8.44,9.18,12.92,15.27
ENSG00010002098,GENE2099,108.01,93.83,114.64,109.59,83.55,107.45,80.21,122.33
ENSG00010002099,GENE2100,9.24,5.22,5.69,5.49,7.47,5.61,6.76,6.05
ENSG00010002100,GENE2101,12.13,17.20,15.50,14.98,12.07,15.58,12.35,15.62
ENSG00010002101,GENE2102,120.48,59.77,171.09,110.92,121.01,142.05,135.70,92.50
ENSG00010002102,GENE2103,46.42,67.06,38.61,34.47,53.01,57.44,35.31,52.70
ENSG00010002103,GENE2104,145.28,140.41,81.08,110.62,126.56,120.62,131.00,101.10
ENSG00010002104,GENE2105,33.31,34.06,28.54,30.05,44.14,22.28,27.57,25.99
ENSG00010002105,GENE2106,47.99,67.16,90.15,76.79,60.96,72.30,69.65,97.57
ENSG00010002106,GENE2107,15.17,23.50,18.32,18.62,19.30,11.98,17.52,17.09
ENSG00010002107,GENE2108,4416.57,4325.17,2334.51,4360.03,2152.41,3082.52,3937.98,2365.76
ENSG00010002108,GENE2109,15.75,8.23,12.90,12.73,3.50,3.23,2.51,3.79
ENSG00010002109,GENE2110,197.11,259.58,222.71,215.10,788.45,1174.54,719.89,713.90
ENSG00010002110,GENE2111,4.49,5.94,4.79,5.80,9.09,6.63,5.30,4.02
ENSG00010002111,GENE2112,33.12,22.83,35.81,34.01,103.40,104.21,56.80,95.07
ENSG00010002112,GENE2113,914.94,1048.66,1438.28,955.10,1012.61,911.43,1270.60,855.18
ENSG00010002113,GENE2114,353.07,269.25,212.06,257.02,271.35,227.21,275.29,248.28
ENSG00010002114,GENE2115,911.25,711.62,689.87,832.38,670.71,921.47,768.06,1452.81
ENSG00010002115,GENE2116,2917.77,2669.34,2658.16,4403.89,2139.45,1752.63,1948.05,2263.91
ENSG00010002116,GENE2117,386.77,270.53,306.92,181.14,372.51,480.82,245.69,379.42
ENSG00010002117,GENE2118,1550.29,995.39,1459.13,1980.48,1337.83,1337.51,1393.97,1332.40
ENSG00010002118,GENE2119,7.31,8.35,5.35,5.93,7.91,6.80,3.86,5.41
ENSG00010002119,GENE2120,9.52,8.43,14.40,11.91,8.96,10.19,8.33,13.20
ENSG00010002120,GENE2121,253.16,312.34,262.82,545.13,343.40,297.29,456.02,277.55
ENSG00010002121,GENE2122,44.33,107.20,78.40,63.75,64.44,73.68,81.78,72.86
ENSG00010002122,GENE2123,22.97,29.35,32.27,31.82,33.93,44.88,28.29,23.66
ENSG00010002123,GENE2124,6.58,5.85,3.85,5.47,5.96,4.12,9.13,6.03
ENSG00010002124,GENE2125,2735.02,3193.12,3399.95,2157.42,3340.00,2876.22,4156.38,4293.21
ENSG00010002125,GENE2126,25.53,34.14,19.41,19.79,28.68,29.88,24.13,47.80
ENSG00010002126,GENE2127,4006.82,3583.12,4124.56,3822.24,11816.97,15959.38,9539.92,17889.42
ENSG00010002127,GENE2128,34.58,34.20,9.12,34.13,30.13,36.55,24.84,32.29
ENSG00010002128,GENE2129,1048.28,648.72,1015.07,1649.68,873.42,763.86,878.44,730.31
ENSG00010002129,GENE2130,6.20,11.08,4.57,7.07,10.83,8.34,5.06,8.82
ENSG00010002130,GENE2131,1314.72,1506.54,1341.67,1811.11,2247.87,1832.03,1301.36,1485.50
ENSG00010002131,GENE2132,1910.45,1758.88,1610.15,1778.04,2988.80,2876.34,3016.91,2504.08
ENSG00010002132,GENE2133,891.81,473.80,501.20,1089.65,1042.32,705.60,709.85,823.55
ENSG00010002133,GENE2134,1449.44,1265.37,1436.46,1036.32,714.50,602.07,488.19,504.61
ENSG00010002134,GENE2135,1367.66,1297.05,3159.17,2323.86,1470.48,2061.69,1443.90,2211.63
ENSG00010002135,GENE2136,201.43,203.30,252.96,282.63,239.52,280.06,209.40,194.00
ENSG00010002136,GENE2137,8.53,13.64,11.74,11.45,12.70,16.70,9.74,11.64
ENSG00010002137,GENE2138,16.16,15.15,16.60,19.15,14.72,11.80,9.69,16.93
ENSG00010002138,GENE2139,690.47,602.77,606.75,665.13,729.39,570.58,974.65,747.47
ENSG00010002139,GENE2140,227.84,121.92,202.63,203.93,243.18,208.09,176.32,213.98
ENSG00010002140,GENE2141,57.23,60.45,71.54,95.28,79.11,114.70,88.26,92.40
ENSG00010002141,GENE2142,43.43,47.12,39.92,37.87,58.23,65.56,50.62,43.32
ENSG00010002142,GENE2143,4.93,6.48,4.66,4.88,1.83,1.52,2.03,1.14
ENSG00010002143,GENE2144,5.76,4.35,6.46,3.00,5.57,4.95,5.42,6.50
ENSG00010002144,GENE2145,846.63,955.09,1110.42,953.80,702.88,1473.38,1255.19,1681.11
ENSG00010002145,GENE2146,4.44,5.12,3.73,2.84,4.04,5.34,4.90,3.72
ENSG00010002146,GENE2147,2703.29,1203.18,1402.83,953.67,1843.08,1590.43,1297.37,1166.88
ENSG00010002147,GENE2148,2059.38,2032.60,2016.30,1964.73,1390.25,1860.52,1517.09,1566.47
ENSG00010002148,GENE2149,41.29,40.01,37.46,38.20,42.38,37.93,35.94,45.44
ENSG00010002149,GENE2150,11.48,10.25,8.19,12.41,13.41,6.54,7.89,10.04
ENSG00010002150,GENE2151,63.40,68.90,61.15,57.38,87.76,56.94,42.35,79.86
ENSG00010002151,GENE2152,218.62,235.85,171.99,114.37,140.38,137.87,219.32,166.66
ENSG00010002152,GENE2153,960.14,1620.34,1710.70,1397.97,1338.36,1127.28,1200.96,907.06
ENSG00010002153,GENE2154,5.55,7.07,5.73,8.93,6.82,5.11,6.74,8.71
ENSG00010002154,GENE2155,22.46,25.89,19.54,32.22,25.85,14.27,22.56,30.05
ENSG00010002155,GENE2156,2702.20,2280.05,2025.96,1575.90,1396.57,1954.57,1688.24,1254.60
ENSG00010002156,GENE2157,1227.99,1498.40,1072.46,1082.57,1437.89,1439.17,1347.07,1957.73
ENSG00010002157,GENE2158,241.31,349.74,163.28,265.26,313.72,231.19,363.39,293.59
ENSG00010002158,GENE2159,44.03,52.72,61.14,26.87,39.93,50.77,35.84,59.38
ENSG00010002159,GENE2160,3725.76,2594.47,3400.05,2889.19,3387.42,4394.12,4257.86,3494.76
ENSG00010002160,GENE2161,54.54,23.27,36.19,33.92,37.45,67.38,17.70,31.03
ENSG00010002161,GENE2162,33.42,43.09,39.87,55.11,53.20,35.13,40.68,33.06
ENSG00010002162,GENE2163,1011.77,754.71,921.12,1055.17,1070.88,1050.25,1148.28,1385.68
ENSG00010002163,GENE2164,19.45,19.37,14.23,11.32,12.06,19.31,12.28,22.97
ENSG00010002164,GENE2165,11.29,10.51,10.73,22.53,7.31,14.51,11.04,11.87
ENSG00010002165,GENE2166,86.05,63.48,127.18,84.45,84.46,106.10,69.09,82.10
ENSG00010002166,GENE2167,3099.22,1940.90,2445.73,1579.92,2656.61,2648.53,2758.17,3312.94
ENSG00010002167,GENE2168,16.88,20.39,24.12,20.92,20.39,12.78,18.70,23.42
ENSG00010002168,GENE2169,13.65,15.33,15.54,20.93,17.86,20.12,17.27,13.86
ENSG00010002169,GENE2170,43.37,53.42,50.50,66.48,9.52,16.24,13.31,13.71
ENSG00010002170,GENE2171,406.69,326.12,524.88,346.01,312.38,344.58,505.84,549.88
ENSG00010002171,GENE2172,7.52,7.45,5.29,7.29,8.03,6.76,7.33,12.98
ENSG00010002172,GENE2173,3853.28,3692.78,2839.80,2982.57,2930.02,2395.90,3509.26,2544.46
ENSG00010002173,GENE2174,97.46,189.06,104.01,145.86,171.99,120.35,161.35,104.64
ENSG00010002174,GENE2175,19.97,11.02,20.40,15.19,14.84,23.25,18.76,19.69
ENSG00010002175,GENE2176,53.35,26.84,53.47,44.37,43.46,83.04,53.66,76.39
ENSG00010002176,GENE2177,137.94,130.86,113.02,100.95,862.17,852.51,1006.10,1001.08
ENSG00010002177,GENE2178,143.76,94.61,104.70,183.17,133.14,147.19,104.19,130.58
ENSG00010002178,GENE2179,8.16,7.87,6.48,3.91,6.45,4.89,5.65,6.71
ENSG00010002179,GENE2180,134.69,208.49,163.77,190.19,181.02,132.81,118.58,113.02
ENSG00010002180,GENE2181,20.17,22.13,23.93,17.75,11.89,28.64,19.68,17.30
ENSG00010002181,GENE2182,216.79,173.71,211.03,182.47,142.26,176.54,117.73,191.29
ENSG00010002182,GENE2183,902.98,719.49,1097.91,886.51,1232.04,781.64,526.36,692.13
ENSG00010002183,GENE2184,4386.40,3531.42,4253.31,4495.94,3480.82,4139.02,3819.76,3566.77
ENSG00010002184,GENE2185,11.43,12.47,12.67,11.35,19.01,14.35,21.49,13.39
ENSG00010002185,GENE2186,142.47,77.38,120.89,71.47,108.25,74.89,88.01,105.37
ENSG00010002186,GENE2187,1985.98,1872.59,1644.47,1853.26,1473.59,2474.21,2377.48,2345.67
ENSG00010002187,GENE2188,58.38,33.21,47.70,35.45,38.15,47.24,40.22,79.97
ENSG00010002188,GENE2189,156.23,224.64,256.25,245.60,147.08,259.45,232.27,174.24
ENSG00010002189,GENE2190,270.07,244.05,217.03,348.21,300.77,280.00,280.40,555.84
ENSG00010002190,GENE2191,1882.13,1350.15,1068.49,1112.25,1548.92,1020.63,1044.03,1412.62
ENSG00010002191,GENE2192,282.19,432.66,301.19,239.88,433.80,283.85,663.00,278.48
ENSG00010002192,GENE2193,2982.80,2365.22,2753.04,2289.49,11690.10,9590.16,10957.71,14780.80
ENSG00010002193,GENE2194,134.74,132.66,148.57,209.57,246.58,158.04,175.94,244.13
ENSG00010002194,GENE2195,21.47,27.50,22.10,25.80,129.78,193.34,142.24,134.60
ENSG00010002195,GENE2196,46.19,78.93,58.92,43.20,62.06,67.71,45.35,53.22
ENSG00010002196,GENE2197,9.92,11.58,9.25,8.07,51.87,66.48,47.01,84.59
ENSG00010002197,GENE2198,65.01,58.50,64.18,69.98,49.77,83.46,61.66,93.90
ENSG00010002198,GENE2199,5.48,6.99,5.26,6.47,7.26,5.73,8.30,6.97
ENSG00010002199,GENE2200,5.13,8.51,7.00,5.07,6.01,4.54,3.91,6.64
ENSG00010002200,GENE2201,7.18,5.68,7.45,9.46,9.01,8.15,7.03,4.66
ENSG00010002201,GENE2202,11.52,15.39,12.37,11.01,11.95,10.52,8.04,15.79
ENSG00010002202,GENE2203,2161.71,790.29,876.40,1442.99,1576.69,1223.69,1444.66,1036.28
ENSG00010002203,GENE2204,8.65,8.92,3.57,7.79,7.10,8.91,8.11,11.00
ENSG00010002204,GENE2205,9.21,11.37,9.02,7.76,6.82,7.22,12.87,9.12
ENSG00010002205,GENE2206,10.47,9.52,8.04,7.24,9.01,6.73,8.74,7.12
ENSG00010002206,GENE2207,72.58,51.65,42.34,51.47,68.27,57.31,49.92,57.80
ENSG00010002207,GENE2208,139.65,193.47,233.26,258.74,132.68,174.67,169.69,164.06
ENSG00010002208,GENE2209,3423.02,2204.00,2013.79,2656.22,312.02,490.70,198.58,419.08
ENSG00010002209,GENE2210,901.88,2051.64,2202.99,1122.25,1361.97,1631.86,1350.50,1299.94
ENSG00010002210,GENE2211,659.16,895.65,840.56,723.30,1318.03,1137.15,862.20,1183.18
ENSG00010002211,GENE2212,212.53,177.41,278.46,227.48,200.55,175.78,217.38,191.19
ENSG00010002212,GENE2213,497.21,465.81,543.65,409.36,426.28,365.62,710.01,250.61
ENSG00010002213,GENE2214,1618.67,1340.49,2853.87,1021.69,1843.76,1681.47,2122.42,1492.24
ENSG00010002214,GENE2215,16.10,18.25,22.76,19.58,24.36,18.55,18.41,21.57
ENSG00010002215,GENE2216,609.73,201.52,345.61,357.02,255.00,256.78,136.90,258.76
ENSG00010002216,GENE2217,5.96,6.87,8.39,6.90,1.91,1.74,2.50,1.64
ENSG00010002217,GENE2218,55.95,36.21,37.14,52.33,33.34,45.61,44.51,46.92
ENSG00010002218,GENE2219,134.64,73.57,142.35,120.41,80.06,92.48,94.18,87.60
ENSG00010002219,GENE2220,291.17,158.92,201.68,246.93,283.80,197.39,258.54,165.40
ENSG00010002220,GENE2221,518.75,288.19,356.60,441.17,378.16,771.04,211.05,500.13
ENSG00010002221,GENE2222,10.63,8.51,19.03,10.96,17.83,12.83,15.13,14.87
ENSG00010002222,GENE2223,639.37,1004.25,1090.11,524.69,620.38,561.23,589.86,466.31
ENSG00010002223,GENE2224,1092.21,1052.73,1031.03,1052.60,1376.68,657.42,1061.17,1033.90
ENSG00010002224,GENE2225,88.90,43.11,86.51,77.60,70.30,57.26,48.27,77.69
ENSG00010002225,GENE2226,1364.57,1780.70,1804.85,1575.07,1787.94,1521.07,1468.52,1826.22
ENSG00010002226,GENE2227,4.70,4.93,6.58,5.53,3.40,5.50,3.06,3.08
ENSG00010002227,GENE2228,16.37,16.89,20.25,17.37,17.17,15.05,13.57,18.83
ENSG00010002228,GENE2229,2176.03,1702.89,1526.18,2049.25,145.25,185.71,222.00,295.09
ENSG00010002229,GENE2230,1421.95,1994.47,1987.82,2083.46,1733.35,1727.05,1984.45,1210.50
ENSG00010002230,GENE2231,6.85,11.14,7.26,11.67,10.84,9.27,6.30,8.33
ENSG00010002231,GENE2232,8.15,8.07,8.82,9.11,9.34,7.94,9.55,10.38
ENSG00010002232,GENE2233,3424.29,3613.02,4114.33,3771.17,2460.62,2076.51,3242.77,2221.39
ENSG00010002233,GENE2234,20.02,17.13,23.15,24.78,26.67,25.68,26.83,30.53
ENSG00010002234,GENE2235,6.85,6.35,7.29,6.81,6.52,4.08,4.22,5.43
ENSG00010002235,GENE2236,2292.84,1773.09,1159.66,2057.79,1959.86,3500.70,1591.63,2610.66
ENSG00010002236,GENE2237,3105.47,3089.20,4297.15,3449.60,2825.69,2435.68,2321.28,3818.89
ENSG00010002237,GENE2238,709.63,842.46,1100.98,999.97,1900.43,1081.41,1311.76,1389.71
ENSG00010002238,GENE2239,28.74,24.58,35.93,24.94,24.30,20.95,35.97,23.49
ENSG00010002239,GENE2240,39.95,43.80,34.02,30.41,52.72,20.08,41.86,26.79
ENSG00010002240,GENE2241,30.06,27.17,23.36,21.77,28.37,24.60,25.31,26.35
ENSG00010002241,GENE2242,1035.52,1313.88,1063.73,993.57,1533.35,816.94,1092.18,644.31
ENSG00010002242,GENE2243,561.22,479.69,732.56,595.03,647.39,351.39,747.04,554.31
ENSG00010002243,GENE2244,4500.19,5594.78,4258.37,2952.99,3758.52,4104.14,3301.05,4921.80
ENSG00010002244,GENE2245,117.13,100.17,119.41,107.79,114.69,105.52,129.27,131.31
ENSG00010002245,GENE2246,62.16,68.47,47.20,44.03,66.91,59.13,74.55,38.12
ENSG00010002246,GENE2247,5.01,7.61,8.04,5.59,4.98,8.14,6.03,4.90
ENSG00010002247,GENE2248,477.52,649.82,711.60,426.14,616.96,606.77,474.95,584.45
ENSG00010002248,GENE2249,12.46,19.68,28.83,19.96,17.36,10.09,10.30,10.94
ENSG00010002249,GENE2250,178.14,121.08,148.63,173.72,138.66,190.87,149.67,139.71
ENSG00010002250,GENE2251,217.72,150.91,172.84,177.73,142.34,238.25,299.63,239.27
ENSG00010002251,GENE2252,3273.08,2529.47,3115.32,2156.25,4302.12,4415.97,4579.37,2474.89
ENSG00010002252,GENE2253,2695.97,3246.74,2715.32,3436.23,442.14,368.86,554.70,478.79
ENSG00010002253,GENE2254,2770.93,1999.62,2457.04,3302.60,2961.12,1901.15,3109.73,2085.86
ENSG00010002254,GENE2255,140.82,136.28,133.16,150.68,95.70,208.21,164.18,185.59
ENSG00010002255,GENE2256,3591.39,3604.78,4764.02,2641.98,4163.35,5676.02,2958.02,4450.80
ENSG00010002256,GENE2257,16.26,7.23,10.09,10.56,1.56,2.12,1.77,1.39
ENSG00010002257,GENE2258,1200.96,1084.87,715.78,711.52,938.18,600.77,814.03,625.24
ENSG00010002258,GENE2259,161.63,326.89,255.08,198.56,205.61,338.85,216.47,379.54
ENSG00010002259,GENE2260,167.79,164.75,108.50,235.87,230.73,197.35,154.30,190.09
ENSG00010002260,GENE2261,63.25,15.33,36.15,19.65,22.29,45.18,26.15,30.22
ENSG00010002261,GENE2262,31.69,21.71,17.78,20.82,19.52,19.08,19.89,26.49
ENSG00010002262,GENE2263,65.77,42.32,69.58,54.33,56.11,61.88,42.15,50.38
ENSG00010002263,GENE2264,184.25,125.57,117.57,191.68,130.49,149.20,128.11,142.39
ENSG00010002264,GENE2265,731.51,457.87,685.60,295.10,490.28,595.16,483.99,173.11
ENSG00010002265,GENE2266,7.25,6.01,6.27,5.03,4.53,5.30,5.88,4.98
ENSG00010002266,GENE2267,6.93,6.51,4.37,7.24,3.50,5.07,6.33,4.48
ENSG00010002267,GENE2268,94.73,121.34,311.21,159.91,145.81,132.95,125.48,181.56
ENSG00010002268,GENE2269,4379.82,3437.72,5980.72,4594.15,3730.14,3661.65,4293.71,3414.44
ENSG00010002269,GENE2270,1233.74,1151.27,2023.72,1298.02,1317.15,1519.67,1638.83,1524.48
ENSG00010002270,GENE2271,310.55,345.88,507.41,453.85,627.70,672.90,307.31,606.28
ENSG00010002271,GENE2272,3596.44,3093.89,3162.03,4826.52,2639.98,3212.18,3087.04,3933.84
ENSG00010002272,GENE2273,12.57,17.07,14.10,16.59,9.77,17.07,14.76,19.05
ENSG00010002273,GENE2274,22.76,37.59,29.07,19.33,18.54,20.61,26.71,21.27
ENSG00010002274,GENE2275,291.49,370.59,230.95,340.25,222.38,255.65,237.36,403.20
ENSG00010002275,GENE2276,64.27,80.79,80.96,81.90,53.31,90.72,105.00,52.22
ENSG00010002276,GENE2277,747.26,838.56,458.17,626.95,744.51,902.22,647.15,784.79
ENSG00010002277,GENE2278,279.44,330.88,333.82,464.71,740.38,311.22,299.73,283.76
ENSG00010002278,GENE2279,20.64,19.84,20.92,30.69,17.64,15.41,21.07,21.06
ENSG00010002279,GENE2280,1904.28,3013.59,2430.50,2013.81,1849.35,2109.17,1654.46,1991.50
ENSG00010002280,GENE2281,199.69,70.62,94.86,77.22,127.86,113.25,96.78,112.61
ENSG00010002281,GENE2282,13.46,14.70,13.54,12.87,9.74,12.05,11.77,12.01
ENSG00010002282,GENE2283,118.87,163.98,132.44,142.39,128.93,103.61,124.05,128.96
ENSG00010002283,GENE2284,81.47,60.80,71.54,93.12,58.53,49.88,74.89,68.90
ENSG00010002284,GENE2285,11.34,9.61,12.01,9.66,14.47,13.17,13.39,9.48
ENSG00010002285,GENE2286,2783.69,3003.30,2795.09,2629.49,4640.54,2476.35,2682.95,3251.92
ENSG00010002286,GENE2287,38.73,35.89,28.04,53.03,42.05,43.94,30.04,39.71
ENSG00010002287,GENE2288,86.93,142.54,99.97,53.79,84.97,100.27,131.38,151.41
ENSG00010002288,GENE2289,15.28,13.65,10.57,12.05,19.68,21.06,15.42,10.58
ENSG00010002289,GENE2290,46.35,45.01,63.30,70.40,39.66,68.04,59.60,54.79
ENSG00010002290,GENE2291,38.61,40.46,43.38,36.85,33.20,27.31,62.21,36.96
ENSG00010002291,GENE2292,15.70,24.41,26.46,17.83,16.67,25.97,22.78,21.22
ENSG00010002292,GENE2293,653.08,842.89,679.24,876.31,944.42,1149.41,669.57,641.71
ENSG00010002293,GENE2294,7.13,8.36,10.96,6.56,8.07,6.25,6.57,9.65
ENSG00010002294,GENE2295,708.49,603.00,631.52,499.29,747.92,532.36,372.78,389.65
ENSG00010002295,GENE2296,1442.14,1981.11,2730.97,2157.34,1990.75,2059.14,2279.10,2749.88
ENSG00010002296,GENE2297,55.83,47.12,43.71,62.13,63.49,64.34,55.48,69.89
ENSG00010002297,GENE2298,22.20,32.33,18.93,29.32,63.82,54.21,28.75,34.83
ENSG00010002298,GENE2299,9.90,6.91,11.22,7.30,6.26,6.24,5.89,6.78
ENSG00010002299,GENE2300,282.34,211.48,435.00,226.29,317.43,172.99,300.11,257.80
ENSG00010002300,GENE2301,123.44,104.59,146.92,120.83,145.08,124.72,63.38,135.82
ENSG00010002301,GENE2302,72.52,64.59,64.74,84.21,83.42,96.67,76.76,97.79
ENSG00010002302,GENE2303,1313.87,1611.28,884.47,1067.80,832.43,991.69,1275.10,1242.84
ENSG00010002303,GENE2304,376.27,472.35,354.06,527.55,365.54,356.83,820.30,391.08
ENSG00010002304,GENE2305,16.55,12.72,15.02,15.25,20.33,14.92,16.64,8.55
ENSG00010002305,GENE2306,8.87,12.21,18.57,8.81,16.29,10.70,11.78,11.38
ENSG00010002306,GENE2307,36.04,25.77,39.90,32.05,209.17,200.76,265.24,316.02
ENSG00010002307,GENE2308,7.91,4.87,5.79,7.83,7.27,4.86,8.15,8.46
ENSG00010002308,GENE2309,189.46,164.49,205.30,199.97,154.53,239.03,214.41,207.10
ENSG00010002309,GENE2310,235.39,196.69,223.85,229.50,264.81,294.96,269.95,274.63
ENSG00010002310,GENE2311,2381.67,1810.00,2052.36,1806.07,3173.51,1573.03,3186.47,2439.84
ENSG00010002311,GENE2312,40.26,37.97,45.64,41.78,81.92,46.98,54.31,67.17
ENSG00010002312,GENE2313,669.86,1137.29,851.09,1281.89,5030.29,4159.29,4779.85,3209.14
ENSG00010002313,GENE2314,1394.15,2052.37,1953.44,1631.26,2381.47,1135.35,1681.75,1023.37
ENSG00010002314,GENE2315,14.16,22.39,15.71,19.32,19.84,15.18,15.28,14.43
ENSG00010002315,GENE2316,5.50,4.49,7.13,7.11,5.89,4.57,5.46,5.88
ENSG00010002316,GENE2317,243.52,289.20,284.61,260.22,173.84,263.17,510.18,461.59
ENSG00010002317,GENE2318,12.14,8.98,15.91,6.66,7.88,10.22,7.89,6.51
ENSG00010002318,GENE2319,235.02,226.09,138.56,160.46,142.87,128.88,223.77,142.51
ENSG00010002319,GENE2320,13.43,10.94,7.56,11.81,14.56,9.07,8.23,7.46
ENSG00010002320,GENE2321,13.73,8.76,9.34,11.23,10.36,12.61,18.79,10.72
ENSG00010002321,GENE2322,802.97,1057.11,708.20,599.38,918.12,892.59,650.57,546.06
ENSG00010002322,GENE2323,8.48,6.24,8.20,5.56,8.07,8.24,4.83,8.82
ENSG00010002323,GENE2324,781.16,632.90,893.71,527.60,1095.32,798.43,513.78,593.38
ENSG00010002324,GENE2325,491.00,585.85,578.46,487.05,477.63,470.38,706.83,480.50
ENSG00010002325,GENE2326,26.14,16.06,27.35,17.10,24.15,26.62,20.85,26.98
ENSG00010002326,GENE2327,5.99,9.33,7.53,5.52,8.21,5.74,8.38,9.55
ENSG00010002327,GENE2328,1510.11,2336.64,2397.25,3099.93,2242.92,2860.63,2359.30,1479.91
ENSG00010002328,GENE2329,3.96,3.98,4.15,3.34,3.51,2.86,4.57,4.95
ENSG00010002329,GENE2330,2043.57,2406.37,2819.89,2471.58,2301.80,2134.79,2773.72,2971.18
ENSG00010002330,GENE2331,245.39,349.69,241.22,150.84,280.70,252.84,237.24,225.03
ENSG00010002331,GENE2332,246.54,312.82,269.62,239.58,285.02,266.64,376.60,156.62
ENSG00010002332,GENE2333,73.18,34.91,29.62,51.50,45.89,65.08,54.09,52.30
ENSG00010002333,GENE2334,14.52,14.09,16.00,11.44,14.15,7.86,11.72,15.42
ENSG00010002334,GENE2335,86.91,152.12,152.19,87.04,118.68,102.76,91.94,95.73
ENSG00010002335,GENE2336,157.99,124.10,157.54,93.33,75.36,117.70,117.87,161.20
ENSG00010002336,GENE2337,778.43,560.16,459.54,542.39,417.13,532.32,670.77,593.55
ENSG00010002337,GENE2338,1593.63,2102.71,2770.42,2257.88,2255.36,2582.81,2504.43,1674.97
ENSG00010002338,GENE2339,2850.54,3308.79,2704.58,1899.75,3700.94,3004.03,3154.91,2739.78
ENSG00010002339,GENE2340,59.60,98.25,80.86,83.74,89.72,89.60,85.43,64.15
ENSG00010002340,GENE2341,12.55,14.10,17.48,11.66,1.73,1.39,1.26,1.17
ENSG00010002341,GENE2342,63.58,47.64,51.37,71.79,84.72,77.45,61.25,51.05
ENSG00010002342,GENE2343,61.72,26.62,38.35,44.96,45.49,51.68,35.71,66.05
ENSG00010002343,GENE2344,3334.00,2285.02,3330.83,2777.23,760.34,1587.94,925.08,1216.46
ENSG00010002344,GENE2345,27.19,37.30,18.38,27.82,17.01,25.43,27.16,18.24
ENSG00010002345,GENE2346,12.82,15.58,13.29,12.59,14.53,11.59,8.94,12.22
ENSG00010002346,GENE2347,578.09,632.03,510.51,325.76,298.20,495.49,284.34,187.13
ENSG00010002347,GENE2348,48.83,34.65,37.33,60.66,28.76,58.69,41.96,47.86
ENSG00010002348,GENE2349,115.27,154.01,110.23,128.22,107.95,75.26,132.54,59.63
ENSG00010002349,GENE2350,187.46,217.32,275.41,170.58,187.35,296.13,229.47,206.82
ENSG00010002350,GENE2351,11.25,9.18,7.15,9.74,9.02,4.34,9.73,9.13
ENSG00010002351,GENE2352,6.04,4.05,5.06,3.76,5.13,5.21,3.62,3.30
ENSG00010002352,GENE2353,63.17,49.52,34.16,48.69,41.41,36.84,36.06,41.11
ENSG00010002353,GENE2354,578.25,903.37,524.46,615.82,787.27,818.72,961.63,872.91
ENSG00010002354,GENE2355,714.77,504.32,624.50,563.70,403.34,669.04,937.64,482.05
ENSG00010002355,GENE2356,811.17,841.91,710.12,754.77,909.00,711.42,877.76,591.21
ENSG00010002356,GENE2357,2691.90,3291.57,2150.11,1933.46,3955.31,2067.19,2613.99,3029.37
ENSG00010002357,GENE2358,47.57,27.79,37.57,28.15,34.30,22.50,41.81,25.71
ENSG00010002358,GENE2359,192.11,209.16,167.34,184.17,156.36,212.59,152.25,194.36
ENSG00010002359,GENE2360,17.23,20.24,14.96,16.88,20.49,14.34,19.44,21.83
ENSG00010002360,GENE2361,23.47,14.07,13.60,36.96,13.02,14.14,16.03,16.30
ENSG00010002361,GENE2362,144.39,134.81,59.16,94.12,110.93,84.78,93.73,80.48
ENSG00010002362,GENE2363,941.61,1119.79,1780.12,1091.54,222.18,469.78,300.34,348.88
ENSG00010002363,GENE2364,11.31,19.91,11.25,11.11,15.37,15.32,9.55,12.26
ENSG00010002364,GENE2365,881.74,624.33,1192.27,1385.59,1284.02,1156.97,1197.47,1151.25
ENSG00010002365,GENE2366,2553.07,1975.34,2649.76,4014.52,2801.43,3251.21,2917.26,2650.50
ENSG00010002366,GENE2367,595.40,575.52,524.09,558.73,569.54,706.56,907.70,579.08
ENSG00010002367,GENE2368,75.12,48.26,64.02,45.09,46.28,79.00,52.90,75.17
ENSG00010002368,GENE2369,6.39,8.30,6.07,8.35,8.30,6.43,6.02,8.38
ENSG00010002369,GENE2370,15.57,15.98,18.50,12.97,11.29,8.81,17.39,13.35
ENSG00010002370,GENE2371,35.45,46.13,29.72,23.76,34.15,21.58,23.95,33.66
ENSG00010002371,GENE2372,472.75,536.20,593.78,391.03,655.16,523.43,675.28,716.06
ENSG00010002372,GENE2373,2140.80,1347.97,1606.79,1672.71,938.82,1594.05,2011.26,2222.80
ENSG00010002373,GENE2374,4.64,2.52,4.21,5.19,6.81,2.64,3.76,2.75
ENSG00010002374,GENE2375,1167.67,1734.57,1461.61,1091.66,1037.69,1090.76,799.66,1031.39
ENSG00010002375,GENE2376,7.69,8.46,6.50,5.51,8.30,10.57,10.20,8.24
ENSG00010002376,GENE2377,11.33,12.50,12.57,20.34,13.05,13.62,10.93,15.59
ENSG00010002377,GENE2378,1573.58,1537.07,2064.44,2026.12,2618.73,5307.38,5199.35,3616.43
ENSG00010002378,GENE2379,29.42,40.29,32.29,20.48,10.78,7.32,6.96,9.30
ENSG00010002379,GENE2380,32.45,18.81,28.52,23.74,28.70,20.38,24.06,28.13
ENSG00010002380,GENE2381,4151.47,3859.17,2819.77,2156.24,4162.28,3283.70,2747.57,2882.79
ENSG00010002381,GENE2382,11.12,30.58,18.50,17.92,17.98,11.96,16.43,14.58
ENSG00010002382,GENE2383,1009.81,786.59,863.00,950.24,728.65,1032.17,1250.08,991.95
ENSG00010002383,GENE2384,776.31,993.88,794.41,916.76,994.24,742.15,792.01,631.03
ENSG00010002384,GENE2385,10.44,14.96,14.76,11.59,7.92,9.27,13.42,15.21
ENSG00010002385,GENE2386,164.55,165.94,171.36,203.27,213.90,181.05,183.07,103.86
ENSG00010002386,GENE2387,19.60,14.24,12.20,16.00,18.56,16.23,17.25,14.60
ENSG00010002387,GENE2388,605.32,575.86,474.37,460.92,3622.83,4804.46,6910.27,5086.74
ENSG00010002388,GENE2389,3018.30,2583.39,3725.26,3573.74,3950.59,4062.04,2688.48,4911.80
ENSG00010002389,GENE2390,312.97,377.15,307.51,311.81,204.34,380.16,345.14,337.73
ENSG00010002390,GENE2391,89.79,73.37,59.67,92.61,49.39,75.40,104.30,69.93
ENSG00010002391,GENE2392,1182.17,804.79,1401.74,1212.01,685.21,1141.65,918.52,1029.50
ENSG00010002392,GENE2393,1376.43,1964.31,2337.48,2376.67,1481.07,1976.13,1147.24,1746.84
ENSG00010002393,GENE2394,4.21,6.15,5.60,7.99,4.93,5.49,5.58,6.51
ENSG00010002394,GENE2395,5199.90,3612.48,2380.61,4568.85,3095.53,3287.35,2947.52,3981.88
ENSG00010002395,GENE2396,1988.03,2481.22,2155.89,2249.93,2027.12,1478.71,1636.98,2603.69
ENSG00010002396,GENE2397,229.53,367.96,481.08,443.88,200.37,233.07,302.58,502.38
ENSG00010002397,GENE2398,76.67,50.39,65.45,51.18,52.33,95.13,66.84,41.29
ENSG00010002398,GENE2399,76.89,80.46,75.48,81.48,109.10,98.03,76.57,63.02
ENSG00010002399,GENE2400,377.60,606.88,270.56,602.34,490.51,330.68,366.96,338.12
ENSG00010002400,GENE2401,21.20,12.37,18.91,19.73,19.29,17.33,14.34,14.97
ENSG00010002401,GENE2402,2150.68,3214.70,3144.84,2414.41,2417.65,3434.23,2879.23,4108.04
ENSG00010002402,GENE2403,24.95,28.44,17.38,23.41,15.70,19.81,30.28,16.48
ENSG00010002403,GENE2404,7.05,4.56,6.85,5.20,7.46,6.44,5.63,6.13
ENSG00010002404,GENE2405,8.50,13.08,7.01,8.94,55.79,60.47,56.64,61.29
ENSG00010002405,GENE2406,9.47,8.77,10.90,9.45,8.26,9.03,9.52,15.12
ENSG00010002406,GENE2407,9.13,13.32,6.18,6.78,8.13,8.24,9.35,7.30
ENSG00010002407,GENE2408,221.97,147.85,133.35,127.09,320.57,301.78,227.61,243.96
ENSG00010002408,GENE2409,8.48,8.78,5.27,10.37,6.74,7.72,9.92,6.45
ENSG00010002409,GENE2410,21.98,22.11,14.50,22.83,15.21,19.73,25.60,22.22
ENSG00010002410,GENE2411,1153.20,2184.08,1989.32,1673.81,2298.04,2463.75,2648.36,2172.57
ENSG00010002411,GENE2412,11.21,12.83,8.24,11.82,19.62,13.87,13.40,11.84
ENSG00010002412,GENE2413,786.83,557.73,657.30,1014.28,866.12,559.84,722.97,318.44
ENSG00010002413,GENE2414,3903.32,2604.51,3398.00,3929.14,2799.47,3201.25,3075.76,3950.02
ENSG00010002414,GENE2415,33.78,47.96,42.71,75.54,40.41,42.62,63.02,36.21
ENSG00010002415,GENE2416,1968.84,3734.98,3522.47,3027.60,2655.84,2508.06,3041.38,2483.74
ENSG00010002416,GENE2417,1366.86,982.17,1073.09,929.46,1208.62,1404.10,845.25,1187.54
ENSG00010002417,GENE2418,1055.82,980.99,956.68,684.51,1081.23,1136.31,1018.68,896.92
ENSG00010002418,GENE2419,5.53,6.43,5.03,8.20,6.51,9.03,5.17,5.45
ENSG00010002419,GENE2420,32.25,24.66,43.95,25.31,23.00,30.15,28.77,16.09
ENSG00010002420,GENE2421,11.26,9.78,15.22,6.67,11.12,14.00,14.54,17.72
ENSG00010002421,GENE2422,11.55,15.93,15.66,10.05,13.59,14.24,11.44,14.42
ENSG00010002422,GENE2423,790.52,574.94,384.30,370.07,634.61,1416.23,738.39,1044.48
ENSG00010002423,GENE2424,21.69,38.51,24.26,28.35,21.71,23.59,27.23,18.36
ENSG00010002424,GENE2425,11.62,10.69,7.77,11.26,11.84,11.53,12.43,12.02
ENSG00010002425,GENE2426,65.74,59.18,39.48,40.61,61.51,56.64,59.13,71.91
ENSG00010002426,GENE2427,120.94,135.27,104.09,130.71,150.11,150.36,85.80,126.87
ENSG00010002427,GENE2428,1995.21,1944.37,1853.14,1651.77,1635.79,2302.85,1629.42,2537.32
ENSG00010002428,GENE2429,53.30,29.99,30.72,37.68,31.92,34.98,34.41,42.99
ENSG00010002429,GENE2430,6.85,5.23,8.18,8.32,7.02,8.94,8.67,6.32
ENSG00010002430,GENE2431,48.89,50.80,73.39,76.31,43.48,78.22,85.78,56.01
ENSG00010002431,GENE2432,108.50,182.68,125.11,72.73,140.44,120.74,106.01,183.11
ENSG00010002432,GENE2433,79.06,86.72,100.37,85.03,85.02,132.30,88.93,51.84
ENSG00010002433,GENE2434,11.68,10.21,18.43,18.46,11.89,27.75,27.13,13.25
ENSG00010002434,GENE2435,227.30,354.51,303.11,315.28,166.99,138.54,152.58,220.49
ENSG00010002435,GENE2436,193.60,174.96,225.32,204.41,202.48,170.73,216.75,247.78
ENSG00010002436,GENE2437,361.90,405.49,347.23,429.37,1574.90,1719.20,1790.10,1471.78
ENSG00010002437,GENE2438,251.23,298.77,292.64,387.41,468.75,237.46,385.21,530.19
ENSG00010002438,GENE2439,376.25,520.43,573.61,327.60,655.68,368.80,263.74,365.68
ENSG00010002439,GENE2440,177.71,123.80,164.97,260.03,21.66,20.41,15.92,18.64
ENSG00010002440,GENE2441,127.18,74.57,100.61,83.80,92.85,111.98,81.46,93.74
ENSG00010002441,GENE2442,6.22,6.78,7.85,7.32,4.29,6.62,3.62,8.69
ENSG00010002442,GENE2443,4163.36,4979.57,3297.52,3023.00,3889.70,5164.19,4150.26,3158.30
ENSG00010002443,GENE2444,124.98,139.92,102.00,107.41,181.41,110.11,120.41,135.10
ENSG00010002444,GENE2445,3.98,3.06,4.45,5.87,6.22,7.56,6.02,7.14
ENSG00010002445,GENE2446,538.93,653.42,886.78,784.03,535.63,618.81,862.37,1130.11
ENSG00010002446,GENE2447,699.00,914.84,403.83,481.65,430.56,591.60,335.02,466.10
ENSG00010002447,GENE2448,692.12,476.24,523.99,617.46,363.17,558.94,479.74,716.04
ENSG00010002448,GENE2449,4.57,6.52,4.70,6.17,4.23,4.42,5.79,4.25
ENSG00010002449,GENE2450,2511.31,2036.33,2199.72,1747.35,2431.72,2294.38,3045.87,1911.96
ENSG00010002450,GENE2451,2509.32,3834.05,2985.50,3747.39,3993.30,3429.15,3499.28,2598.59
ENSG00010002451,GENE2452,154.12,113.78,146.29,176.35,165.70,123.12,162.59,104.11
ENSG00010002452,GENE2453,3352.16,2790.05,3072.07,4027.71,2069.00,1917.98,2379.93,1799.96
ENSG00010002453,GENE2454,41.32,48.17,46.34,67.48,38.81,69.20,54.77,59.34
ENSG00010002454,GENE2455,25.43,30.00,29.81,21.89,30.64,32.90,41.12,26.22
ENSG00010002455,GENE2456,5.60,7.62,4.96,6.01,42.77,46.30,43.30,37.05
ENSG00010002456,GENE2457,58.25,107.48,66.71,63.20,168.75,79.12,137.67,117.37
ENSG00010002457,GENE2458,139.08,138.15,147.75,186.63,155.78,148.30,159.87,183.96
ENSG00010002458,GENE2459,90.82,94.35,99.97,71.97,66.44,78.33,76.91,85.21
ENSG00010002459,GENE2460,1117.64,996.00,922.73,849.67,898.01,1027.49,1359.46,902.40
ENSG00010002460,GENE2461,122.96,75.43,90.23,84.38,40.57,39.04,22.26,45.14
ENSG00010002461,GENE2462,11.97,11.52,11.63,16.20,18.30,12.73,13.51,13.23
ENSG00010002462,GENE2463,4.76,2.92,5.21,9.28,0.59,0.37,0.38,0.49
ENSG00010002463,GENE2464,55.26,45.99,51.50,64.26,46.54,46.81,33.01,52.33
ENSG00010002464,GENE2465,788.76,1123.22,769.49,1125.06,1264.26,908.37,1180.52,1144.15
ENSG00010002465,GENE2466,40.78,62.98,59.51,58.31,72.13,49.98,51.67,47.84
ENSG00010002466,GENE2467,580.03,564.62,736.72,860.49,1033.19,1153.84,795.67,1098.22
ENSG00010002467,GENE2468,13.46,14.78,21.12,12.13,14.39,15.01,14.47,15.77
ENSG00010002468,GENE2469,7.58,6.25,7.57,9.11,8.43,5.52,5.30,5.46
ENSG00010002469,GENE2470,37.07,28.64,28.77,20.37,29.58,37.14,48.30,31.38
ENSG00010002470,GENE2471,189.97,128.89,276.08,164.75,150.59,150.89,144.17,160.17
ENSG00010002471,GENE2472,88.23,117.41,86.00,70.03,121.44,111.95,81.86,87.68
ENSG00010002472,GENE2473,7.70,8.15,6.58,6.20,11.40,8.40,7.69,7.87
ENSG00010002473,GENE2474,110.02,106.90,127.49,73.00,120.13,118.07,99.34,158.05
ENSG00010002474,GENE2475,1575.77,2875.13,1772.75,1554.22,2390.97,2314.72,1579.14,2161.59
ENSG00010002475,GENE2476,59.10,52.27,72.76,87.19,115.18,43.95,103.85,121.23
ENSG00010002476,GENE2477,501.63,370.09,457.58,509.98,421.42,516.04,447.86,471.47
ENSG00010002477,GENE2478,17.48,15.63,13.44,19.08,27.03,18.90,21.86,14.32
ENSG00010002478,GENE2479,6.84,4.11,7.10,4.51,3.96,4.61,5.71,7.60
ENSG00010002479,GENE2480,6.49,5.00,8.15,6.69,68.85,60.99,70.77,54.74
ENSG00010002480,GENE2481,19.51,14.86,13.90,14.00,17.59,15.10,15.07,16.04
ENSG00010002481,GENE2482,2578.27,2091.04,2457.84,1716.74,2844.43,2071.13,1587.87,2506.82
ENSG00010002482,GENE2483,58.84,72.89,48.18,36.77,51.10,48.21,54.13,42.66
ENSG00010002483,GENE2484,43.29,37.88,39.64,41.39,49.52,41.75,48.35,48.87
ENSG00010002484,GENE2485,1589.67,1175.19,980.16,1042.99,1618.90,1824.11,1922.69,2108.46
ENSG00010002485,GENE2486,6.96,4.66,3.78,5.36,7.07,7.40,5.17,6.25
ENSG00010002486,GENE2487,94.51,117.83,118.35,68.87,95.97,139.09,128.69,65.99
ENSG00010002487,GENE2488,411.69,466.20,554.80,506.42,623.39,676.10,816.95,531.92
ENSG00010002488,GENE2489,55.55,44.61,56.74,33.37,44.50,35.88,49.23,35.55
ENSG00010002489,GENE2490,111.95,141.45,71.42,47.77,83.63,86.00,75.54,63.85
ENSG00010002490,GENE2491,437.50,634.84,722.00,705.04,381.20,909.33,550.29,521.49
ENSG00010002491,GENE2492,119.89,145.47,139.31,88.91,119.67,158.24,76.58,123.43
ENSG00010002492,GENE2493,754.62,815.57,749.00,544.61,979.42,632.13,679.63,1243.96
ENSG00010002493,GENE2494,1408.27,1183.89,745.29,1451.52,1269.75,1449.70,1157.24,1748.03
ENSG00010002494,GENE2495,1670.70,971.97,1128.24,1175.57,1755.10,1195.14,1436.01,1304.85
ENSG00010002495,GENE2496,777.85,736.91,647.33,761.02,722.82,910.84,894.46,462.59
ENSG00010002496,GENE2497,17.17,16.86,16.59,24.77,16.80,20.40,14.39,32.01
ENSG00010002497,GENE2498,113.20,124.54,124.74,94.20,88.54,140.22,161.81,114.32
ENSG00010002498,GENE2499,51.09,104.27,91.41,85.96,81.25,170.96,87.53,44.62
ENSG00010002499,GENE2500,8.05,7.47,8.85,12.05,7.97,9.26,6.59,9.29
ENSG00010002500,GENE2501,939.04,798.68,1116.88,834.53,1202.39,520.49,742.55,590.56
ENSG00010002501,GENE2502,214.42,226.26,168.19,167.29,156.17,296.73,185.49,190.82
ENSG00010002502,GENE2503,1555.14,1258.03,1322.51,1840.78,1891.61,1220.08,1596.33,1931.44
ENSG00010002503,GENE2504,4.63,4.51,6.05,7.06,5.06,4.81,4.49,7.74
ENSG00010002504,GENE2505,4200.22,2260.94,2712.17,5508.03,4032.91,4771.14,4571.18,3717.78
ENSG00010002505,GENE2506,37.52,43.02,34.13,38.00,33.54,26.11,48.91,35.86
ENSG00010002506,GENE2507,132.07,119.14,205.08,104.06,191.73,253.48,85.92,162.37
ENSG00010002507,GENE2508,180.74,201.91,271.55,135.19,176.96,191.35,193.74,200.45
ENSG00010002508,GENE2509,15.10,11.48,18.85,15.30,17.43,10.71,19.33,16.52
ENSG00010002509,GENE2510,3022.65,2826.83,3500.58,3739.84,2463.79,2712.40,2073.39,3722.42
ENSG00010002510,GENE2511,3269.42,1917.87,2691.43,2642.10,3605.32,2259.55,3513.90,2281.75
ENSG00010002511,GENE2512,195.81,230.45,221.40,336.91,216.51,251.12,279.26,252.29
ENSG00010002512,GENE2513,2985.21,2854.90,2552.62,2557.33,1136.96,2057.51,1350.26,2603.74
ENSG00010002513,GENE2514,360.98,571.20,276.37,634.93,330.90,413.67,662.82,360.74
ENSG00010002514,GENE2515,856.62,1094.45,972.66,1118.68,601.16,706.83,891.60,791.66
ENSG00010002515,GENE2516,557.50,766.62,457.65,552.67,415.03,454.59,425.47,436.31
ENSG00010002516,GENE2517,436.16,266.26,446.67,318.97,231.75,349.86,467.09,518.55
ENSG00010002517,GENE2518,6.69,4.78,3.68,4.25,4.36,5.95,6.24,7.84
ENSG00010002518,GENE2519,99.49,149.22,84.49,129.90,71.01,88.35,81.11,118.64
ENSG00010002519,GENE2520,48.92,45.98,64.54,50.89,61.60,56.12,35.55,66.29
ENSG00010002520,GENE2521,212.28,396.26,469.80,295.95,273.67,273.39,328.15,310.35
ENSG00010002521,GENE2522,601.33,287.28,203.98,338.85,407.12,457.28,305.14,251.53
ENSG00010002522,GENE2523,1402.09,1628.16,903.32,1008.99,1657.79,873.13,911.51,1402.17
ENSG00010002523,GENE2524,91.70,124.78,139.18,150.66,100.23,64.93,98.26,93.59
ENSG00010002524,GENE2525,34.22,31.14,15.86,23.93,23.13,22.28,25.72,17.67
ENSG00010002525,GENE2526,331.23,363.65,371.91,159.31,238.70,190.07,182.09,237.40
ENSG00010002526,GENE2527,3.83,6.89,3.72,5.71,0.57,0.57,0.59,0.77
ENSG00010002527,GENE2528,555.70,1005.08,688.79,1518.31,1007.37,814.30,1390.74,1023.67
ENSG00010002528,GENE2529,182.08,132.87,200.46,202.69,164.56,210.58,303.17,123.71
ENSG00010002529,GENE2530,1395.79,1099.26,1195.09,982.74,1026.03,1017.75,1015.49,1357.39
ENSG00010002530,GENE2531,3280.42,3170.38,4509.05,6464.32,2804.65,3429.97,2583.05,2120.93
ENSG00010002531,GENE2532,16.24,10.34,12.14,14.53,13.74,18.91,12.51,13.96
ENSG00010002532,GENE2533,46.61,38.49,31.71,50.15,37.58,54.19,61.55,44.14
ENSG00010002533,GENE2534,66.25,111.74,79.25,109.82,89.52,70.66,75.15,81.30
ENSG00010002534,GENE2535,10.26,10.25,9.36,8.77,12.36,9.86,10.41,5.08
ENSG00010002535,GENE2536,90.14,107.96,107.25,150.88,104.05,120.47,72.04,176.50
ENSG00010002536,GENE2537,2667.77,1740.68,1513.11,1701.77,1790.81,2093.72,1458.26,2588.69
ENSG00010002537,GENE2538,12.40,7.54,9.67,15.90,25.68,38.43,46.29,26.54
ENSG00010002538,GENE2539,7.00,10.97,13.99,12.55,9.55,12.72,11.31,14.16
ENSG00010002539,GENE2540,6.61,10.83,6.25,7.82,11.47,10.87,8.89,8.25
ENSG00010002540,GENE2541,1394.34,1093.28,1453.13,1601.66,1326.25,1587.44,1688.09,2087.85
ENSG00010002541,GENE2542,1120.06,1360.46,1853.12,1494.75,1965.30,1416.28,971.24,1310.25
ENSG00010002542,GENE2543,3.76,5.07,3.20,3.41,4.50,4.12,3.13,3.43
ENSG00010002543,GENE2544,7.85,5.13,6.35,7.59,6.72,6.75,8.86,4.58
ENSG00010002544,GENE2545,20.18,13.56,22.74,18.88,14.88,17.28,16.94,14.81
ENSG00010002545,GENE2546,135.98,105.28,75.03,107.63,160.94,164.10,169.83,171.47
ENSG00010002546,GENE2547,8.78,10.23,9.13,12.43,12.64,9.32,12.37,13.53
ENSG00010002547,GENE2548,46.82,61.86,54.08,52.50,68.97,47.07,57.93,39.44
ENSG00010002548,GENE2549,1744.63,1569.18,1370.13,907.82,1340.09,1864.85,1190.13,1141.23
ENSG00010002549,GENE2550,488.34,428.66,526.17,575.89,596.78,612.49,567.22,462.40
ENSG00010002550,GENE2551,68.64,83.37,80.87,49.32,72.46,91.60,60.11,65.08
ENSG00010002551,GENE2552,21.83,18.62,17.73,28.29,21.05,21.42,20.07,21.20
ENSG00010002552,GENE2553,123.18,126.80,149.36,98.58,456.88,310.01,535.73,290.03
ENSG00010002553,GENE2554,39.90,30.14,23.93,27.41,30.22,39.81,65.11,35.87
ENSG00010002554,GENE2555,240.94,186.48,169.02,177.85,148.66,176.56,155.77,206.01
ENSG00010002555,GENE2556,1976.48,1011.95,1536.38,824.20,1285.62,763.73,792.88,913.66
ENSG00010002556,GENE2557,4.87,7.86,6.38,6.81,8.09,6.84,5.17,5.31
ENSG00010002557,GENE2558,242.97,286.86,330.90,309.02,257.59,251.02,136.64,251.35
ENSG00010002558,GENE2559,33.78,29.32,59.49,28.81,29.43,52.25,47.34,33.97
ENSG00010002559,GENE2560,45.01,58.41,58.61,54.73,478.18,282.50,259.58,516.39
ENSG00010002560,GENE2561,36.19,23.22,24.75,26.39,42.26,38.98,60.03,40.34
ENSG00010002561,GENE2562,1558.31,1873.61,1594.16,1835.89,7099.62,7005.51,10001.33,10373.37
ENSG00010002562,GENE2563,1535.41,1233.45,1575.48,1621.27,1846.53,1597.30,2619.36,2108.75
ENSG00010002563,GENE2564,11.33,9.97,8.04,8.20,8.42,11.30,6.99,7.33
ENSG00010002564,GENE2565,692.93,527.47,490.15,459.92,601.29,766.70,474.19,591.04
ENSG00010002565,GENE2566,6.01,5.79,7.92,5.21,8.15,5.46,6.25,8.11
ENSG00010002566,GENE2567,2832.88,2499.05,2947.63,4320.23,4304.45,3193.64,2320.97,3253.87
ENSG00010002567,GENE2568,407.96,373.65,575.13,602.43,887.48,574.09,754.97,664.80
ENSG00010002568,GENE2569,594.39,355.06,477.42,513.97,472.86,372.66,482.41,679.94
ENSG00010002569,GENE2570,3242.34,3428.78,3001.78,3471.30,3243.60,3003.77,2965.12,3201.75
ENSG00010002570,GENE2571,127.04,92.88,106.78,96.54,75.07,85.19,107.55,84.85
ENSG00010002571,GENE2572,409.15,397.43,302.47,352.10,442.61,361.99,357.41,400.62
ENSG00010002572,GENE2573,1177.21,1231.59,1290.45,1941.66,7491.15,6341.86,10877.38,8846.50
ENSG00010002573,GENE2574,207.77,118.12,115.89,136.10,110.99,151.87,142.58,119.94
ENSG00010002574,GENE2575,53.68,57.17,62.66,27.69,40.11,67.37,72.98,70.57
ENSG00010002575,GENE2576,42.31,59.09,37.66,31.28,24.33,32.17,35.64,30.84
ENSG00010002576,GENE2577,1261.88,1202.88,908.53,1164.95,935.08,947.63,792.60,680.77
ENSG00010002577,GENE2578,725.34,1672.41,2013.86,1086.76,346.38,315.73,260.91,228.48
ENSG00010002578,GENE2579,31.58,33.87,21.11,28.78,31.31,20.61,27.68,26.78
ENSG00010002579,GENE2580,91.41,44.24,43.66,28.39,35.94,40.50,30.18,50.09
ENSG00010002580,GENE2581,204.17,173.43,141.16,192.12,22.97,23.08,12.54,19.35
ENSG00010002581,GENE2582,42.39,38.12,41.10,62.61,59.15,43.31,50.41,58.95
ENSG00010002582,GENE2583,238.96,336.77,305.90,228.15,366.76,217.88,206.20,386.38
ENSG00010002583,GENE2584,148.70,70.30,71.09,170.25,83.71,78.15,150.72,134.91
ENSG00010002584,GENE2585,7.97,9.47,12.84,11.01,11.43,8.87,16.01,8.64
ENSG00010002585,GENE2586,2307.03,1944.89,2053.56,2168.48,2168.91,1929.28,1233.86,1291.02
ENSG00010002586,GENE2587,1420.85,1595.94,2374.83,1120.89,2389.96,1284.80,2156.75,1469.56
ENSG00010002587,GENE2588,30.47,49.26,35.82,25.14,43.36,48.13,41.55,40.20
ENSG00010002588,GENE2589,187.68,172.91,97.23,99.36,208.77,101.72,131.70,187.95
ENSG00010002589,GENE2590,881.40,620.86,1038.42,910.16,3351.72,3420.77,4241.66,2858.45
ENSG00010002590,GENE2591,15.38,12.75,9.59,12.82,113.67,78.67,75.93,105.00
ENSG00010002591,GENE2592,589.50,632.44,576.68,386.40,606.10,372.26,323.43,360.40
ENSG00010002592,GENE2593,1770.77,1541.15,1230.27,1445.16,1868.18,1367.59,1150.87,1251.45
ENSG00010002593,GENE2594,512.48,487.99,462.32,478.16,402.81,469.11,373.75,319.50
ENSG00010002594,GENE2595,3.95,2.43,4.50,3.87,7.29,3.43,3.14,4.16
ENSG00010002595,GENE2596,5.07,3.91,5.48,4.21,5.98,5.60,3.19,3.04
ENSG00010002596,GENE2597,74.79,46.20,61.31,78.29,93.74,52.55,66.18,46.55
ENSG00010002597,GENE2598,15.20,12.39,10.54,8.41,15.48,15.25,17.24,9.71
ENSG00010002598,GENE2599,1420.79,1614.88,1328.85,1543.32,1826.06,1932.41,1183.39,2022.78
ENSG00010002599,GENE2600,6.73,6.95,5.92,3.86,5.20,4.21,6.79,4.36
ENSG00010002600,GENE2601,870.08,1129.56,1367.72,733.98,1232.02,1520.34,2324.97,845.87
ENSG00010002601,GENE2602,60.58,82.20,41.53,63.01,66.97,57.21,52.69,94.47
ENSG00010002602,GENE2603,649.83,640.32,887.74,911.22,1507.50,1839.18,1062.34,934.41
ENSG00010002603,GENE2604,24.86,29.69,27.48,25.36,25.48,26.03,21.51,25.95
ENSG00010002604,GENE2605,18.89,26.19,23.57,33.46,28.04,21.78,18.54,25.58
ENSG00010002605,GENE2606,1832.30,1530.25,2028.82,1739.35,2517.54,1604.33,1433.08,2335.89
ENSG00010002606,GENE2607,619.28,903.06,504.28,426.15,4929.14,4588.83,4147.72,3402.86
ENSG00010002607,GENE2608,1341.47,965.37,1239.76,1506.22,1102.72,1588.12,2001.28,1202.04
ENSG00010002608,GENE2609,4.65,5.30,10.62,6.06,4.67,4.19,9.22,6.72
ENSG00010002609,GENE2610,103.26,89.47,88.25,91.49,67.09,67.75,58.05,140.11
ENSG00010002610,GENE2611,5660.03,3778.20,3331.76,1889.08,6587.55,4076.84,2643.25,5394.09
ENSG00010002611,GENE2612,110.27,138.82,149.49,237.89,427.05,494.19,467.72,527.57
ENSG00010002612,GENE2613,1556.48,1469.27,1639.08,1924.32,1872.44,2266.22,2241.41,1541.32
ENSG00010002613,GENE2614,565.23,491.66,540.99,465.43,653.85,772.88,728.79,429.81
ENSG00010002614,GENE2615,497.63,337.73,406.44,549.20,308.18,346.32,231.73,400.35
ENSG00010002615,GENE2616,7.98,9.38,5.61,5.00,8.25,6.08,5.96,7.29
ENSG00010002616,GENE2617,10.97,7.14,9.43,10.25,20.82,15.31,17.16,11.06
ENSG00010002617,GENE2618,7.20,7.67,5.94,9.98,9.29,12.14,6.93,7.09
ENSG00010002618,GENE2619,637.91,439.04,545.87,518.35,769.21,697.49,736.03,822.69
ENSG00010002619,GENE2620,52.73,84.56,66.40,73.86,61.34,101.90,71.29,44.41
ENSG00010002620,GENE2621,279.79,321.62,262.87,224.23,320.88,327.03,274.34,322.73
ENSG00010002621,GENE2622,1238.38,1590.48,1657.70,1441.36,737.17,1118.47,1024.99,1042.57
ENSG00010002622,GENE2623,10.09,20.06,12.59,8.97,40.91,27.03,37.55,26.68
ENSG00010002623,GENE2624,950.69,556.84,826.85,619.94,609.89,715.65,1007.74,676.89
ENSG00010002624,GENE2625,100.32,72.66,92.83,60.40,56.40,73.38,62.62,79.25
ENSG00010002625,GENE2626,2933.83,3145.55,3332.36,4089.20,4529.31,4270.04,3057.44,3414.93
ENSG00010002626,GENE2627,452.79,666.13,474.61,637.12,690.14,641.64,299.90,350.50
ENSG00010002627,GENE2628,96.27,83.59,111.19,79.44,103.05,79.72,88.29,103.78
ENSG00010002628,GENE2629,1395.48,1686.27,2170.95,1514.80,1422.49,1713.36,2298.66,2175.75
ENSG00010002629,GENE2630,2806.56,2411.06,2471.56,2506.21,3184.96,2685.32,1599.18,3770.75
ENSG00010002630,GENE2631,584.53,432.07,381.62,456.42,326.75,422.95,401.57,369.90
ENSG00010002631,GENE2632,13.40,9.82,7.70,8.19,6.01,8.56,7.73,5.80
ENSG00010002632,GENE2633,165.83,117.32,207.07,197.03,551.34,552.08,1120.46,668.43
ENSG00010002633,GENE2634,651.21,725.32,493.86,446.83,475.42,507.35,576.80,355.21
ENSG00010002634,GENE2635,37.92,32.75,30.56,46.81,43.55,23.60,39.06,33.79
ENSG00010002635,GENE2636,93.53,96.65,100.88,117.99,145.86,111.16,118.83,76.73
ENSG00010002636,GENE2637,173.83,220.91,128.63,176.88,213.52,84.08,139.79,122.31
ENSG00010002637,GENE2638,105.81,100.52,96.12,119.94,12.22,11.81,7.16,6.39
ENSG00010002638,GENE2639,82.29,82.53,96.30,110.26,117.05,120.12,112.23,150.13
ENSG00010002639,GENE2640,2381.64,2562.54,3758.54,2960.49,3331.09,3039.37,2302.17,2927.49
ENSG00010002640,GENE2641,2199.69,2836.63,932.94,3626.09,391.09,408.11,281.85,544.65
ENSG00010002641,GENE2642,313.88,418.89,251.88,402.02,291.32,334.14,438.94,340.81
ENSG00010002642,GENE2643,15.72,17.70,11.58,14.51,16.64,10.13,11.77,13.23
ENSG00010002643,GENE2644,7.88,8.02,6.30,8.17,10.46,9.40,9.43,6.71
ENSG00010002644,GENE2645,1622.79,2035.00,1301.04,1448.68,2223.22,1905.01,1082.63,1655.01
ENSG00010002645,GENE2646,5.44,3.20,2.47,3.20,5.18,4.14,2.72,6.32
ENSG00010002646,GENE2647,5.67,5.18,4.42,4.79,4.92,5.76,6.67,5.61
ENSG00010002647,GENE2648,267.73,478.31,365.25,443.46,463.18,302.46,538.06,360.22
ENSG00010002648,GENE2649,629.35,683.37,495.08,837.41,459.31,429.87,568.04,467.12
ENSG00010002649,GENE2650,261.16,261.46,276.10,229.53,155.61,240.96,299.05,225.38
ENSG00010002650,GENE2651,13.31,10.35,12.03,8.08,6.50,10.39,7.19,9.24
ENSG00010002651,GENE2652,23.01,19.01,20.55,13.95,22.36,18.33,17.29,11.91
ENSG00010002652,GENE2653,48.07,35.13,30.82,43.85,43.40,52.06,33.57,32.00
ENSG00010002653,GENE2654,1839.85,1575.27,1641.36,851.91,1825.63,1587.42,1232.77,2302.16
ENSG00010002654,GENE2655,9.67,9.84,10.36,12.34,12.20,16.17,8.30,13.09
ENSG00010002655,GENE2656,28.01,41.49,46.21,31.69,36.05,33.08,30.46,29.52
ENSG00010002656,GENE2657,192.84,267.32,288.67,283.67,319.66,334.26,258.13,285.54
ENSG00010002657,GENE2658,70.67,67.91,75.59,122.80,97.92,105.53,97.91,44.37
ENSG00010002658,GENE2659,333.13,371.15,336.82,366.96,295.11,643.53,378.19,414.44
ENSG00010002659,GENE2660,26.19,27.27,33.95,19.49,25.02,40.73,35.86,33.37
ENSG00010002660,GENE2661,1510.37,2143.81,1619.82,2381.56,1575.54,2480.27,1599.12,840.04
ENSG00010002661,GENE2662,427.38,447.38,298.50,493.95,885.19,433.07,560.87,439.74
ENSG00010002662,GENE2663,22.66,22.74,17.40,23.29,20.14,16.14,15.57,16.05
ENSG00010002663,GENE2664,3794.08,4238.03,4093.45,6617.62,4354.56,3332.60,2296.29,2754.67
ENSG00010002664,GENE2665,503.35,388.15,499.51,422.45,262.83,438.49,506.25,523.32
ENSG00010002665,GENE2666,65.61,61.27,62.20,81.49,84.04,59.24,96.18,38.33
ENSG00010002666,GENE2667,79.02,102.82,86.10,72.39,61.46,110.12,110.63,88.44
ENSG00010002667,GENE2668,730.91,565.06,743.49,739.72,636.29,614.96,511.62,1071.67
ENSG00010002668,GENE2669,313.85,224.36,208.75,233.67,242.53,156.62,227.96,215.88
ENSG00010002669,GENE2670,337.82,354.53,356.20,222.84,265.33,345.04,305.25,382.60
ENSG00010002670,GENE2671,4222.32,3887.44,4638.75,5093.94,4775.80,4046.34,4771.45,2675.72
ENSG00010002671,GENE2672,1247.40,1223.91,1558.67,1485.69,1785.06,1575.24,1681.80,999.55
ENSG00010002672,GENE2673,20.19,35.18,36.00,47.18,24.01,43.75,29.71,37.06
ENSG00010002673,GENE2674,463.42,317.29,445.89,455.28,1178.93,898.93,1233.25,1118.45
ENSG00010002674,GENE2675,872.27,1186.76,1034.81,1041.46,903.06,1012.67,951.48,711.85
ENSG00010002675,GENE2676,314.62,226.72,285.85,243.60,308.72,277.11,397.13,304.84
ENSG00010002676,GENE2677,10.04,12.44,12.38,9.22,62.29,72.60,74.97,65.24
ENSG00010002677,GENE2678,1977.46,2541.52,2451.76,3156.10,1202.37,2149.89,1610.66,2068.32
ENSG00010002678,GENE2679,585.96,378.06,291.92,448.95,428.21,498.69,361.07,545.25
ENSG00010002679,GENE2680,9.26,10.79,14.40,9.82,21.08,21.34,19.11,19.20
ENSG00010002680,GENE2681,37.11,43.56,56.66,41.48,60.67,45.93,39.96,31.45
ENSG00010002681,GENE2682,128.13,68.13,90.06,111.53,105.75,96.70,82.73,55.09
ENSG00010002682,GENE2683,18.89,27.46,22.10,20.59,24.25,21.78,20.78,16.10
ENSG00010002683,GENE2684,10.80,10.94,10.15,7.50,14.98,13.45,12.03,9.43
ENSG00010002684,GENE2685,33.27,23.12,25.95,30.63,15.42,14.60,24.54,19.41
ENSG00010002685,GENE2686,218.00,206.14,151.66,180.94,157.48,164.43,223.59,243.86
ENSG00010002686,GENE2687,24.13,27.32,51.40,29.72,26.84,39.24,26.86,39.63
ENSG00010002687,GENE2688,367.76,530.46,310.63,685.22,467.29,554.24,380.65,596.37
ENSG00010002688,GENE2689,745.96,784.92,801.44,831.55,511.44,537.72,894.15,776.55
ENSG00010002689,GENE2690,61.93,27.32,35.09,36.96,10.22,19.14,17.86,10.38
ENSG00010002690,GENE2691,162.40,248.59,162.76,129.25,155.38,121.80,167.20,125.76
ENSG00010002691,GENE2692,31.42,42.83,35.81,33.94,27.33,32.53,55.25,33.50
ENSG00010002692,GENE2693,911.17,665.67,630.20,878.38,562.87,855.03,683.06,477.92
ENSG00010002693,GENE2694,512.87,558.49,577.42,493.49,550.74,245.39,387.46,341.66
ENSG00010002694,GENE2695,8.15,6.98,10.49,7.18,8.40,5.52,9.48,5.79
ENSG00010002695,GENE2696,17.47,24.81,49.21,26.25,38.08,20.05,31.68,36.77
ENSG00010002696,GENE2697,3283.53,1462.13,2297.80,2815.13,2542.00,2673.08,3066.17,2689.03
ENSG00010002697,GENE2698,192.59,247.81,203.77,266.21,341.91,258.49,269.62,270.12
ENSG00010002698,GENE2699,440.06,430.23,225.32,340.24,317.14,435.73,377.20,445.49
ENSG00010002699,GENE2700,20.63,12.54,15.45,18.37,13.40,17.42,14.10,19.98
ENSG00010002700,GENE2701,6.40,6.39,4.94,6.87,6.17,5.34,6.63,6.44
ENSG00010002701,GENE2702,434.52,330.56,312.56,511.04,535.04,612.36,690.26,437.92
ENSG00010002702,GENE2703,229.92,153.05,103.80,158.76,26.21,58.78,38.16,43.06
ENSG00010002703,GENE2704,3.71,7.32,8.02,4.78,6.71,5.20,5.96,6.02
ENSG00010002704,GENE2705,1073.23,963.38,999.40,1544.11,1373.95,951.29,1208.40,1201.54
ENSG00010002705,GENE2706,31.13,31.40,27.34,35.54,25.87,33.34,53.48,39.06
ENSG00010002706,GENE2707,63.18,110.95,80.30,89.07,64.77,59.70,106.88,71.68
ENSG00010002707,GENE2708,2.98,3.50,6.16,7.81,3.39,2.06,2.29,2.94
ENSG00010002708,GENE2709,34.71,87.66,70.98,63.53,67.39,74.90,56.84,44.89
ENSG00010002709,GENE2710,39.98,71.41,74.53,42.39,43.79,33.46,69.44,37.41
ENSG00010002710,GENE2711,818.27,518.05,1330.29,925.49,585.05,807.45,1067.45,1286.20
ENSG00010002711,GENE2712,12.78,16.08,22.90,18.37,24.54,9.42,19.44,15.34
ENSG00010002712,GENE2713,26.36,15.31,23.10,17.12,152.34,155.39,93.71,117.59
ENSG00010002713,GENE2714,240.61,344.89,218.12,251.55,228.65,302.21,236.67,138.65
ENSG00010002714,GENE2715,18.56,24.48,16.67,25.41,10.88,11.45,17.32,13.02
ENSG00010002715,GENE2716,203.74,119.39,157.62,144.65,117.62,177.00,153.89,209.93
ENSG00010002716,GENE2717,10.76,11.87,11.02,11.43,9.19,8.84,14.00,9.67
ENSG00010002717,GENE2718,47.65,47.78,54.52,52.39,82.55,52.18,60.23,66.69
ENSG00010002718,GENE2719,1060.33,733.99,1061.34,819.16,883.07,785.78,814.19,781.73
ENSG00010002719,GENE2720,10.86,12.79,13.74,13.74,12.24,11.72,18.10,15.28
ENSG00010002720,GENE2721,2529.12,4117.72,3292.34,3510.18,2315.16,3989.16,2552.25,2820.03
ENSG00010002721,GENE2722,166.16,199.21,186.56,177.55,146.53,134.88,158.24,177.24
ENSG00010002722,GENE2723,2436.30,1817.95,2665.77,2526.98,1160.98,2275.96,2199.01,1581.26
ENSG00010002723,GENE2724,13.38,13.03,10.80,15.49,10.15,11.66,6.17,10.08
ENSG00010002724,GENE2725,447.24,349.70,424.09,433.03,365.49,221.73,303.01,250.07
ENSG00010002725,GENE2726,38.13,18.25,25.45,28.29,29.35,19.67,24.38,18.86
ENSG00010002726,GENE2727,4.29,3.65,3.41,5.18,3.10,4.20,3.69,2.86
ENSG00010002727,GENE2728,472.65,399.10,418.49,538.70,371.23,451.84,352.27,548.46
ENSG00010002728,GENE2729,807.56,472.02,632.41,715.52,882.30,849.90,883.22,911.85
ENSG00010002729,GENE2730,2276.60,2602.45,2972.14,2995.28,5295.35,2851.03,2467.14,6036.71
ENSG00010002730,GENE2731,95.55,92.49,105.01,162.33,125.59,95.49,101.79,88.76
ENSG00010002731,GENE2732,8.19,6.56,5.97,8.28,7.06,6.68,6.87,5.19
ENSG00010002732,GENE2733,2790.43,1716.78,2483.17,1890.07,179.54,189.88,263.33,111.54
ENSG00010002733,GENE2734,156.25,101.38,95.07,121.34,84.98,118.60,131.56,89.52
ENSG00010002734,GENE2735,8.27,4.36,7.48,12.12,6.54,7.22,6.60,6.74
ENSG00010002735,GENE2736,31.63,18.60,28.57,23.13,24.45,29.61,18.68,30.00
ENSG00010002736,GENE2737,564.69,247.38,367.93,349.92,379.48,427.50,468.40,508.40
ENSG00010002737,GENE2738,9.16,10.58,7.88,8.58,11.84,12.66,14.86,8.74
ENSG00010002738,GENE2739,171.27,139.42,172.99,156.33,1484.51,817.33,1567.27,1971.42
ENSG00010002739,GENE2740,340.65,519.17,576.71,386.95,300.68,218.99,314.90,305.53
ENSG00010002740,GENE2741,2559.53,1658.96,3250.85,1666.46,2287.82,2452.97,2234.85,3174.77
ENSG00010002741,GENE2742,813.17,878.71,1017.48,781.53,990.68,764.28,867.06,898.77
ENSG00010002742,GENE2743,28.35,51.35,44.39,42.26,42.29,40.36,42.17,52.83
ENSG00010002743,GENE2744,44.14,44.56,74.49,54.77,52.97,54.04,45.59,29.36
ENSG00010002744,GENE2745,13.94,22.84,15.36,9.75,22.64,18.58,13.67,12.35
ENSG00010002745,GENE2746,247.85,322.74,237.40,150.41,161.25,146.43,222.03,199.37
ENSG00010002746,GENE2747,8.70,12.77,10.38,10.76,6.68,13.98,7.42,7.25
ENSG00010002747,GENE2748,608.82,311.32,525.65,341.08,609.45,667.14,730.11,531.55
ENSG00010002748,GENE2749,7.23,8.59,8.73,6.42,8.76,9.90,7.15,11.01
ENSG00010002749,GENE2750,212.82,215.87,248.96,177.07,273.04,256.57,227.37,171.57
ENSG00010002750,GENE2751,160.77,130.31,121.89,117.52,145.46,105.22,274.05,127.34
ENSG00010002751,GENE2752,540.00,498.33,585.68,872.52,309.68,221.58,180.03,221.58
ENSG00010002752,GENE2753,1946.20,884.31,1774.29,1264.62,1376.85,1426.84,1655.47,1679.00
ENSG00010002753,GENE2754,2036.20,2215.64,2400.46,2725.20,1767.24,1576.51,1839.08,1485.73
ENSG00010002754,GENE2755,71.57,41.58,55.34,72.53,49.94,43.36,81.56,83.87
ENSG00010002755,GENE2756,56.65,52.86,41.99,49.27,45.82,51.20,31.54,32.96
ENSG00010002756,GENE2757,5.30,3.67,6.04,4.70,7.44,5.50,3.81,5.80
ENSG00010002757,GENE2758,473.18,476.86,307.27,454.77,475.44,286.16,475.78,560.95
ENSG00010002758,GENE2759,1425.40,1796.65,1445.21,1258.32,1735.11,1470.59,1441.50,1594.45
ENSG00010002759,GENE2760,97.63,90.95,96.32,76.19,94.45,62.59,71.48,108.50
ENSG00010002760,GENE2761,19.64,24.22,29.08,25.17,20.38,19.57,15.25,19.81
ENSG00010002761,GENE2762,127.12,94.62,93.65,111.49,78.57,75.94,118.70,64.10
ENSG00010002762,GENE2763,17.36,19.33,20.51,30.11,16.39,13.20,15.46,26.54
ENSG00010002763,GENE2764,21.15,20.22,10.16,19.32,12.90,13.87,18.62,12.43
ENSG00010002764,GENE2765,101.44,169.82,233.99,170.47,81.30,129.52,103.48,151.12
ENSG00010002765,GENE2766,753.20,542.35,851.00,888.46,507.67,608.51,679.81,991.96
ENSG00010002766,GENE2767,2474.74,1677.19,1674.47,2364.42,1950.73,1733.26,2206.92,2127.52
ENSG00010002767,GENE2768,2013.64,1307.52,1392.24,1750.63,1439.08,1859.60,1332.07,868.54
ENSG00010002768,GENE2769,6.18,9.68,7.14,5.81,8.36,7.83,6.00,5.72
ENSG00010002769,GENE2770,182.67,111.00,105.81,132.93,176.20,189.45,162.51,152.98
ENSG00010002770,GENE2771,194.24,240.82,211.52,386.46,364.17,289.32,154.64,207.94
ENSG00010002771,GENE2772,1324.55,1969.68,1837.86,3228.56,1344.18,1617.49,1665.11,2167.60
ENSG00010002772,GENE2773,56.07,49.40,51.50,84.62,65.62,129.85,59.53,67.17
ENSG00010002773,GENE2774,65.77,107.07,83.97,89.73,27.85,46.41,38.45,50.78
ENSG00010002774,GENE2775,1515.28,1098.21,698.03,864.90,1343.57,1181.46,826.54,849.24
ENSG00010002775,GENE2776,7.94,10.37,6.36,8.95,8.67,7.61,7.55,7.78
ENSG00010002776,GENE2777,46.39,27.04,28.00,42.80,34.85,40.11,36.02,27.99
ENSG00010002777,GENE2778,85.72,104.40,89.07,72.13,399.32,202.21,238.54,209.43
ENSG00010002778,GENE2779,27.13,37.01,31.92,31.06,19.83,23.63,26.15,20.78
ENSG00010002779,GENE2780,10.98,12.72,9.35,13.26,4.87,4.67,5.59,2.68
ENSG00010002780,GENE2781,25.49,17.28,20.19,21.81,28.10,20.95,16.50,24.65
ENSG00010002781,GENE2782,1218.04,1859.24,1058.13,1919.05,471.49,425.66,369.50,383.89
ENSG00010002782,GENE2783,22.40,23.75,33.25,32.57,43.79,28.11,42.46,28.08
ENSG00010002783,GENE2784,15.59,15.09,15.64,14.75,15.03,15.66,14.85,11.90
ENSG00010002784,GENE2785,25.31,23.81,16.79,29.74,20.13,30.74,22.94,27.58
ENSG00010002785,GENE2786,29.81,34.04,36.81,41.43,34.47,24.62,27.36,32.14
ENSG00010002786,GENE2787,350.39,441.49,307.37,391.11,581.02,355.34,392.08,329.22
ENSG00010002787,GENE2788,519.29,612.06,492.83,641.81,1009.73,1342.37,771.91,513.46
ENSG00010002788,GENE2789,1352.29,1334.36,1963.12,1214.57,1648.10,1228.81,1596.42,1701.51
ENSG00010002789,GENE2790,6.48,5.40,6.38,5.32,4.51,5.27,6.33,6.52
ENSG00010002790,GENE2791,8.73,6.42,8.02,9.22,10.37,10.71,9.47,10.03
ENSG00010002791,GENE2792,959.45,1793.23,630.19,1238.45,3714.15,2699.99,2177.94,2290.79
ENSG00010002792,GENE2793,280.95,182.76,265.42,244.67,232.83,229.34,190.07,206.79
ENSG00010002793,GENE2794,786.58,716.05,607.03,1029.60,827.02,437.41,706.28,658.16
ENSG00010002794,GENE2795,991.64,1281.58,1048.20,1041.88,1274.01,735.21,1082.90,956.92
ENSG00010002795,GENE2796,7.87,7.79,6.93,7.04,5.29,6.70,6.22,6.27
ENSG00010002796,GENE2797,158.24,183.35,86.11,98.43,98.91,65.63,121.51,163.72
ENSG00010002797,GENE2798,300.87,331.58,295.45,453.06,2186.67,2368.66,2513.27,2395.47
ENSG00010002798,GENE2799,150.59,298.36,355.12,553.46,291.87,252.08,270.59,231.02
ENSG00010002799,GENE2800,9.46,10.46,8.08,10.26,7.74,11.34,5.60,9.21
ENSG00010002800,GENE2801,1806.37,1284.23,962.91,979.36,1418.29,1064.35,1066.67,1660.98
ENSG00010002801,GENE2802,1672.62,1562.05,1598.61,2406.45,1888.78,2227.34,2532.68,1775.92
ENSG00010002802,GENE2803,70.53,41.07,44.65,40.23,46.01,65.31,62.06,48.20
ENSG00010002803,GENE2804,6.24,6.86,4.41,6.42,23.55,31.51,44.43,20.23
ENSG00010002804,GENE2805,38.32,39.25,34.75,35.40,35.69,51.08,29.89,41.17
ENSG00010002805,GENE2806,4.61,4.52,8.87,6.80,6.18,5.11,6.42,4.60
ENSG00010002806,GENE2807,843.78,819.50,824.78,730.05,1090.39,884.81,958.13,706.32
ENSG00010002807,GENE2808,143.04,224.66,174.42,170.75,174.05,216.78,192.02,215.88
ENSG00010002808,GENE2809,50.57,31.81,60.45,61.25,55.18,43.03,44.60,34.30
ENSG00010002809,GENE2810,14.45,11.05,18.00,12.59,18.94,10.92,17.85,17.04
ENSG00010002810,GENE2811,21.05,26.36,42.56,28.93,37.07,40.52,39.30,53.31
ENSG00010002811,GENE2812,5.96,5.57,4.81,3.20,4.73,3.65,4.30,4.29
ENSG00010002812,GENE2813,1291.01,846.50,1254.00,1845.73,1001.74,1049.67,1022.06,1465.63
ENSG00010002813,GENE2814,376.50,576.80,461.58,591.76,2101.34,2484.88,1705.10,2053.85
ENSG00010002814,GENE2815,10.05,7.60,5.53,12.74,7.19,8.99,8.69,5.92
ENSG00010002815,GENE2816,167.56,121.71,131.18,145.09,208.40,158.03,176.51,152.08
ENSG00010002816,GENE2817,751.55,533.48,833.42,924.69,1057.64,495.46,901.53,1108.60
ENSG00010002817,GENE2818,1848.99,1395.17,1757.02,1381.00,1385.98,1075.31,1325.97,722.56
ENSG00010002818,GENE2819,48.29,63.70,53.42,89.85,44.22,31.14,47.73,38.03
ENSG00010002819,GENE2820,53.73,51.49,39.73,80.50,166.44,134.15,178.83,150.87
ENSG00010002820,GENE2821,16.74,28.31,16.22,23.01,28.17,17.97,17.28,19.09
ENSG00010002821,GENE2822,171.02,170.96,120.35,114.18,94.79,110.96,83.18,91.19
ENSG00010002822,GENE2823,326.11,492.78,568.34,495.85,386.11,495.51,415.05,797.94
ENSG00010002823,GENE2824,1891.78,2351.36,2045.54,1584.59,14348.59,24249.61,35773.84,27102.81
ENSG00010002824,GENE2825,15.06,25.16,13.82,17.29,14.25,9.83,25.10,31.50
ENSG00010002825,GENE2826,62.92,48.38,58.41,53.95,52.28,37.76,45.41,31.28
ENSG00010002826,GENE2827,35.60,21.32,37.15,35.52,35.28,26.47,26.37,26.37
ENSG00010002827,GENE2828,7.95,6.19,9.44,8.09,8.84,7.98,7.51,6.34
ENSG00010002828,GENE2829,184.58,191.81,254.68,169.16,202.50,293.81,204.32,236.27
ENSG00010002829,GENE2830,29.22,36.01,31.15,35.95,30.45,44.23,31.49,29.91
ENSG00010002830,GENE2831,711.70,423.21,856.34,360.93,435.52,1184.62,570.06,783.27
ENSG00010002831,GENE2832,1653.12,1483.11,1393.98,1233.12,1557.22,1384.57,1467.58,1505.97
ENSG00010002832,GENE2833,9.48,13.09,13.88,11.72,12.71,9.13,10.91,8.64
ENSG00010002833,GENE2834,712.13,1222.55,1012.12,1232.40,992.88,1044.39,1093.53,765.90
ENSG00010002834,GENE2835,3264.51,2374.36,2427.54,3161.59,8170.04,7902.23,14766.36,7944.83
ENSG00010002835,GENE2836,4.80,5.95,6.47,4.99,4.75,6.12,7.93,4.10
ENSG00010002836,GENE2837,3607.99,2819.36,3336.09,2512.14,2396.13,2281.88,3144.05,2389.41
ENSG00010002837,GENE2838,45.67,34.82,52.92,42.90,48.04,41.36,35.24,50.71
ENSG00010002838,GENE2839,169.03,162.62,108.99,96.59,148.70,156.85,110.10,211.16
ENSG00010002839,GENE2840,1044.98,1487.61,1322.73,1460.79,933.62,1578.21,1800.64,2057.39
ENSG00010002840,GENE2841,17.94,21.71,17.27,25.05,22.78,27.19,17.44,25.15
ENSG00010002841,GENE2842,4089.08,2939.05,3084.94,4163.21,6039.06,4889.76,2664.48,3813.86
ENSG00010002842,GENE2843,286.50,295.90,214.23,451.47,589.18,463.96,293.62,232.37
ENSG00010002843,GENE2844,365.29,533.33,351.01,455.67,328.06,355.14,455.08,431.23
ENSG00010002844,GENE2845,240.38,518.98,239.29,275.88,302.59,288.97,232.05,206.51
ENSG00010002845,GENE2846,799.19,1308.64,1158.15,880.92,1053.23,1388.16,809.52,609.02
ENSG00010002846,GENE2847,157.03,133.10,198.69,145.76,185.51,121.48,129.85,146.66
ENSG00010002847,GENE2848,84.98,87.46,98.01,111.90,95.89,68.99,98.82,100.91
ENSG00010002848,GENE2849,1498.53,2024.46,1817.50,2333.88,258.72,204.50,251.33,170.74
ENSG00010002849,GENE2850,43.30,19.34,41.47,42.71,42.29,37.23,30.91,47.26
ENSG00010002850,GENE2851,1040.91,1288.78,1209.89,1136.13,1543.80,1357.99,1104.20,1185.34
ENSG00010002851,GENE2852,73.11,116.44,81.77,112.96,58.98,71.53,90.76,58.75
ENSG00010002852,GENE2853,450.84,461.36,467.93,544.11,523.41,703.69,1045.97,601.95
ENSG00010002853,GENE2854,782.63,788.21,962.25,748.56,1061.74,701.32,626.39,673.53
ENSG00010002854,GENE2855,54.29,100.01,120.71,78.19,139.59,130.90,97.91,150.05
ENSG00010002855,GENE2856,560.51,287.29,261.36,387.87,305.07,278.31,438.97,384.11
ENSG00010002856,GENE2857,1842.79,2365.18,1131.73,2030.57,1980.46,2354.34,1948.35,1629.19
ENSG00010002857,GENE2858,151.83,87.79,104.88,163.08,106.75,179.78,134.13,144.00
ENSG00010002858,GENE2859,3490.20,4308.17,2554.28,2720.48,2334.06,2771.22,3860.98,2869.82
ENSG00010002859,GENE2860,3.25,3.73,3.33,3.32,4.05,4.95,6.74,5.99
ENSG00010002860,GENE2861,4.77,4.65,4.41,3.71,4.59,5.56,4.09,5.16
ENSG00010002861,GENE2862,1466.43,1988.89,2159.79,2959.55,1563.12,2487.88,2204.14,2401.25
ENSG00010002862,GENE2863,4.75,6.13,6.46,7.58,8.28,7.93,8.01,6.64
ENSG00010002863,GENE2864,9.17,11.65,5.41,6.96,7.57,4.47,4.75,5.63
ENSG00010002864,GENE2865,2604.60,3606.97,2821.56,3234.13,3086.09,2043.71,2751.86,2645.55
ENSG00010002865,GENE2866,36.61,55.99,51.09,47.46,58.27,40.25,46.99,59.33
ENSG00010002866,GENE2867,298.36,513.44,527.14,482.43,430.07,381.58,377.23,377.03
ENSG00010002867,GENE2868,12.66,8.74,15.68,15.10,14.42,12.87,18.81,12.34
ENSG00010002868,GENE2869,2451.16,3048.65,2059.94,2805.07,3115.52,3421.70,3238.40,3971.69
ENSG00010002869,GENE2870,17.70,17.40,11.12,16.54,11.89,17.28,20.27,12.87
ENSG00010002870,GENE2871,8.22,10.88,6.81,10.34,16.13,15.32,11.32,18.76
ENSG00010002871,GENE2872,4482.02,3072.63,3561.19,3330.24,1624.92,5471.10,2055.32,3507.03
ENSG00010002872,GENE2873,1124.04,1134.16,1117.31,1572.05,834.73,987.23,990.04,1051.35
ENSG00010002873,GENE2874,31.74,41.72,36.69,40.56,381.00,323.09,242.86,295.81
ENSG00010002874,GENE2875,1619.98,888.45,902.84,678.99,812.12,874.25,1156.51,887.43
ENSG00010002875,GENE2876,239.88,181.53,228.39,194.84,213.06,164.41,178.61,150.42
ENSG00010002876,GENE2877,942.78,1089.86,1134.45,928.22,1035.91,1966.70,892.75,917.34
ENSG00010002877,GENE2878,7.58,6.56,10.06,7.32,6.65,9.70,8.74,7.68
ENSG00010002878,GENE2879,132.11,107.52,166.46,125.45,137.60,150.91,217.67,124.61
ENSG00010002879,GENE2880,1889.34,2229.33,1072.00,1559.85,1550.04,1151.74,951.04,1218.64
ENSG00010002880,GENE2881,11.86,12.85,17.59,17.85,12.83,16.17,15.75,17.11
ENSG00010002881,GENE2882,15.34,13.31,11.46,11.31,119.68,130.18,131.13,112.37
ENSG00010002882,GENE2883,68.14,65.99,45.69,61.68,85.90,77.68,49.87,45.34
ENSG00010002883,GENE2884,980.00,2098.88,2025.47,1618.30,1833.24,2308.28,1946.14,1737.36
ENSG00010002884,GENE2885,37.79,32.46,38.11,22.67,36.68,26.80,35.18,35.89
ENSG00010002885,GENE2886,278.07,291.49,376.34,203.43,159.29,311.24,316.84,138.00
ENSG00010002886,GENE2887,12.38,13.67,19.21,13.05,17.39,15.96,15.91,10.94
ENSG00010002887,GENE2888,785.34,920.39,911.24,916.73,941.56,1404.11,764.26,776.72
ENSG00010002888,GENE2889,3686.77,3117.47,6309.16,6796.01,1792.66,2976.21,2960.75,3317.03
ENSG00010002889,GENE2890,1155.70,911.78,1196.47,801.13,953.49,773.08,1496.46,704.37
ENSG00010002890,GENE2891,182.51,227.13,264.34,153.07,249.90,236.82,245.89,223.67
ENSG00010002891,GENE2892,16.10,13.01,21.81,19.50,10.99,10.13,16.24,17.97
ENSG00010002892,GENE2893,4.49,11.84,9.49,6.26,6.87,7.78,8.34,7.32
ENSG00010002893,GENE2894,1254.88,728.70,850.32,699.80,348.00,695.18,793.05,968.31
ENSG00010002894,GENE2895,1007.63,1235.49,879.15,1035.73,1322.08,1606.38,761.09,865.54
ENSG00010002895,GENE2896,116.79,120.94,115.52,146.03,146.05,96.21,163.61,190.06
ENSG00010002896,GENE2897,1387.26,1847.51,1645.64,1185.38,3866.47,2953.93,2035.77,2715.69
ENSG00010002897,GENE2898,23.73,18.50,25.22,25.63,24.40,18.16,26.65,19.91
ENSG00010002898,GENE2899,735.81,715.60,678.02,677.27,556.19,455.86,577.25,631.33
ENSG00010002899,GENE2900,176.51,133.12,111.67,116.81,143.42,154.99,176.68,111.72
ENSG00010002900,GENE2901,2230.11,2208.30,2018.43,2769.07,1795.71,1754.23,1524.94,1240.02
ENSG00010002901,GENE2902,223.10,353.84,248.39,250.55,245.84,189.12,340.63,162.34
ENSG00010002902,GENE2903,444.98,275.76,341.79,335.97,379.02,363.20,574.67,304.04
ENSG00010002903,GENE2904,45.23,52.22,44.23,51.89,39.36,39.04,29.51,47.89
ENSG00010002904,GENE2905,7.15,8.34,6.60,5.63,7.00,6.35,8.12,7.70
ENSG00010002905,GENE2906,530.82,425.21,291.86,471.42,484.92,543.68,637.50,488.59
ENSG00010002906,GENE2907,280.66,243.06,333.95,184.70,366.94,193.59,276.72,196.26
ENSG00010002907,GENE2908,1487.05,1597.90,1260.18,1442.42,1092.14,1451.39,1696.33,1537.27
ENSG00010002908,GENE2909,7.88,9.55,11.67,15.20,10.06,7.70,6.21,8.46
ENSG00010002909,GENE2910,419.13,332.37,340.68,330.44,300.10,362.62,400.76,435.73
ENSG00010002910,GENE2911,371.49,328.41,334.22,421.35,429.43,510.73,322.81,187.58
ENSG00010002911,GENE2912,8.31,4.97,5.04,3.38,5.17,5.52,5.18,6.22
ENSG00010002912,GENE2913,12.22,10.62,8.32,15.91,11.50,12.60,13.47,14.91
ENSG00010002913,GENE2914,168.11,127.79,112.27,134.76,148.66,187.35,134.58,144.17
ENSG00010002914,GENE2915,2646.30,4793.00,2808.30,3069.91,6250.96,2493.01,5322.91,3431.44
ENSG00010002915,GENE2916,16.22,20.24,10.69,11.60,18.53,17.79,16.31,18.51
ENSG00010002916,GENE2917,567.37,892.37,603.32,564.97,514.67,518.38,502.05,517.33
ENSG00010002917,GENE2918,8.59,6.44,11.97,12.44,6.95,7.21,8.17,10.57
ENSG00010002918,GENE2919,1202.41,1386.45,1183.73,1355.30,1161.40,1356.74,1410.09,1475.66
ENSG00010002919,GENE2920,3857.26,2255.45,2913.72,2194.70,2171.58,2728.06,1440.80,2053.28
ENSG00010002920,GENE2921,186.54,170.37,193.68,171.06,186.74,189.07,291.33,334.66
ENSG00010002921,GENE2922,15.39,17.16,11.91,16.45,27.37,21.29,8.36,9.13
ENSG00010002922,GENE2923,7.33,10.54,8.91,11.64,7.93,9.93,6.52,8.89
ENSG00010002923,GENE2924,727.07,735.27,523.63,923.92,289.11,391.17,333.92,384.03
ENSG00010002924,GENE2925,121.60,120.00,109.84,93.08,97.65,51.69,80.64,95.98
ENSG00010002925,GENE2926,273.86,254.47,322.55,435.17,34.97,41.72,52.10,49.23
ENSG00010002926,GENE2927,1174.14,1565.22,1118.44,1344.99,1899.46,1372.55,1021.77,1833.37
ENSG00010002927,GENE2928,3560.88,4386.03,2862.92,2701.98,3561.04,4397.63,2219.25,3290.40
ENSG00010002928,GENE2929,664.93,547.82,465.86,588.74,672.76,775.50,488.40,596.70
ENSG00010002929,GENE2930,5.72,4.69,7.52,4.19,32.10,39.23,23.69,32.23
ENSG00010002930,GENE2931,15.46,16.27,13.15,15.41,1.81,1.70,1.56,1.30
ENSG00010002931,GENE2932,8.20,12.16,11.90,8.74,16.12,15.21,10.45,15.84
ENSG00010002932,GENE2933,6.79,10.51,6.93,8.61,5.33,5.90,5.05,7.36
ENSG00010002933,GENE2934,71.83,43.97,55.38,61.77,95.84,56.25,75.27,56.16
ENSG00010002934,GENE2935,383.02,616.34,318.97,370.05,304.59,199.07,311.05,295.74
ENSG00010002935,GENE2936,10.15,13.14,6.40,12.28,6.73,14.42,8.50,16.57
ENSG00010002936,GENE2937,7.97,2.80,4.59,5.49,7.01,4.29,6.28,3.85
ENSG00010002937,GENE2938,26.31,29.71,34.64,34.92,3.32,3.21,4.28,3.46
ENSG00010002938,GENE2939,85.48,137.61,108.36,88.62,117.63,114.56,116.69,57.46
ENSG00010002939,GENE2940,7.79,6.95,6.25,10.50,56.71,74.35,51.13,74.43
ENSG00010002940,GENE2941,939.69,1420.89,715.50,967.53,650.60,521.12,955.89,991.07
ENSG00010002941,GENE2942,2007.37,1683.75,1222.87,1307.95,3144.65,1870.79,894.33,1722.49
ENSG00010002942,GENE2943,6809.88,2473.77,4675.93,2742.05,623.84,375.63,377.49,284.95
ENSG00010002943,GENE2944,36.64,37.28,28.37,36.61,30.10,31.07,44.27,35.72
ENSG00010002944,GENE2945,6.04,3.47,4.89,5.84,2.84,4.78,4.77,4.59
ENSG00010002945,GENE2946,1018.38,1051.45,673.93,764.24,941.71,762.77,1385.91,1161.00
ENSG00010002946,GENE2947,2098.66,1393.13,1701.02,1207.97,706.08,1414.72,1056.78,1439.55
ENSG00010002947,GENE2948,530.43,491.02,507.14,576.05,445.67,405.25,435.85,389.32
ENSG00010002948,GENE2949,280.00,255.70,229.57,207.58,151.76,161.52,254.78,179.14
ENSG00010002949,GENE2950,1530.26,2453.88,1945.15,1989.73,835.47,2434.54,2229.66,1359.36
ENSG00010002950,GENE2951,165.89,143.08,188.48,92.96,162.66,208.27,146.84,113.77
ENSG00010002951,GENE2952,8.91,10.06,9.32,14.59,15.76,12.38,13.09,15.03
ENSG00010002952,GENE2953,10.97,6.95,4.53,6.16,8.72,9.05,11.85,10.00
ENSG00010002953,GENE2954,1251.82,912.38,1400.42,1854.19,1048.74,1254.96,824.14,2102.27
ENSG00010002954,GENE2955,16.28,16.89,9.82,13.42,23.69,12.01,16.47,13.92
ENSG00010002955,GENE2956,377.46,554.92,628.88,332.66,463.16,323.42,290.18,354.89
ENSG00010002956,GENE2957,3339.10,5752.76,4501.51,4012.72,4489.55,6421.04,5042.38,2946.48
ENSG00010002957,GENE2958,410.46,429.56,576.74,528.29,475.00,384.98,361.41,443.76
ENSG00010002958,GENE2959,884.24,808.22,797.84,652.67,112.68,120.15,141.66,160.16
ENSG00010002959,GENE2960,83.53,78.15,66.54,84.94,167.04,83.05,121.16,184.02
ENSG00010002960,GENE2961,3282.57,2477.76,2035.26,2077.12,2878.56,3695.79,2375.50,2688.28
ENSG00010002961,GENE2962,5.37,4.82,4.94,3.55,8.27,5.11,4.54,5.17
ENSG00010002962,GENE2963,1984.16,2698.54,2651.44,2951.76,3110.95,3692.65,2323.49,3012.18
ENSG00010002963,GENE2964,34.72,27.22,30.71,46.25,8.86,4.12,10.51,5.67
ENSG00010002964,GENE2965,4.34,7.44,6.71,4.93,4.31,3.81,3.34,4.84
ENSG00010002965,GENE2966,57.61,78.32,62.07,54.40,58.19,37.70,64.62,45.72
ENSG00010002966,GENE2967,762.68,1199.57,1136.63,1091.96,1224.44,750.30,885.97,1228.49
ENSG00010002967,GENE2968,13.17,18.06,13.29,13.36,15.73,10.00,12.65,8.90
ENSG00010002968,GENE2969,44.69,42.34,32.78,39.45,30.77,33.66,39.82,34.12
ENSG00010002969,GENE2970,849.03,1435.99,680.44,545.72,100.93,190.46,122.92,149.39
ENSG00010002970,GENE2971,1086.19,1633.00,857.46,1096.47,1458.54,1771.51,1261.00,816.41
ENSG00010002971,GENE2972,534.94,478.59,501.03,422.18,535.98,554.38,715.06,595.81
ENSG00010002972,GENE2973,6.60,3.50,5.35,5.36,5.25,5.65,6.95,3.84
ENSG00010002973,GENE2974,449.06,240.63,402.45,353.83,738.46,379.51,452.51,533.83
ENSG00010002974,GENE2975,6.66,6.36,6.54,3.85,3.79,4.51,6.44,4.17
ENSG00010002975,GENE2976,464.65,217.87,319.75,259.74,385.19,277.34,208.99,181.03
ENSG00010002976,GENE2977,276.53,275.98,219.93,207.90,195.52,280.20,377.67,156.88
ENSG00010002977,GENE2978,11.17,14.38,18.59,17.78,11.63,12.98,10.53,7.88
ENSG00010002978,GENE2979,148.55,167.93,136.25,128.75,272.25,221.47,259.83,250.43
ENSG00010002979,GENE2980,1425.66,1351.92,1395.69,1133.32,1599.64,1035.18,1467.04,943.42
ENSG00010002980,GENE2981,91.64,77.53,72.66,113.44,59.96,146.67,91.13,111.61
ENSG00010002981,GENE2982,367.35,577.06,423.58,453.92,272.40,391.78,463.30,310.38
ENSG00010002982,GENE2983,6.09,4.79,5.25,6.62,8.81,6.36,6.51,5.25
ENSG00010002983,GENE2984,21.56,17.46,16.18,16.02,11.93,29.98,21.80,15.49
ENSG00010002984,GENE2985,10.65,11.86,10.99,9.50,6.47,8.04,9.25,8.18
ENSG00010002985,GENE2986,765.00,1545.78,1163.29,1235.00,1272.10,1847.37,1533.88,1182.60
ENSG00010002986,GENE2987,163.26,176.85,174.26,156.64,92.51,105.88,167.07,93.84
ENSG00010002987,GENE2988,3956.23,3269.47,3056.06,2115.10,3136.16,3535.20,2607.84,4414.29
ENSG00010002988,GENE2989,48.50,49.66,35.25,36.55,48.02,58.62,32.71,57.62
ENSG00010002989,GENE2990,216.13,158.80,128.21,214.02,93.33,118.94,151.84,189.54
ENSG00010002990,GENE2991,46.27,52.25,49.84,40.82,74.31,58.27,31.12,54.72
ENSG00010002991,GENE2992,128.26,105.83,85.21,78.43,60.56,70.16,90.85,86.52
ENSG00010002992,GENE2993,9.03,10.96,10.84,10.53,13.19,14.40,18.36,14.10
ENSG00010002993,GENE2994,42.25,39.30,39.11,41.98,22.80,33.07,27.10,51.04
ENSG00010002994,GENE2995,1748.94,857.36,2664.62,1460.28,2452.29,1579.58,2056.44,3141.30
ENSG00010002995,GENE2996,2480.64,2099.67,2295.29,1966.46,1769.43,2321.81,1269.99,1695.91
ENSG00010002996,GENE2997,33.42,36.19,30.55,49.73,30.55,49.70,38.01,45.40
ENSG00010002997,GENE2998,122.19,162.48,209.75,87.99,130.65,189.41,137.50,84.16
ENSG00010002998,GENE2999,19.91,13.60,24.37,21.30,21.13,28.83,22.27,18.75
ENSG00010002999,GENE3000,247.68,204.80,163.49,146.76,127.87,167.22,143.23,189.34
